id,character,default_instruct_ja,attack_instruct_ja,ultimate_instruct_ja,hurt_instruct_ja,death_instruct_ja
godie-e001,龍宮禮奈,成人の中程度の声。音量は大きく変化させる。語速は標準で、息を自然に保つ。不要なかすれは加えない。冷淡にしすぎない、誇張は必要な場面だけにする。甘く可憐な表情から、急に低く狂気を帯びるL5らしい落差を明瞭に出す。平常時は設定された性格を自然に保つ。特定の声優・俳優・実在人物本人の声を模倣しない。,成人の中程度の声。音量は大きく変化させる。語速は標準で、息を自然に保つ。不要なかすれは加えない。冷淡にしすぎない、誇張は必要な場面だけにする。甘く可憐な表情から、急に低く狂気を帯びるL5らしい落差を明瞭に出す。攻撃時は語頭を鋭くし、息を短く押し出して音量と緊張を一段上げる。特定の声優・俳優・実在人物本人の声を模倣しない。,成人の中程度の声。音量は大きく変化させる。語速は標準で、息を自然に保つ。不要なかすれは加えない。冷淡にしすぎない、誇張は必要な場面だけにする。甘く可憐な表情から、急に低く狂気を帯びるL5らしい落差を明瞭に出す。必殺技では呼吸を一度溜め、音高・音量・感情の振れ幅を最大にする。特定の声優・俳優・実在人物本人の声を模倣しない。,成人の中程度の声。音量は大きく変化させる。語速は標準で、息を自然に保つ。不要なかすれは加えない。冷淡にしすぎない、誇張は必要な場面だけにする。甘く可憐な表情から、急に低く狂気を帯びるL5らしい落差を明瞭に出す。負傷時は息が崩れる瞬間と痛みの反射を入れ、長く演じすぎない。特定の声優・俳優・実在人物本人の声を模倣しない。,成人の中程度の声。音量は大きく変化させる。語速は標準で、息を自然に保つ。不要なかすれは加えない。冷淡にしすぎない、誇張は必要な場面だけにする。甘く可憐な表情から、急に低く狂気を帯びるL5らしい落差を明瞭に出す。死亡時は力が抜けていく呼吸と感情の終止を示し、余韻を残す。特定の声優・俳優・実在人物本人の声を模倣しない。
godie-e002,Saber,成人の低めの声。音量は中程度に抑える。語速は標準で、息を自然に保つ。不要なかすれは加えない。冷淡にしすぎない、誇張は必要な場面だけにする。端正で抑制された王者の威厳を保ち、弱々しくしない。平常時は設定された性格を自然に保つ。特定の声優・俳優・実在人物本人の声を模倣しない。,成人の低めの声。音量は中程度に抑える。語速は標準で、息を自然に保つ。不要なかすれは加えない。冷淡にしすぎない、誇張は必要な場面だけにする。端正で抑制された王者の威厳を保ち、弱々しくしない。攻撃時は語頭を鋭くし、息を短く押し出して音量と緊張を一段上げる。特定の声優・俳優・実在人物本人の声を模倣しない。,成人の低めの声。音量は中程度に抑える。語速は標準で、息を自然に保つ。不要なかすれは加えない。冷淡にしすぎない、誇張は必要な場面だけにする。端正で抑制された王者の威厳を保ち、弱々しくしない。必殺技では呼吸を一度溜め、音高・音量・感情の振れ幅を最大にする。特定の声優・俳優・実在人物本人の声を模倣しない。,成人の低めの声。音量は中程度に抑える。語速は標準で、息を自然に保つ。不要なかすれは加えない。冷淡にしすぎない、誇張は必要な場面だけにする。端正で抑制された王者の威厳を保ち、弱々しくしない。負傷時は息が崩れる瞬間と痛みの反射を入れ、長く演じすぎない。特定の声優・俳優・実在人物本人の声を模倣しない。,成人の低めの声。音量は中程度に抑える。語速は標準で、息を自然に保つ。不要なかすれは加えない。冷淡にしすぎない、誇張は必要な場面だけにする。端正で抑制された王者の威厳を保ち、弱々しくしない。死亡時は力が抜けていく呼吸と感情の終止を示し、余韻を残す。特定の声優・俳優・実在人物本人の声を模倣しない。
godie-e007,天地志狼,少年・少女の中程度の声。音量は大きく変化させる。語速は速めで、息を自然に保つ。不要なかすれは加えない。冷淡にしすぎない、誇張は必要な場面だけにする。若い古代戦士らしく機敏に爆発させ、重厚な武将声にはしない。平常時は設定された性格を自然に保つ。特定の声優・俳優・実在人物本人の声を模倣しない。,少年・少女の中程度の声。音量は大きく変化させる。語速は速めで、息を自然に保つ。不要なかすれは加えない。冷淡にしすぎない、誇張は必要な場面だけにする。若い古代戦士らしく機敏に爆発させ、重厚な武将声にはしない。攻撃時は語頭を鋭くし、息を短く押し出して音量と緊張を一段上げる。特定の声優・俳優・実在人物本人の声を模倣しない。,少年・少女の中程度の声。音量は大きく変化させる。語速は速めで、息を自然に保つ。不要なかすれは加えない。冷淡にしすぎない、誇張は必要な場面だけにする。若い古代戦士らしく機敏に爆発させ、重厚な武将声にはしない。必殺技では呼吸を一度溜め、音高・音量・感情の振れ幅を最大にする。特定の声優・俳優・実在人物本人の声を模倣しない。,少年・少女の中程度の声。音量は大きく変化させる。語速は速めで、息を自然に保つ。不要なかすれは加えない。冷淡にしすぎない、誇張は必要な場面だけにする。若い古代戦士らしく機敏に爆発させ、重厚な武将声にはしない。負傷時は息が崩れる瞬間と痛みの反射を入れ、長く演じすぎない。特定の声優・俳優・実在人物本人の声を模倣しない。,少年・少女の中程度の声。音量は大きく変化させる。語速は速めで、息を自然に保つ。不要なかすれは加えない。冷淡にしすぎない、誇張は必要な場面だけにする。若い古代戦士らしく機敏に爆発させ、重厚な武将声にはしない。死亡時は力が抜けていく呼吸と感情の終止を示し、余韻を残す。特定の声優・俳優・実在人物本人の声を模倣しない。
godie-e008,夏娜,少年・少女の高めの声。音量は中程度に抑える。語速は速めで、息を自然に保つ。不要なかすれは加えない。冷淡にしすぎない、誇張は必要な場面だけにする。鋭い短句を畳みかけ、連続する怒りの爆発を鮮明にする。平常時は設定された性格を自然に保つ。特定の声優・俳優・実在人物本人の声を模倣しない。,少年・少女の高めの声。音量は中程度に抑える。語速は速めで、息を自然に保つ。不要なかすれは加えない。冷淡にしすぎない、誇張は必要な場面だけにする。鋭い短句を畳みかけ、連続する怒りの爆発を鮮明にする。攻撃時は語頭を鋭くし、息を短く押し出して音量と緊張を一段上げる。特定の声優・俳優・実在人物本人の声を模倣しない。,少年・少女の高めの声。音量は中程度に抑える。語速は速めで、息を自然に保つ。不要なかすれは加えない。冷淡にしすぎない、誇張は必要な場面だけにする。鋭い短句を畳みかけ、連続する怒りの爆発を鮮明にする。必殺技では呼吸を一度溜め、音高・音量・感情の振れ幅を最大にする。特定の声優・俳優・実在人物本人の声を模倣しない。,少年・少女の高めの声。音量は中程度に抑える。語速は速めで、息を自然に保つ。不要なかすれは加えない。冷淡にしすぎない、誇張は必要な場面だけにする。鋭い短句を畳みかけ、連続する怒りの爆発を鮮明にする。負傷時は息が崩れる瞬間と痛みの反射を入れ、長く演じすぎない。特定の声優・俳優・実在人物本人の声を模倣しない。,少年・少女の高めの声。音量は中程度に抑える。語速は速めで、息を自然に保つ。不要なかすれは加えない。冷淡にしすぎない、誇張は必要な場面だけにする。鋭い短句を畳みかけ、連続する怒りの爆発を鮮明にする。死亡時は力が抜けていく呼吸と感情の終止を示し、余韻を残す。特定の声優・俳優・実在人物本人の声を模倣しない。
godie-e00k,安云,成人の低めの声。音量は中程度に抑える。語速は標準で、息を自然に保つ。不要なかすれは加えない。冷淡さを明確に出す、誇張は必要な場面だけにする。少女らしい柔らかさと清冷な抑制を保ち、戦闘では短く果断に切り替える。平常時は設定された性格を自然に保つ。特定の声優・俳優・実在人物本人の声を模倣しない。,成人の低めの声。音量は中程度に抑える。語速は標準で、息を自然に保つ。不要なかすれは加えない。冷淡さを明確に出す、誇張は必要な場面だけにする。少女らしい柔らかさと清冷な抑制を保ち、戦闘では短く果断に切り替える。攻撃時は語頭を鋭くし、息を短く押し出して音量と緊張を一段上げる。特定の声優・俳優・実在人物本人の声を模倣しない。,成人の低めの声。音量は中程度に抑える。語速は標準で、息を自然に保つ。不要なかすれは加えない。冷淡さを明確に出す、誇張は必要な場面だけにする。少女らしい柔らかさと清冷な抑制を保ち、戦闘では短く果断に切り替える。必殺技では呼吸を一度溜め、音高・音量・感情の振れ幅を最大にする。特定の声優・俳優・実在人物本人の声を模倣しない。,成人の低めの声。音量は中程度に抑える。語速は標準で、息を自然に保つ。不要なかすれは加えない。冷淡さを明確に出す、誇張は必要な場面だけにする。少女らしい柔らかさと清冷な抑制を保ち、戦闘では短く果断に切り替える。負傷時は息が崩れる瞬間と痛みの反射を入れ、長く演じすぎない。特定の声優・俳優・実在人物本人の声を模倣しない。,成人の低めの声。音量は中程度に抑える。語速は標準で、息を自然に保つ。不要なかすれは加えない。冷淡さを明確に出す、誇張は必要な場面だけにする。少女らしい柔らかさと清冷な抑制を保ち、戦闘では短く果断に切り替える。死亡時は力が抜けていく呼吸と感情の終止を示し、余韻を残す。特定の声優・俳優・実在人物本人の声を模倣しない。
godie-e00r,初號機,年齢を感じさせない非人間の中程度の声。音量は大きく変化させる。語速は標準で、呼吸音を表現の中心にする。軽いかすれを残す。冷淡にしすぎない、誇張を大きく使う。台詞読みを避け、獣の咆哮、痛い絶叫、荒い息と機械共鳴で構成する。平常時は設定された性格を自然に保つ。特定の声優・俳優・実在人物本人の声を模倣しない。,年齢を感じさせない非人間の中程度の声。音量は大きく変化させる。語速は標準で、呼吸音を表現の中心にする。軽いかすれを残す。冷淡にしすぎない、誇張を大きく使う。台詞読みを避け、獣の咆哮、痛い絶叫、荒い息と機械共鳴で構成する。攻撃時は語頭を鋭くし、息を短く押し出して音量と緊張を一段上げる。特定の声優・俳優・実在人物本人の声を模倣しない。,年齢を感じさせない非人間の中程度の声。音量は大きく変化させる。語速は標準で、呼吸音を表現の中心にする。軽いかすれを残す。冷淡にしすぎない、誇張を大きく使う。台詞読みを避け、獣の咆哮、痛い絶叫、荒い息と機械共鳴で構成する。必殺技では呼吸を一度溜め、音高・音量・感情の振れ幅を最大にする。特定の声優・俳優・実在人物本人の声を模倣しない。,年齢を感じさせない非人間の中程度の声。音量は大きく変化させる。語速は標準で、呼吸音を表現の中心にする。軽いかすれを残す。冷淡にしすぎない、誇張を大きく使う。台詞読みを避け、獣の咆哮、痛い絶叫、荒い息と機械共鳴で構成する。負傷時は息が崩れる瞬間と痛みの反射を入れ、長く演じすぎない。特定の声優・俳優・実在人物本人の声を模倣しない。,年齢を感じさせない非人間の中程度の声。音量は大きく変化させる。語速は標準で、呼吸音を表現の中心にする。軽いかすれを残す。冷淡にしすぎない、誇張を大きく使う。台詞読みを避け、獣の咆哮、痛い絶叫、荒い息と機械共鳴で構成する。死亡時は力が抜けていく呼吸と感情の終止を示し、余韻を残す。特定の声優・俳優・実在人物本人の声を模倣しない。
godie-e00w,櫻綻剎那,成人の中程度の声。音量は中程度に抑える。語速は標準で、息を自然に保つ。不要なかすれは加えない。冷淡にしすぎない、誇張は必要な場面だけにする。普段は礼儀正しく真面目に、戦闘では若い剣士の緊張を一気に上げる。平常時は設定された性格を自然に保つ。特定の声優・俳優・実在人物本人の声を模倣しない。,成人の中程度の声。音量は中程度に抑える。語速は標準で、息を自然に保つ。不要なかすれは加えない。冷淡にしすぎない、誇張は必要な場面だけにする。普段は礼儀正しく真面目に、戦闘では若い剣士の緊張を一気に上げる。攻撃時は語頭を鋭くし、息を短く押し出して音量と緊張を一段上げる。特定の声優・俳優・実在人物本人の声を模倣しない。,成人の中程度の声。音量は中程度に抑える。語速は標準で、息を自然に保つ。不要なかすれは加えない。冷淡にしすぎない、誇張は必要な場面だけにする。普段は礼儀正しく真面目に、戦闘では若い剣士の緊張を一気に上げる。必殺技では呼吸を一度溜め、音高・音量・感情の振れ幅を最大にする。特定の声優・俳優・実在人物本人の声を模倣しない。,成人の中程度の声。音量は中程度に抑える。語速は標準で、息を自然に保つ。不要なかすれは加えない。冷淡にしすぎない、誇張は必要な場面だけにする。普段は礼儀正しく真面目に、戦闘では若い剣士の緊張を一気に上げる。負傷時は息が崩れる瞬間と痛みの反射を入れ、長く演じすぎない。特定の声優・俳優・実在人物本人の声を模倣しない。,成人の中程度の声。音量は中程度に抑える。語速は標準で、息を自然に保つ。不要なかすれは加えない。冷淡にしすぎない、誇張は必要な場面だけにする。普段は礼儀正しく真面目に、戦闘では若い剣士の緊張を一気に上げる。死亡時は力が抜けていく呼吸と感情の終止を示し、余韻を残す。特定の声優・俳優・実在人物本人の声を模倣しない。
godie-edem,宇智波佐助,少年・少女の中程度の声。音量は中程度に抑える。語速は標準で、息を自然に保つ。不要なかすれは加えない。冷淡さを明確に出す、誇張は必要な場面だけにする。鼻腔に響く短い言葉で、怒りを外へ散らさず内側に押し込める。平常時は設定された性格を自然に保つ。特定の声優・俳優・実在人物本人の声を模倣しない。,少年・少女の中程度の声。音量は中程度に抑える。語速は標準で、息を自然に保つ。不要なかすれは加えない。冷淡さを明確に出す、誇張は必要な場面だけにする。鼻腔に響く短い言葉で、怒りを外へ散らさず内側に押し込める。攻撃時は語頭を鋭くし、息を短く押し出して音量と緊張を一段上げる。特定の声優・俳優・実在人物本人の声を模倣しない。,少年・少女の中程度の声。音量は中程度に抑える。語速は標準で、息を自然に保つ。不要なかすれは加えない。冷淡さを明確に出す、誇張は必要な場面だけにする。鼻腔に響く短い言葉で、怒りを外へ散らさず内側に押し込める。必殺技では呼吸を一度溜め、音高・音量・感情の振れ幅を最大にする。特定の声優・俳優・実在人物本人の声を模倣しない。,少年・少女の中程度の声。音量は中程度に抑える。語速は標準で、息を自然に保つ。不要なかすれは加えない。冷淡さを明確に出す、誇張は必要な場面だけにする。鼻腔に響く短い言葉で、怒りを外へ散らさず内側に押し込める。負傷時は息が崩れる瞬間と痛みの反射を入れ、長く演じすぎない。特定の声優・俳優・実在人物本人の声を模倣しない。,少年・少女の中程度の声。音量は中程度に抑える。語速は標準で、息を自然に保つ。不要なかすれは加えない。冷淡さを明確に出す、誇張は必要な場面だけにする。鼻腔に響く短い言葉で、怒りを外へ散らさず内側に押し込める。死亡時は力が抜けていく呼吸と感情の終止を示し、余韻を残す。特定の声優・俳優・実在人物本人の声を模倣しない。
godie-emfr,涅吉,子供の高めの声。音量は中程度に抑える。語速は標準で、息を自然に保つ。不要なかすれは加えない。冷淡にしすぎない、誇張は必要な場面だけにする。澄んだ少年らしい真面目さと少しの緊張を持ち、詠唱で急に集中を高める。平常時は設定された性格を自然に保つ。特定の声優・俳優・実在人物本人の声を模倣しない。,子供の高めの声。音量は中程度に抑える。語速は標準で、息を自然に保つ。不要なかすれは加えない。冷淡にしすぎない、誇張は必要な場面だけにする。澄んだ少年らしい真面目さと少しの緊張を持ち、詠唱で急に集中を高める。攻撃時は語頭を鋭くし、息を短く押し出して音量と緊張を一段上げる。特定の声優・俳優・実在人物本人の声を模倣しない。,子供の高めの声。音量は中程度に抑える。語速は標準で、息を自然に保つ。不要なかすれは加えない。冷淡にしすぎない、誇張は必要な場面だけにする。澄んだ少年らしい真面目さと少しの緊張を持ち、詠唱で急に集中を高める。必殺技では呼吸を一度溜め、音高・音量・感情の振れ幅を最大にする。特定の声優・俳優・実在人物本人の声を模倣しない。,子供の高めの声。音量は中程度に抑える。語速は標準で、息を自然に保つ。不要なかすれは加えない。冷淡にしすぎない、誇張は必要な場面だけにする。澄んだ少年らしい真面目さと少しの緊張を持ち、詠唱で急に集中を高める。負傷時は息が崩れる瞬間と痛みの反射を入れ、長く演じすぎない。特定の声優・俳優・実在人物本人の声を模倣しない。,子供の高めの声。音量は中程度に抑える。語速は標準で、息を自然に保つ。不要なかすれは加えない。冷淡にしすぎない、誇張は必要な場面だけにする。澄んだ少年らしい真面目さと少しの緊張を持ち、詠唱で急に集中を高める。死亡時は力が抜けていく呼吸と感情の終止を示し、余韻を残す。特定の声優・俳優・実在人物本人の声を模倣しない。
godie-emns,夜神月,成人の中程度の声。音量は大きく変化させる。語速は標準で、息を自然に保つ。不要なかすれは加えない。冷淡にしすぎない、誇張を大きく使う。冷静な推理から制御不能な高笑いへ、極端な落差を作る。平常時は設定された性格を自然に保つ。特定の声優・俳優・実在人物本人の声を模倣しない。,成人の中程度の声。音量は大きく変化させる。語速は標準で、息を自然に保つ。不要なかすれは加えない。冷淡にしすぎない、誇張を大きく使う。冷静な推理から制御不能な高笑いへ、極端な落差を作る。攻撃時は語頭を鋭くし、息を短く押し出して音量と緊張を一段上げる。特定の声優・俳優・実在人物本人の声を模倣しない。,成人の中程度の声。音量は大きく変化させる。語速は標準で、息を自然に保つ。不要なかすれは加えない。冷淡にしすぎない、誇張を大きく使う。冷静な推理から制御不能な高笑いへ、極端な落差を作る。必殺技では呼吸を一度溜め、音高・音量・感情の振れ幅を最大にする。特定の声優・俳優・実在人物本人の声を模倣しない。,成人の中程度の声。音量は大きく変化させる。語速は標準で、息を自然に保つ。不要なかすれは加えない。冷淡にしすぎない、誇張を大きく使う。冷静な推理から制御不能な高笑いへ、極端な落差を作る。負傷時は息が崩れる瞬間と痛みの反射を入れ、長く演じすぎない。特定の声優・俳優・実在人物本人の声を模倣しない。,成人の中程度の声。音量は大きく変化させる。語速は標準で、息を自然に保つ。不要なかすれは加えない。冷淡にしすぎない、誇張を大きく使う。冷静な推理から制御不能な高笑いへ、極端な落差を作る。死亡時は力が抜けていく呼吸と感情の終止を示し、余韻を残す。特定の声優・俳優・実在人物本人の声を模倣しない。
godie-etyr,木乃香,成人の中程度の声。音量は中程度に抑える。語速は標準で、息を自然に保つ。不要なかすれは加えない。冷淡にしすぎない、誇張は必要な場面だけにする。温かく柔らかく、関西らしい親しみをほのかに出し、甲高く叫ばない。平常時は設定された性格を自然に保つ。特定の声優・俳優・実在人物本人の声を模倣しない。,成人の中程度の声。音量は中程度に抑える。語速は標準で、息を自然に保つ。不要なかすれは加えない。冷淡にしすぎない、誇張は必要な場面だけにする。温かく柔らかく、関西らしい親しみをほのかに出し、甲高く叫ばない。攻撃時は語頭を鋭くし、息を短く押し出して音量と緊張を一段上げる。特定の声優・俳優・実在人物本人の声を模倣しない。,成人の中程度の声。音量は中程度に抑える。語速は標準で、息を自然に保つ。不要なかすれは加えない。冷淡にしすぎない、誇張は必要な場面だけにする。温かく柔らかく、関西らしい親しみをほのかに出し、甲高く叫ばない。必殺技では呼吸を一度溜め、音高・音量・感情の振れ幅を最大にする。特定の声優・俳優・実在人物本人の声を模倣しない。,成人の中程度の声。音量は中程度に抑える。語速は標準で、息を自然に保つ。不要なかすれは加えない。冷淡にしすぎない、誇張は必要な場面だけにする。温かく柔らかく、関西らしい親しみをほのかに出し、甲高く叫ばない。負傷時は息が崩れる瞬間と痛みの反射を入れ、長く演じすぎない。特定の声優・俳優・実在人物本人の声を模倣しない。,成人の中程度の声。音量は中程度に抑える。語速は標準で、息を自然に保つ。不要なかすれは加えない。冷淡にしすぎない、誇張は必要な場面だけにする。温かく柔らかく、関西らしい親しみをほのかに出し、甲高く叫ばない。死亡時は力が抜けていく呼吸と感情の終止を示し、余韻を残す。特定の声優・俳優・実在人物本人の声を模倣しない。
godie-h00l,林克,少年・少女の中程度の声。音量は中程度に抑える。語速は標準で、呼吸音を表現の中心にする。不要なかすれは加えない。冷淡にしすぎない、誇張は必要な場面だけにする。完全な台詞は使わず、剣撃、負傷、溜め、短い掛け声だけにする。平常時は設定された性格を自然に保つ。特定の声優・俳優・実在人物本人の声を模倣しない。,少年・少女の中程度の声。音量は中程度に抑える。語速は標準で、呼吸音を表現の中心にする。不要なかすれは加えない。冷淡にしすぎない、誇張は必要な場面だけにする。完全な台詞は使わず、剣撃、負傷、溜め、短い掛け声だけにする。攻撃時は語頭を鋭くし、息を短く押し出して音量と緊張を一段上げる。特定の声優・俳優・実在人物本人の声を模倣しない。,少年・少女の中程度の声。音量は中程度に抑える。語速は標準で、呼吸音を表現の中心にする。不要なかすれは加えない。冷淡にしすぎない、誇張は必要な場面だけにする。完全な台詞は使わず、剣撃、負傷、溜め、短い掛け声だけにする。必殺技では呼吸を一度溜め、音高・音量・感情の振れ幅を最大にする。特定の声優・俳優・実在人物本人の声を模倣しない。,少年・少女の中程度の声。音量は中程度に抑える。語速は標準で、呼吸音を表現の中心にする。不要なかすれは加えない。冷淡にしすぎない、誇張は必要な場面だけにする。完全な台詞は使わず、剣撃、負傷、溜め、短い掛け声だけにする。負傷時は息が崩れる瞬間と痛みの反射を入れ、長く演じすぎない。特定の声優・俳優・実在人物本人の声を模倣しない。,少年・少女の中程度の声。音量は中程度に抑える。語速は標準で、呼吸音を表現の中心にする。不要なかすれは加えない。冷淡にしすぎない、誇張は必要な場面だけにする。完全な台詞は使わず、剣撃、負傷、溜め、短い掛け声だけにする。死亡時は力が抜けていく呼吸と感情の終止を示し、余韻を残す。特定の声優・俳優・実在人物本人の声を模倣しない。
godie-h01n,黑崎一護,少年・少女の中程度の声。音量は中程度に抑える。語速は標準で、息を自然に保つ。軽いかすれを残す。冷淡にしすぎない、誇張は必要な場面だけにする。自然なざらつきを残し、長い必殺技の叫びに向けて熱を上げる。平常時は設定された性格を自然に保つ。特定の声優・俳優・実在人物本人の声を模倣しない。,少年・少女の中程度の声。音量は中程度に抑える。語速は標準で、息を自然に保つ。軽いかすれを残す。冷淡にしすぎない、誇張は必要な場面だけにする。自然なざらつきを残し、長い必殺技の叫びに向けて熱を上げる。攻撃時は語頭を鋭くし、息を短く押し出して音量と緊張を一段上げる。特定の声優・俳優・実在人物本人の声を模倣しない。,少年・少女の中程度の声。音量は中程度に抑える。語速は標準で、息を自然に保つ。軽いかすれを残す。冷淡にしすぎない、誇張は必要な場面だけにする。自然なざらつきを残し、長い必殺技の叫びに向けて熱を上げる。必殺技では呼吸を一度溜め、音高・音量・感情の振れ幅を最大にする。特定の声優・俳優・実在人物本人の声を模倣しない。,少年・少女の中程度の声。音量は中程度に抑える。語速は標準で、息を自然に保つ。軽いかすれを残す。冷淡にしすぎない、誇張は必要な場面だけにする。自然なざらつきを残し、長い必殺技の叫びに向けて熱を上げる。負傷時は息が崩れる瞬間と痛みの反射を入れ、長く演じすぎない。特定の声優・俳優・実在人物本人の声を模倣しない。,少年・少女の中程度の声。音量は中程度に抑える。語速は標準で、息を自然に保つ。軽いかすれを残す。冷淡にしすぎない、誇張は必要な場面だけにする。自然なざらつきを残し、長い必殺技の叫びに向けて熱を上げる。死亡時は力が抜けていく呼吸と感情の終止を示し、余韻を残す。特定の声優・俳優・実在人物本人の声を模倣しない。
godie-h01u,呂布奉先,成人の低めの声。音量は中程度に抑える。語速は標準で、息を自然に保つ。不要なかすれは加えない。冷淡にしすぎない、誇張は必要な場面だけにする。厚い胸声で傲然と構え、陰気な魔王声とは異なる武将の豪快さを出す。平常時は設定された性格を自然に保つ。特定の声優・俳優・実在人物本人の声を模倣しない。,成人の低めの声。音量は中程度に抑える。語速は標準で、息を自然に保つ。不要なかすれは加えない。冷淡にしすぎない、誇張は必要な場面だけにする。厚い胸声で傲然と構え、陰気な魔王声とは異なる武将の豪快さを出す。攻撃時は語頭を鋭くし、息を短く押し出して音量と緊張を一段上げる。特定の声優・俳優・実在人物本人の声を模倣しない。,成人の低めの声。音量は中程度に抑える。語速は標準で、息を自然に保つ。不要なかすれは加えない。冷淡にしすぎない、誇張は必要な場面だけにする。厚い胸声で傲然と構え、陰気な魔王声とは異なる武将の豪快さを出す。必殺技では呼吸を一度溜め、音高・音量・感情の振れ幅を最大にする。特定の声優・俳優・実在人物本人の声を模倣しない。,成人の低めの声。音量は中程度に抑える。語速は標準で、息を自然に保つ。不要なかすれは加えない。冷淡にしすぎない、誇張は必要な場面だけにする。厚い胸声で傲然と構え、陰気な魔王声とは異なる武将の豪快さを出す。負傷時は息が崩れる瞬間と痛みの反射を入れ、長く演じすぎない。特定の声優・俳優・実在人物本人の声を模倣しない。,成人の低めの声。音量は中程度に抑える。語速は標準で、息を自然に保つ。不要なかすれは加えない。冷淡にしすぎない、誇張は必要な場面だけにする。厚い胸声で傲然と構え、陰気な魔王声とは異なる武将の豪快さを出す。死亡時は力が抜けていく呼吸と感情の終止を示し、余韻を残す。特定の声優・俳優・実在人物本人の声を模倣しない。
godie-h020,莉娜因巴斯,成人の高めの声。音量は中程度に抑える。語速は速めで、息を自然に保つ。不要なかすれは加えない。冷淡にしすぎない、誇張を大きく使う。高速の突っ込みと大技の長い詠唱を対照的に演じる。平常時は設定された性格を自然に保つ。特定の声優・俳優・実在人物本人の声を模倣しない。,成人の高めの声。音量は中程度に抑える。語速は速めで、息を自然に保つ。不要なかすれは加えない。冷淡にしすぎない、誇張を大きく使う。高速の突っ込みと大技の長い詠唱を対照的に演じる。攻撃時は語頭を鋭くし、息を短く押し出して音量と緊張を一段上げる。特定の声優・俳優・実在人物本人の声を模倣しない。,成人の高めの声。音量は中程度に抑える。語速は速めで、息を自然に保つ。不要なかすれは加えない。冷淡にしすぎない、誇張を大きく使う。高速の突っ込みと大技の長い詠唱を対照的に演じる。必殺技では呼吸を一度溜め、音高・音量・感情の振れ幅を最大にする。特定の声優・俳優・実在人物本人の声を模倣しない。,成人の高めの声。音量は中程度に抑える。語速は速めで、息を自然に保つ。不要なかすれは加えない。冷淡にしすぎない、誇張を大きく使う。高速の突っ込みと大技の長い詠唱を対照的に演じる。負傷時は息が崩れる瞬間と痛みの反射を入れ、長く演じすぎない。特定の声優・俳優・実在人物本人の声を模倣しない。,成人の高めの声。音量は中程度に抑える。語速は速めで、息を自然に保つ。不要なかすれは加えない。冷淡にしすぎない、誇張を大きく使う。高速の突っ込みと大技の長い詠唱を対照的に演じる。死亡時は力が抜けていく呼吸と感情の終止を示し、余韻を残す。特定の声優・俳優・実在人物本人の声を模倣しない。
godie-h02k,熊貓,年齢を感じさせない非人間の中程度の声。音量は大きく変化させる。語速は速めで、呼吸音を表現の中心にする。軽いかすれを残す。冷淡にしすぎない、誇張を大きく使う。五歳児らしい鼻声といたずらっぽい脱力感を保ち、突然の叫びと厚かましい笑いへ振る。平常時は設定された性格を自然に保つ。特定の声優・俳優・実在人物本人の声を模倣しない。,年齢を感じさせない非人間の中程度の声。音量は大きく変化させる。語速は速めで、呼吸音を表現の中心にする。軽いかすれを残す。冷淡にしすぎない、誇張を大きく使う。五歳児らしい鼻声といたずらっぽい脱力感を保ち、突然の叫びと厚かましい笑いへ振る。攻撃時は語頭を鋭くし、息を短く押し出して音量と緊張を一段上げる。特定の声優・俳優・実在人物本人の声を模倣しない。,年齢を感じさせない非人間の中程度の声。音量は大きく変化させる。語速は速めで、呼吸音を表現の中心にする。軽いかすれを残す。冷淡にしすぎない、誇張を大きく使う。五歳児らしい鼻声といたずらっぽい脱力感を保ち、突然の叫びと厚かましい笑いへ振る。必殺技では呼吸を一度溜め、音高・音量・感情の振れ幅を最大にする。特定の声優・俳優・実在人物本人の声を模倣しない。,年齢を感じさせない非人間の中程度の声。音量は大きく変化させる。語速は速めで、呼吸音を表現の中心にする。軽いかすれを残す。冷淡にしすぎない、誇張を大きく使う。五歳児らしい鼻声といたずらっぽい脱力感を保ち、突然の叫びと厚かましい笑いへ振る。負傷時は息が崩れる瞬間と痛みの反射を入れ、長く演じすぎない。特定の声優・俳優・実在人物本人の声を模倣しない。,年齢を感じさせない非人間の中程度の声。音量は大きく変化させる。語速は速めで、呼吸音を表現の中心にする。軽いかすれを残す。冷淡にしすぎない、誇張を大きく使う。五歳児らしい鼻声といたずらっぽい脱力感を保ち、突然の叫びと厚かましい笑いへ振る。死亡時は力が抜けていく呼吸と感情の終止を示し、余韻を残す。特定の声優・俳優・実在人物本人の声を模倣しない。
godie-h02r,妙蛙花,年齢を感じさせない非人間の低めの声。音量は大きく変化させる。語速は標準で、呼吸音を表現の中心にする。軽いかすれを残す。冷淡にしすぎない、誇張を大きく使う。人語らしさを抑え、少ない音節と太い低周波の生物的な唸りを使う。平常時は設定された性格を自然に保つ。特定の声優・俳優・実在人物本人の声を模倣しない。,年齢を感じさせない非人間の低めの声。音量は大きく変化させる。語速は標準で、呼吸音を表現の中心にする。軽いかすれを残す。冷淡にしすぎない、誇張を大きく使う。人語らしさを抑え、少ない音節と太い低周波の生物的な唸りを使う。攻撃時は語頭を鋭くし、息を短く押し出して音量と緊張を一段上げる。特定の声優・俳優・実在人物本人の声を模倣しない。,年齢を感じさせない非人間の低めの声。音量は大きく変化させる。語速は標準で、呼吸音を表現の中心にする。軽いかすれを残す。冷淡にしすぎない、誇張を大きく使う。人語らしさを抑え、少ない音節と太い低周波の生物的な唸りを使う。必殺技では呼吸を一度溜め、音高・音量・感情の振れ幅を最大にする。特定の声優・俳優・実在人物本人の声を模倣しない。,年齢を感じさせない非人間の低めの声。音量は大きく変化させる。語速は標準で、呼吸音を表現の中心にする。軽いかすれを残す。冷淡にしすぎない、誇張を大きく使う。人語らしさを抑え、少ない音節と太い低周波の生物的な唸りを使う。負傷時は息が崩れる瞬間と痛みの反射を入れ、長く演じすぎない。特定の声優・俳優・実在人物本人の声を模倣しない。,年齢を感じさせない非人間の低めの声。音量は大きく変化させる。語速は標準で、呼吸音を表現の中心にする。軽いかすれを残す。冷淡にしすぎない、誇張を大きく使う。人語らしさを抑え、少ない音節と太い低周波の生物的な唸りを使う。死亡時は力が抜けていく呼吸と感情の終止を示し、余韻を残す。特定の声優・俳優・実在人物本人の声を模倣しない。
godie-h02u,草泥馬,年齢を感じさせない非人間の中程度の声。音量は大きく変化させる。語速は標準で、呼吸音を表現の中心にする。軽いかすれを残す。冷淡にしすぎない、誇張を大きく使う。乾いた鼻声で神経質かつ憂鬱にし、鳴き声と不条理な長笑いを混ぜる。平常時は設定された性格を自然に保つ。特定の声優・俳優・実在人物本人の声を模倣しない。,年齢を感じさせない非人間の中程度の声。音量は大きく変化させる。語速は標準で、呼吸音を表現の中心にする。軽いかすれを残す。冷淡にしすぎない、誇張を大きく使う。乾いた鼻声で神経質かつ憂鬱にし、鳴き声と不条理な長笑いを混ぜる。攻撃時は語頭を鋭くし、息を短く押し出して音量と緊張を一段上げる。特定の声優・俳優・実在人物本人の声を模倣しない。,年齢を感じさせない非人間の中程度の声。音量は大きく変化させる。語速は標準で、呼吸音を表現の中心にする。軽いかすれを残す。冷淡にしすぎない、誇張を大きく使う。乾いた鼻声で神経質かつ憂鬱にし、鳴き声と不条理な長笑いを混ぜる。必殺技では呼吸を一度溜め、音高・音量・感情の振れ幅を最大にする。特定の声優・俳優・実在人物本人の声を模倣しない。,年齢を感じさせない非人間の中程度の声。音量は大きく変化させる。語速は標準で、呼吸音を表現の中心にする。軽いかすれを残す。冷淡にしすぎない、誇張を大きく使う。乾いた鼻声で神経質かつ憂鬱にし、鳴き声と不条理な長笑いを混ぜる。負傷時は息が崩れる瞬間と痛みの反射を入れ、長く演じすぎない。特定の声優・俳優・実在人物本人の声を模倣しない。,年齢を感じさせない非人間の中程度の声。音量は大きく変化させる。語速は標準で、呼吸音を表現の中心にする。軽いかすれを残す。冷淡にしすぎない、誇張を大きく使う。乾いた鼻声で神経質かつ憂鬱にし、鳴き声と不条理な長笑いを混ぜる。死亡時は力が抜けていく呼吸と感情の終止を示し、余韻を残す。特定の声優・俳優・実在人物本人の声を模倣しない。
godie-hapm,Berserker,年齢を感じさせない非人間の低めの声。音量は大きく変化させる。語速は標準で、呼吸音を表現の中心にする。軽いかすれを残す。冷淡にしすぎない、誇張を大きく使う。巨体の重い呼吸と衝撃的な怒号を中心にし、野獣の金切り声には寄せない。平常時は設定された性格を自然に保つ。特定の声優・俳優・実在人物本人の声を模倣しない。,年齢を感じさせない非人間の低めの声。音量は大きく変化させる。語速は標準で、呼吸音を表現の中心にする。軽いかすれを残す。冷淡にしすぎない、誇張を大きく使う。巨体の重い呼吸と衝撃的な怒号を中心にし、野獣の金切り声には寄せない。攻撃時は語頭を鋭くし、息を短く押し出して音量と緊張を一段上げる。特定の声優・俳優・実在人物本人の声を模倣しない。,年齢を感じさせない非人間の低めの声。音量は大きく変化させる。語速は標準で、呼吸音を表現の中心にする。軽いかすれを残す。冷淡にしすぎない、誇張を大きく使う。巨体の重い呼吸と衝撃的な怒号を中心にし、野獣の金切り声には寄せない。必殺技では呼吸を一度溜め、音高・音量・感情の振れ幅を最大にする。特定の声優・俳優・実在人物本人の声を模倣しない。,年齢を感じさせない非人間の低めの声。音量は大きく変化させる。語速は標準で、呼吸音を表現の中心にする。軽いかすれを残す。冷淡にしすぎない、誇張を大きく使う。巨体の重い呼吸と衝撃的な怒号を中心にし、野獣の金切り声には寄せない。負傷時は息が崩れる瞬間と痛みの反射を入れ、長く演じすぎない。特定の声優・俳優・実在人物本人の声を模倣しない。,年齢を感じさせない非人間の低めの声。音量は大きく変化させる。語速は標準で、呼吸音を表現の中心にする。軽いかすれを残す。冷淡にしすぎない、誇張を大きく使う。巨体の重い呼吸と衝撃的な怒号を中心にし、野獣の金切り声には寄せない。死亡時は力が抜けていく呼吸と感情の終止を示し、余韻を残す。特定の声優・俳優・実在人物本人の声を模倣しない。
godie-hart,克勞德,成人の低めの声。音量は中程度に抑える。語速は標準で、息を自然に保つ。不要なかすれは加えない。冷淡さを明確に出す、誇張は必要な場面だけにする。言葉数の少ない乾いた疲労感を保ち、激しい絶叫を避ける。平常時は設定された性格を自然に保つ。特定の声優・俳優・実在人物本人の声を模倣しない。,成人の低めの声。音量は中程度に抑える。語速は標準で、息を自然に保つ。不要なかすれは加えない。冷淡さを明確に出す、誇張は必要な場面だけにする。言葉数の少ない乾いた疲労感を保ち、激しい絶叫を避ける。攻撃時は語頭を鋭くし、息を短く押し出して音量と緊張を一段上げる。特定の声優・俳優・実在人物本人の声を模倣しない。,成人の低めの声。音量は中程度に抑える。語速は標準で、息を自然に保つ。不要なかすれは加えない。冷淡さを明確に出す、誇張は必要な場面だけにする。言葉数の少ない乾いた疲労感を保ち、激しい絶叫を避ける。必殺技では呼吸を一度溜め、音高・音量・感情の振れ幅を最大にする。特定の声優・俳優・実在人物本人の声を模倣しない。,成人の低めの声。音量は中程度に抑える。語速は標準で、息を自然に保つ。不要なかすれは加えない。冷淡さを明確に出す、誇張は必要な場面だけにする。言葉数の少ない乾いた疲労感を保ち、激しい絶叫を避ける。負傷時は息が崩れる瞬間と痛みの反射を入れ、長く演じすぎない。特定の声優・俳優・実在人物本人の声を模倣しない。,成人の低めの声。音量は中程度に抑える。語速は標準で、息を自然に保つ。不要なかすれは加えない。冷淡さを明確に出す、誇張は必要な場面だけにする。言葉数の少ない乾いた疲労感を保ち、激しい絶叫を避ける。死亡時は力が抜けていく呼吸と感情の終止を示し、余韻を残す。特定の声優・俳優・実在人物本人の声を模倣しない。
godie-hpal,藤井八雲,少年・少女の中程度の声。音量は中程度に抑える。語速は標準で、息を自然に保つ。不要なかすれは加えない。冷淡にしすぎない、誇張は必要な場面だけにする。人間らしい優しさと芯の強さを保ち、傷の痛みを声ににじませる。平常時は設定された性格を自然に保つ。特定の声優・俳優・実在人物本人の声を模倣しない。,少年・少女の中程度の声。音量は中程度に抑える。語速は標準で、息を自然に保つ。不要なかすれは加えない。冷淡にしすぎない、誇張は必要な場面だけにする。人間らしい優しさと芯の強さを保ち、傷の痛みを声ににじませる。攻撃時は語頭を鋭くし、息を短く押し出して音量と緊張を一段上げる。特定の声優・俳優・実在人物本人の声を模倣しない。,少年・少女の中程度の声。音量は中程度に抑える。語速は標準で、息を自然に保つ。不要なかすれは加えない。冷淡にしすぎない、誇張は必要な場面だけにする。人間らしい優しさと芯の強さを保ち、傷の痛みを声ににじませる。必殺技では呼吸を一度溜め、音高・音量・感情の振れ幅を最大にする。特定の声優・俳優・実在人物本人の声を模倣しない。,少年・少女の中程度の声。音量は中程度に抑える。語速は標準で、息を自然に保つ。不要なかすれは加えない。冷淡にしすぎない、誇張は必要な場面だけにする。人間らしい優しさと芯の強さを保ち、傷の痛みを声ににじませる。負傷時は息が崩れる瞬間と痛みの反射を入れ、長く演じすぎない。特定の声優・俳優・実在人物本人の声を模倣しない。,少年・少女の中程度の声。音量は中程度に抑える。語速は標準で、息を自然に保つ。不要なかすれは加えない。冷淡にしすぎない、誇張は必要な場面だけにする。人間らしい優しさと芯の強さを保ち、傷の痛みを声ににじませる。死亡時は力が抜けていく呼吸と感情の終止を示し、余韻を残す。特定の声優・俳優・実在人物本人の声を模倣しない。
godie-hpb1,蒼月潮,少年・少女の中程度の声。音量は大きく変化させる。語速は標準で、息を自然に保つ。軽いかすれを残す。冷淡にしすぎない、誇張は必要な場面だけにする。未成熟な少年の直情と自然な声割れを残し、大人びすぎない。平常時は設定された性格を自然に保つ。特定の声優・俳優・実在人物本人の声を模倣しない。,少年・少女の中程度の声。音量は大きく変化させる。語速は標準で、息を自然に保つ。軽いかすれを残す。冷淡にしすぎない、誇張は必要な場面だけにする。未成熟な少年の直情と自然な声割れを残し、大人びすぎない。攻撃時は語頭を鋭くし、息を短く押し出して音量と緊張を一段上げる。特定の声優・俳優・実在人物本人の声を模倣しない。,少年・少女の中程度の声。音量は大きく変化させる。語速は標準で、息を自然に保つ。軽いかすれを残す。冷淡にしすぎない、誇張は必要な場面だけにする。未成熟な少年の直情と自然な声割れを残し、大人びすぎない。必殺技では呼吸を一度溜め、音高・音量・感情の振れ幅を最大にする。特定の声優・俳優・実在人物本人の声を模倣しない。,少年・少女の中程度の声。音量は大きく変化させる。語速は標準で、息を自然に保つ。軽いかすれを残す。冷淡にしすぎない、誇張は必要な場面だけにする。未成熟な少年の直情と自然な声割れを残し、大人びすぎない。負傷時は息が崩れる瞬間と痛みの反射を入れ、長く演じすぎない。特定の声優・俳優・実在人物本人の声を模倣しない。,少年・少女の中程度の声。音量は大きく変化させる。語速は標準で、息を自然に保つ。軽いかすれを残す。冷淡にしすぎない、誇張は必要な場面だけにする。未成熟な少年の直情と自然な声割れを残し、大人びすぎない。死亡時は力が抜けていく呼吸と感情の終止を示し、余韻を残す。特定の声優・俳優・実在人物本人の声を模倣しない。
godie-huth,魔人普烏,成人の高めの声。音量は中程度に抑える。語速は標準で、息を自然に保つ。不要なかすれは加えない。冷淡にしすぎない、誇張を大きく使う。幼く粘る鼻声で甘えた笑いから危険な怒りへ急変する。平常時は設定された性格を自然に保つ。特定の声優・俳優・実在人物本人の声を模倣しない。,成人の高めの声。音量は中程度に抑える。語速は標準で、息を自然に保つ。不要なかすれは加えない。冷淡にしすぎない、誇張を大きく使う。幼く粘る鼻声で甘えた笑いから危険な怒りへ急変する。攻撃時は語頭を鋭くし、息を短く押し出して音量と緊張を一段上げる。特定の声優・俳優・実在人物本人の声を模倣しない。,成人の高めの声。音量は中程度に抑える。語速は標準で、息を自然に保つ。不要なかすれは加えない。冷淡にしすぎない、誇張を大きく使う。幼く粘る鼻声で甘えた笑いから危険な怒りへ急変する。必殺技では呼吸を一度溜め、音高・音量・感情の振れ幅を最大にする。特定の声優・俳優・実在人物本人の声を模倣しない。,成人の高めの声。音量は中程度に抑える。語速は標準で、息を自然に保つ。不要なかすれは加えない。冷淡にしすぎない、誇張を大きく使う。幼く粘る鼻声で甘えた笑いから危険な怒りへ急変する。負傷時は息が崩れる瞬間と痛みの反射を入れ、長く演じすぎない。特定の声優・俳優・実在人物本人の声を模倣しない。,成人の高めの声。音量は中程度に抑える。語速は標準で、息を自然に保つ。不要なかすれは加えない。冷淡にしすぎない、誇張を大きく使う。幼く粘る鼻声で甘えた笑いから危険な怒りへ急変する。死亡時は力が抜けていく呼吸と感情の終止を示し、余韻を残す。特定の声優・俳優・実在人物本人の声を模倣しない。
godie-hvsh,Rider,成人の低めの声。音量は中程度に抑える。語速は標準で、息を多めに混ぜる。不要なかすれは加えない。冷淡にしすぎない、誇張は必要な場面だけにする。成熟した危険な低い女声を耳元の囁きに寄せ、息の質感を活かす。平常時は設定された性格を自然に保つ。特定の声優・俳優・実在人物本人の声を模倣しない。,成人の低めの声。音量は中程度に抑える。語速は標準で、息を多めに混ぜる。不要なかすれは加えない。冷淡にしすぎない、誇張は必要な場面だけにする。成熟した危険な低い女声を耳元の囁きに寄せ、息の質感を活かす。攻撃時は語頭を鋭くし、息を短く押し出して音量と緊張を一段上げる。特定の声優・俳優・実在人物本人の声を模倣しない。,成人の低めの声。音量は中程度に抑える。語速は標準で、息を多めに混ぜる。不要なかすれは加えない。冷淡にしすぎない、誇張は必要な場面だけにする。成熟した危険な低い女声を耳元の囁きに寄せ、息の質感を活かす。必殺技では呼吸を一度溜め、音高・音量・感情の振れ幅を最大にする。特定の声優・俳優・実在人物本人の声を模倣しない。,成人の低めの声。音量は中程度に抑える。語速は標準で、息を多めに混ぜる。不要なかすれは加えない。冷淡にしすぎない、誇張は必要な場面だけにする。成熟した危険な低い女声を耳元の囁きに寄せ、息の質感を活かす。負傷時は息が崩れる瞬間と痛みの反射を入れ、長く演じすぎない。特定の声優・俳優・実在人物本人の声を模倣しない。,成人の低めの声。音量は中程度に抑える。語速は標準で、息を多めに混ぜる。不要なかすれは加えない。冷淡にしすぎない、誇張は必要な場面だけにする。成熟した危険な低い女声を耳元の囁きに寄せ、息の質感を活かす。死亡時は力が抜けていく呼吸と感情の終止を示し、余韻を残す。特定の声優・俳優・実在人物本人の声を模倣しない。
godie-hvwd,桔梗,老成の中程度の声。音量は中程度に抑える。語速は標準で、息を自然に保つ。不要なかすれは加えない。冷淡さを明確に出す、誇張は必要な場面だけにする。清澄な距離感と哀しみを持たせ、官能的な囁きにはしない。平常時は設定された性格を自然に保つ。特定の声優・俳優・実在人物本人の声を模倣しない。,老成の中程度の声。音量は中程度に抑える。語速は標準で、息を自然に保つ。不要なかすれは加えない。冷淡さを明確に出す、誇張は必要な場面だけにする。清澄な距離感と哀しみを持たせ、官能的な囁きにはしない。攻撃時は語頭を鋭くし、息を短く押し出して音量と緊張を一段上げる。特定の声優・俳優・実在人物本人の声を模倣しない。,老成の中程度の声。音量は中程度に抑える。語速は標準で、息を自然に保つ。不要なかすれは加えない。冷淡さを明確に出す、誇張は必要な場面だけにする。清澄な距離感と哀しみを持たせ、官能的な囁きにはしない。必殺技では呼吸を一度溜め、音高・音量・感情の振れ幅を最大にする。特定の声優・俳優・実在人物本人の声を模倣しない。,老成の中程度の声。音量は中程度に抑える。語速は標準で、息を自然に保つ。不要なかすれは加えない。冷淡さを明確に出す、誇張は必要な場面だけにする。清澄な距離感と哀しみを持たせ、官能的な囁きにはしない。負傷時は息が崩れる瞬間と痛みの反射を入れ、長く演じすぎない。特定の声優・俳優・実在人物本人の声を模倣しない。,老成の中程度の声。音量は中程度に抑える。語速は標準で、息を自然に保つ。不要なかすれは加えない。冷淡さを明確に出す、誇張は必要な場面だけにする。清澄な距離感と哀しみを持たせ、官能的な囁きにはしない。死亡時は力が抜けていく呼吸と感情の終止を示し、余韻を残す。特定の声優・俳優・実在人物本人の声を模倣しない。
godie-n003,依文潔琳,子供の高めの声。音量は中程度に抑える。語速は標準で、息を自然に保つ。不要なかすれは加えない。冷淡にしすぎない、誇張は必要な場面だけにする。幼い外見に反する老成した物言いで、傲慢な嘲りを静かに置く。平常時は設定された性格を自然に保つ。特定の声優・俳優・実在人物本人の声を模倣しない。,子供の高めの声。音量は中程度に抑える。語速は標準で、息を自然に保つ。不要なかすれは加えない。冷淡にしすぎない、誇張は必要な場面だけにする。幼い外見に反する老成した物言いで、傲慢な嘲りを静かに置く。攻撃時は語頭を鋭くし、息を短く押し出して音量と緊張を一段上げる。特定の声優・俳優・実在人物本人の声を模倣しない。,子供の高めの声。音量は中程度に抑える。語速は標準で、息を自然に保つ。不要なかすれは加えない。冷淡にしすぎない、誇張は必要な場面だけにする。幼い外見に反する老成した物言いで、傲慢な嘲りを静かに置く。必殺技では呼吸を一度溜め、音高・音量・感情の振れ幅を最大にする。特定の声優・俳優・実在人物本人の声を模倣しない。,子供の高めの声。音量は中程度に抑える。語速は標準で、息を自然に保つ。不要なかすれは加えない。冷淡にしすぎない、誇張は必要な場面だけにする。幼い外見に反する老成した物言いで、傲慢な嘲りを静かに置く。負傷時は息が崩れる瞬間と痛みの反射を入れ、長く演じすぎない。特定の声優・俳優・実在人物本人の声を模倣しない。,子供の高めの声。音量は中程度に抑える。語速は標準で、息を自然に保つ。不要なかすれは加えない。冷淡にしすぎない、誇張は必要な場面だけにする。幼い外見に反する老成した物言いで、傲慢な嘲りを静かに置く。死亡時は力が抜けていく呼吸と感情の終止を示し、余韻を残す。特定の声優・俳優・実在人物本人の声を模倣しない。
godie-n00b,哆拉A夢,成人の高めの声。音量は中程度に抑える。語速は標準で、息を自然に保つ。不要なかすれは加えない。冷淡にしすぎない、誇張を大きく使う。丸い鼻声で素早く突っ込み、感情の上下を大きくする。平常時は設定された性格を自然に保つ。特定の声優・俳優・実在人物本人の声を模倣しない。,成人の高めの声。音量は中程度に抑える。語速は標準で、息を自然に保つ。不要なかすれは加えない。冷淡にしすぎない、誇張を大きく使う。丸い鼻声で素早く突っ込み、感情の上下を大きくする。攻撃時は語頭を鋭くし、息を短く押し出して音量と緊張を一段上げる。特定の声優・俳優・実在人物本人の声を模倣しない。,成人の高めの声。音量は中程度に抑える。語速は標準で、息を自然に保つ。不要なかすれは加えない。冷淡にしすぎない、誇張を大きく使う。丸い鼻声で素早く突っ込み、感情の上下を大きくする。必殺技では呼吸を一度溜め、音高・音量・感情の振れ幅を最大にする。特定の声優・俳優・実在人物本人の声を模倣しない。,成人の高めの声。音量は中程度に抑える。語速は標準で、息を自然に保つ。不要なかすれは加えない。冷淡にしすぎない、誇張を大きく使う。丸い鼻声で素早く突っ込み、感情の上下を大きくする。負傷時は息が崩れる瞬間と痛みの反射を入れ、長く演じすぎない。特定の声優・俳優・実在人物本人の声を模倣しない。,成人の高めの声。音量は中程度に抑える。語速は標準で、息を自然に保つ。不要なかすれは加えない。冷淡にしすぎない、誇張を大きく使う。丸い鼻声で素早く突っ込み、感情の上下を大きくする。死亡時は力が抜けていく呼吸と感情の終止を示し、余韻を残す。特定の声優・俳優・実在人物本人の声を模倣しない。
godie-n00p,南野秀一,成人の中程度の声。音量は中程度に抑える。語速は標準で、息を自然に保つ。不要なかすれは加えない。冷淡にしすぎない、誇張は必要な場面だけにする。柔らかな中性美の奥に危険を置き、妖狐的な場面では低く冷酷にする。平常時は設定された性格を自然に保つ。特定の声優・俳優・実在人物本人の声を模倣しない。,成人の中程度の声。音量は中程度に抑える。語速は標準で、息を自然に保つ。不要なかすれは加えない。冷淡にしすぎない、誇張は必要な場面だけにする。柔らかな中性美の奥に危険を置き、妖狐的な場面では低く冷酷にする。攻撃時は語頭を鋭くし、息を短く押し出して音量と緊張を一段上げる。特定の声優・俳優・実在人物本人の声を模倣しない。,成人の中程度の声。音量は中程度に抑える。語速は標準で、息を自然に保つ。不要なかすれは加えない。冷淡にしすぎない、誇張は必要な場面だけにする。柔らかな中性美の奥に危険を置き、妖狐的な場面では低く冷酷にする。必殺技では呼吸を一度溜め、音高・音量・感情の振れ幅を最大にする。特定の声優・俳優・実在人物本人の声を模倣しない。,成人の中程度の声。音量は中程度に抑える。語速は標準で、息を自然に保つ。不要なかすれは加えない。冷淡にしすぎない、誇張は必要な場面だけにする。柔らかな中性美の奥に危険を置き、妖狐的な場面では低く冷酷にする。負傷時は息が崩れる瞬間と痛みの反射を入れ、長く演じすぎない。特定の声優・俳優・実在人物本人の声を模倣しない。,成人の中程度の声。音量は中程度に抑える。語速は標準で、息を自然に保つ。不要なかすれは加えない。冷淡にしすぎない、誇張は必要な場面だけにする。柔らかな中性美の奥に危険を置き、妖狐的な場面では低く冷酷にする。死亡時は力が抜けていく呼吸と感情の終止を示し、余韻を残す。特定の声優・俳優・実在人物本人の声を模倣しない。
godie-n01c,勇者小呆,子供の高めの声。音量は大きく変化させる。語速は標準で、息を自然に保つ。不要なかすれは加えない。冷淡にしすぎない、誇張は必要な場面だけにする。明るく純粋な正義感を保ち、必殺技だけ張りのある英雄声へ上げる。平常時は設定された性格を自然に保つ。特定の声優・俳優・実在人物本人の声を模倣しない。,子供の高めの声。音量は大きく変化させる。語速は標準で、息を自然に保つ。不要なかすれは加えない。冷淡にしすぎない、誇張は必要な場面だけにする。明るく純粋な正義感を保ち、必殺技だけ張りのある英雄声へ上げる。攻撃時は語頭を鋭くし、息を短く押し出して音量と緊張を一段上げる。特定の声優・俳優・実在人物本人の声を模倣しない。,子供の高めの声。音量は大きく変化させる。語速は標準で、息を自然に保つ。不要なかすれは加えない。冷淡にしすぎない、誇張は必要な場面だけにする。明るく純粋な正義感を保ち、必殺技だけ張りのある英雄声へ上げる。必殺技では呼吸を一度溜め、音高・音量・感情の振れ幅を最大にする。特定の声優・俳優・実在人物本人の声を模倣しない。,子供の高めの声。音量は大きく変化させる。語速は標準で、息を自然に保つ。不要なかすれは加えない。冷淡にしすぎない、誇張は必要な場面だけにする。明るく純粋な正義感を保ち、必殺技だけ張りのある英雄声へ上げる。負傷時は息が崩れる瞬間と痛みの反射を入れ、長く演じすぎない。特定の声優・俳優・実在人物本人の声を模倣しない。,子供の高めの声。音量は大きく変化させる。語速は標準で、息を自然に保つ。不要なかすれは加えない。冷淡にしすぎない、誇張は必要な場面だけにする。明るく純粋な正義感を保ち、必殺技だけ張りのある英雄声へ上げる。死亡時は力が抜けていく呼吸と感情の終止を示し、余韻を残す。特定の声優・俳優・実在人物本人の声を模倣しない。
godie-nplh,麻倉葉,少年・少女の中程度の声。音量は中程度に抑える。語速は遅めで、息を自然に保つ。不要なかすれは加えない。冷淡にしすぎない、誇張は必要な場面だけにする。何事も気にしない脱力感を保ち、戦闘でも定型的な熱血声にしない。平常時は設定された性格を自然に保つ。特定の声優・俳優・実在人物本人の声を模倣しない。,少年・少女の中程度の声。音量は中程度に抑える。語速は遅めで、息を自然に保つ。不要なかすれは加えない。冷淡にしすぎない、誇張は必要な場面だけにする。何事も気にしない脱力感を保ち、戦闘でも定型的な熱血声にしない。攻撃時は語頭を鋭くし、息を短く押し出して音量と緊張を一段上げる。特定の声優・俳優・実在人物本人の声を模倣しない。,少年・少女の中程度の声。音量は中程度に抑える。語速は遅めで、息を自然に保つ。不要なかすれは加えない。冷淡にしすぎない、誇張は必要な場面だけにする。何事も気にしない脱力感を保ち、戦闘でも定型的な熱血声にしない。必殺技では呼吸を一度溜め、音高・音量・感情の振れ幅を最大にする。特定の声優・俳優・実在人物本人の声を模倣しない。,少年・少女の中程度の声。音量は中程度に抑える。語速は遅めで、息を自然に保つ。不要なかすれは加えない。冷淡にしすぎない、誇張は必要な場面だけにする。何事も気にしない脱力感を保ち、戦闘でも定型的な熱血声にしない。負傷時は息が崩れる瞬間と痛みの反射を入れ、長く演じすぎない。特定の声優・俳優・実在人物本人の声を模倣しない。,少年・少女の中程度の声。音量は中程度に抑える。語速は遅めで、息を自然に保つ。不要なかすれは加えない。冷淡にしすぎない、誇張は必要な場面だけにする。何事も気にしない脱力感を保ち、戦闘でも定型的な熱血声にしない。死亡時は力が抜けていく呼吸と感情の終止を示し、余韻を残す。特定の声優・俳優・実在人物本人の声を模倣しない。
godie-o00k,皮卡娘,成人の高めの声。音量は中程度に抑える。語速は標準で、息を自然に保つ。不要なかすれは加えない。冷淡にしすぎない、誇張は必要な場面だけにする。高い少女声に意地悪ないたずら笑いを足し、短気な傲嬌声と区別する。平常時は設定された性格を自然に保つ。特定の声優・俳優・実在人物本人の声を模倣しない。,成人の高めの声。音量は中程度に抑える。語速は標準で、息を自然に保つ。不要なかすれは加えない。冷淡にしすぎない、誇張は必要な場面だけにする。高い少女声に意地悪ないたずら笑いを足し、短気な傲嬌声と区別する。攻撃時は語頭を鋭くし、息を短く押し出して音量と緊張を一段上げる。特定の声優・俳優・実在人物本人の声を模倣しない。,成人の高めの声。音量は中程度に抑える。語速は標準で、息を自然に保つ。不要なかすれは加えない。冷淡にしすぎない、誇張は必要な場面だけにする。高い少女声に意地悪ないたずら笑いを足し、短気な傲嬌声と区別する。必殺技では呼吸を一度溜め、音高・音量・感情の振れ幅を最大にする。特定の声優・俳優・実在人物本人の声を模倣しない。,成人の高めの声。音量は中程度に抑える。語速は標準で、息を自然に保つ。不要なかすれは加えない。冷淡にしすぎない、誇張は必要な場面だけにする。高い少女声に意地悪ないたずら笑いを足し、短気な傲嬌声と区別する。負傷時は息が崩れる瞬間と痛みの反射を入れ、長く演じすぎない。特定の声優・俳優・実在人物本人の声を模倣しない。,成人の高めの声。音量は中程度に抑える。語速は標準で、息を自然に保つ。不要なかすれは加えない。冷淡にしすぎない、誇張は必要な場面だけにする。高い少女声に意地悪ないたずら笑いを足し、短気な傲嬌声と区別する。死亡時は力が抜けていく呼吸と感情の終止を示し、余韻を残す。特定の声優・俳優・実在人物本人の声を模倣しない。
godie-o00l,傑洛士,成人の中程度の声。音量は中程度に抑える。語速は標準で、息を自然に保つ。不要なかすれは加えない。冷淡さを明確に出す、誇張は必要な場面だけにする。柔らかな礼儀正しさを崩さず、楽しそうな脅しを軽い語尾に潜ませる。平常時は設定された性格を自然に保つ。特定の声優・俳優・実在人物本人の声を模倣しない。,成人の中程度の声。音量は中程度に抑える。語速は標準で、息を自然に保つ。不要なかすれは加えない。冷淡さを明確に出す、誇張は必要な場面だけにする。柔らかな礼儀正しさを崩さず、楽しそうな脅しを軽い語尾に潜ませる。攻撃時は語頭を鋭くし、息を短く押し出して音量と緊張を一段上げる。特定の声優・俳優・実在人物本人の声を模倣しない。,成人の中程度の声。音量は中程度に抑える。語速は標準で、息を自然に保つ。不要なかすれは加えない。冷淡さを明確に出す、誇張は必要な場面だけにする。柔らかな礼儀正しさを崩さず、楽しそうな脅しを軽い語尾に潜ませる。必殺技では呼吸を一度溜め、音高・音量・感情の振れ幅を最大にする。特定の声優・俳優・実在人物本人の声を模倣しない。,成人の中程度の声。音量は中程度に抑える。語速は標準で、息を自然に保つ。不要なかすれは加えない。冷淡さを明確に出す、誇張は必要な場面だけにする。柔らかな礼儀正しさを崩さず、楽しそうな脅しを軽い語尾に潜ませる。負傷時は息が崩れる瞬間と痛みの反射を入れ、長く演じすぎない。特定の声優・俳優・実在人物本人の声を模倣しない。,成人の中程度の声。音量は中程度に抑える。語速は標準で、息を自然に保つ。不要なかすれは加えない。冷淡さを明確に出す、誇張は必要な場面だけにする。柔らかな礼儀正しさを崩さず、楽しそうな脅しを軽い語尾に潜ませる。死亡時は力が抜けていく呼吸と感情の終止を示し、余韻を残す。特定の声優・俳優・実在人物本人の声を模倣しない。
godie-o00x,悟空,成人の高めの声。音量は大きく変化させる。語速は標準で、息を自然に保つ。不要なかすれは加えない。冷淡にしすぎない、誇張は必要な場面だけにする。明るく素朴な成人英雄として、戦闘では音高と活力を大きく上げる。平常時は設定された性格を自然に保つ。特定の声優・俳優・実在人物本人の声を模倣しない。,成人の高めの声。音量は大きく変化させる。語速は標準で、息を自然に保つ。不要なかすれは加えない。冷淡にしすぎない、誇張は必要な場面だけにする。明るく素朴な成人英雄として、戦闘では音高と活力を大きく上げる。攻撃時は語頭を鋭くし、息を短く押し出して音量と緊張を一段上げる。特定の声優・俳優・実在人物本人の声を模倣しない。,成人の高めの声。音量は大きく変化させる。語速は標準で、息を自然に保つ。不要なかすれは加えない。冷淡にしすぎない、誇張は必要な場面だけにする。明るく素朴な成人英雄として、戦闘では音高と活力を大きく上げる。必殺技では呼吸を一度溜め、音高・音量・感情の振れ幅を最大にする。特定の声優・俳優・実在人物本人の声を模倣しない。,成人の高めの声。音量は大きく変化させる。語速は標準で、息を自然に保つ。不要なかすれは加えない。冷淡にしすぎない、誇張は必要な場面だけにする。明るく素朴な成人英雄として、戦闘では音高と活力を大きく上げる。負傷時は息が崩れる瞬間と痛みの反射を入れ、長く演じすぎない。特定の声優・俳優・実在人物本人の声を模倣しない。,成人の高めの声。音量は大きく変化させる。語速は標準で、息を自然に保つ。不要なかすれは加えない。冷淡にしすぎない、誇張は必要な場面だけにする。明るく素朴な成人英雄として、戦闘では音高と活力を大きく上げる。死亡時は力が抜けていく呼吸と感情の終止を示し、余韻を残す。特定の声優・俳優・実在人物本人の声を模倣しない。
godie-o02p,初音,成人の中程度の声。音量は中程度に抑える。語速は標準で、息を自然に保つ。不要なかすれは加えない。冷淡にしすぎない、誇張は必要な場面だけにする。所有権を確認した合成音を使い、明るい電子感と安定した音高を保つ。平常時は設定された性格を自然に保つ。特定の声優・俳優・実在人物本人の声を模倣しない。,成人の中程度の声。音量は中程度に抑える。語速は標準で、息を自然に保つ。不要なかすれは加えない。冷淡にしすぎない、誇張は必要な場面だけにする。所有権を確認した合成音を使い、明るい電子感と安定した音高を保つ。攻撃時は語頭を鋭くし、息を短く押し出して音量と緊張を一段上げる。特定の声優・俳優・実在人物本人の声を模倣しない。,成人の中程度の声。音量は中程度に抑える。語速は標準で、息を自然に保つ。不要なかすれは加えない。冷淡にしすぎない、誇張は必要な場面だけにする。所有権を確認した合成音を使い、明るい電子感と安定した音高を保つ。必殺技では呼吸を一度溜め、音高・音量・感情の振れ幅を最大にする。特定の声優・俳優・実在人物本人の声を模倣しない。,成人の中程度の声。音量は中程度に抑える。語速は標準で、息を自然に保つ。不要なかすれは加えない。冷淡にしすぎない、誇張は必要な場面だけにする。所有権を確認した合成音を使い、明るい電子感と安定した音高を保つ。負傷時は息が崩れる瞬間と痛みの反射を入れ、長く演じすぎない。特定の声優・俳優・実在人物本人の声を模倣しない。,成人の中程度の声。音量は中程度に抑える。語速は標準で、息を自然に保つ。不要なかすれは加えない。冷淡にしすぎない、誇張は必要な場面だけにする。所有権を確認した合成音を使い、明るい電子感と安定した音高を保つ。死亡時は力が抜けていく呼吸と感情の終止を示し、余韻を残す。特定の声優・俳優・実在人物本人の声を模倣しない。
godie-ofar,皮卡丘,年齢を感じさせない非人間の高めの声。音量は大きく変化させる。語速は標準で、呼吸音を表現の中心にする。軽いかすれを残す。冷淡にしすぎない、誇張を大きく使う。短い非言語音節で、喜び、警戒、負傷、放電の音高差を大きくする。平常時は設定された性格を自然に保つ。特定の声優・俳優・実在人物本人の声を模倣しない。,年齢を感じさせない非人間の高めの声。音量は大きく変化させる。語速は標準で、呼吸音を表現の中心にする。軽いかすれを残す。冷淡にしすぎない、誇張を大きく使う。短い非言語音節で、喜び、警戒、負傷、放電の音高差を大きくする。攻撃時は語頭を鋭くし、息を短く押し出して音量と緊張を一段上げる。特定の声優・俳優・実在人物本人の声を模倣しない。,年齢を感じさせない非人間の高めの声。音量は大きく変化させる。語速は標準で、呼吸音を表現の中心にする。軽いかすれを残す。冷淡にしすぎない、誇張を大きく使う。短い非言語音節で、喜び、警戒、負傷、放電の音高差を大きくする。必殺技では呼吸を一度溜め、音高・音量・感情の振れ幅を最大にする。特定の声優・俳優・実在人物本人の声を模倣しない。,年齢を感じさせない非人間の高めの声。音量は大きく変化させる。語速は標準で、呼吸音を表現の中心にする。軽いかすれを残す。冷淡にしすぎない、誇張を大きく使う。短い非言語音節で、喜び、警戒、負傷、放電の音高差を大きくする。負傷時は息が崩れる瞬間と痛みの反射を入れ、長く演じすぎない。特定の声優・俳優・実在人物本人の声を模倣しない。,年齢を感じさせない非人間の高めの声。音量は大きく変化させる。語速は標準で、呼吸音を表現の中心にする。軽いかすれを残す。冷淡にしすぎない、誇張を大きく使う。短い非言語音節で、喜び、警戒、負傷、放電の音高差を大きくする。死亡時は力が抜けていく呼吸と感情の終止を示し、余韻を残す。特定の声優・俳優・実在人物本人の声を模倣しない。
godie-ogld,黑人牙膏,成人の中程度の声。音量は中程度に抑える。語速は標準で、息を自然に保つ。不要なかすれは加えない。冷淡にしすぎない、誇張は必要な場面だけにする。自信ある専門家から徐々に黒化する独自の悪役像を作る。平常時は設定された性格を自然に保つ。特定の声優・俳優・実在人物本人の声を模倣しない。,成人の中程度の声。音量は中程度に抑える。語速は標準で、息を自然に保つ。不要なかすれは加えない。冷淡にしすぎない、誇張は必要な場面だけにする。自信ある専門家から徐々に黒化する独自の悪役像を作る。攻撃時は語頭を鋭くし、息を短く押し出して音量と緊張を一段上げる。特定の声優・俳優・実在人物本人の声を模倣しない。,成人の中程度の声。音量は中程度に抑える。語速は標準で、息を自然に保つ。不要なかすれは加えない。冷淡にしすぎない、誇張は必要な場面だけにする。自信ある専門家から徐々に黒化する独自の悪役像を作る。必殺技では呼吸を一度溜め、音高・音量・感情の振れ幅を最大にする。特定の声優・俳優・実在人物本人の声を模倣しない。,成人の中程度の声。音量は中程度に抑える。語速は標準で、息を自然に保つ。不要なかすれは加えない。冷淡にしすぎない、誇張は必要な場面だけにする。自信ある専門家から徐々に黒化する独自の悪役像を作る。負傷時は息が崩れる瞬間と痛みの反射を入れ、長く演じすぎない。特定の声優・俳優・実在人物本人の声を模倣しない。,成人の中程度の声。音量は中程度に抑える。語速は標準で、息を自然に保つ。不要なかすれは加えない。冷淡にしすぎない、誇張は必要な場面だけにする。自信ある専門家から徐々に黒化する独自の悪役像を作る。死亡時は力が抜けていく呼吸と感情の終止を示し、余韻を残す。特定の声優・俳優・実在人物本人の声を模倣しない。
godie-orkn,臭作,老成の中程度の声。音量は中程度に抑える。語速は標準で、息を自然に保つ。軽いかすれを残す。冷淡にしすぎない、誇張は必要な場面だけにする。親切を装う油っぽい息笑いを含め、漫画的に誇張しすぎない。平常時は設定された性格を自然に保つ。特定の声優・俳優・実在人物本人の声を模倣しない。,老成の中程度の声。音量は中程度に抑える。語速は標準で、息を自然に保つ。軽いかすれを残す。冷淡にしすぎない、誇張は必要な場面だけにする。親切を装う油っぽい息笑いを含め、漫画的に誇張しすぎない。攻撃時は語頭を鋭くし、息を短く押し出して音量と緊張を一段上げる。特定の声優・俳優・実在人物本人の声を模倣しない。,老成の中程度の声。音量は中程度に抑える。語速は標準で、息を自然に保つ。軽いかすれを残す。冷淡にしすぎない、誇張は必要な場面だけにする。親切を装う油っぽい息笑いを含め、漫画的に誇張しすぎない。必殺技では呼吸を一度溜め、音高・音量・感情の振れ幅を最大にする。特定の声優・俳優・実在人物本人の声を模倣しない。,老成の中程度の声。音量は中程度に抑える。語速は標準で、息を自然に保つ。軽いかすれを残す。冷淡にしすぎない、誇張は必要な場面だけにする。親切を装う油っぽい息笑いを含め、漫画的に誇張しすぎない。負傷時は息が崩れる瞬間と痛みの反射を入れ、長く演じすぎない。特定の声優・俳優・実在人物本人の声を模倣しない。,老成の中程度の声。音量は中程度に抑える。語速は標準で、息を自然に保つ。軽いかすれを残す。冷淡にしすぎない、誇張は必要な場面だけにする。親切を装う油っぽい息笑いを含め、漫画的に誇張しすぎない。死亡時は力が抜けていく呼吸と感情の終止を示し、余韻を残す。特定の声優・俳優・実在人物本人の声を模倣しない。
godie-osam,殺生丸,成人の低めの声。音量は中程度に抑える。語速は遅めで、息を自然に保つ。不要なかすれは加えない。冷淡さを明確に出す、誇張は必要な場面だけにする。低く平らで感情をほとんど動かさず、長い咆哮より一言の圧を重視する。平常時は設定された性格を自然に保つ。特定の声優・俳優・実在人物本人の声を模倣しない。,成人の低めの声。音量は中程度に抑える。語速は遅めで、息を自然に保つ。不要なかすれは加えない。冷淡さを明確に出す、誇張は必要な場面だけにする。低く平らで感情をほとんど動かさず、長い咆哮より一言の圧を重視する。攻撃時は語頭を鋭くし、息を短く押し出して音量と緊張を一段上げる。特定の声優・俳優・実在人物本人の声を模倣しない。,成人の低めの声。音量は中程度に抑える。語速は遅めで、息を自然に保つ。不要なかすれは加えない。冷淡さを明確に出す、誇張は必要な場面だけにする。低く平らで感情をほとんど動かさず、長い咆哮より一言の圧を重視する。必殺技では呼吸を一度溜め、音高・音量・感情の振れ幅を最大にする。特定の声優・俳優・実在人物本人の声を模倣しない。,成人の低めの声。音量は中程度に抑える。語速は遅めで、息を自然に保つ。不要なかすれは加えない。冷淡さを明確に出す、誇張は必要な場面だけにする。低く平らで感情をほとんど動かさず、長い咆哮より一言の圧を重視する。負傷時は息が崩れる瞬間と痛みの反射を入れ、長く演じすぎない。特定の声優・俳優・実在人物本人の声を模倣しない。,成人の低めの声。音量は中程度に抑える。語速は遅めで、息を自然に保つ。不要なかすれは加えない。冷淡さを明確に出す、誇張は必要な場面だけにする。低く平らで感情をほとんど動かさず、長い咆哮より一言の圧を重視する。死亡時は力が抜けていく呼吸と感情の終止を示し、余韻を残す。特定の声優・俳優・実在人物本人の声を模倣しない。
godie-u00h,鬼畜狂刀KYO,成人の低めの声。音量は大きく変化させる。語速は標準で、息を自然に保つ。軽いかすれを残す。冷淡にしすぎない、誇張は必要な場面だけにする。粗い青年低音で好戦的に笑い、速い熱血少年より遅く邪気を濃くする。平常時は設定された性格を自然に保つ。特定の声優・俳優・実在人物本人の声を模倣しない。,成人の低めの声。音量は大きく変化させる。語速は標準で、息を自然に保つ。軽いかすれを残す。冷淡にしすぎない、誇張は必要な場面だけにする。粗い青年低音で好戦的に笑い、速い熱血少年より遅く邪気を濃くする。攻撃時は語頭を鋭くし、息を短く押し出して音量と緊張を一段上げる。特定の声優・俳優・実在人物本人の声を模倣しない。,成人の低めの声。音量は大きく変化させる。語速は標準で、息を自然に保つ。軽いかすれを残す。冷淡にしすぎない、誇張は必要な場面だけにする。粗い青年低音で好戦的に笑い、速い熱血少年より遅く邪気を濃くする。必殺技では呼吸を一度溜め、音高・音量・感情の振れ幅を最大にする。特定の声優・俳優・実在人物本人の声を模倣しない。,成人の低めの声。音量は大きく変化させる。語速は標準で、息を自然に保つ。軽いかすれを残す。冷淡にしすぎない、誇張は必要な場面だけにする。粗い青年低音で好戦的に笑い、速い熱血少年より遅く邪気を濃くする。負傷時は息が崩れる瞬間と痛みの反射を入れ、長く演じすぎない。特定の声優・俳優・実在人物本人の声を模倣しない。,成人の低めの声。音量は大きく変化させる。語速は標準で、息を自然に保つ。軽いかすれを残す。冷淡にしすぎない、誇張は必要な場面だけにする。粗い青年低音で好戦的に笑い、速い熱血少年より遅く邪気を濃くする。死亡時は力が抜けていく呼吸と感情の終止を示し、余韻を残す。特定の声優・俳優・実在人物本人の声を模倣しない。
godie-u00j,賽菲洛斯,成人の低めの声。音量は中程度に抑える。語速は遅めで、息を自然に保つ。不要なかすれは加えない。冷淡さを明確に出す、誇張は必要な場面だけにする。深い共鳴と神性の圧迫を優雅な遅さで示し、普通の戦闘怒号にしない。平常時は設定された性格を自然に保つ。特定の声優・俳優・実在人物本人の声を模倣しない。,成人の低めの声。音量は中程度に抑える。語速は遅めで、息を自然に保つ。不要なかすれは加えない。冷淡さを明確に出す、誇張は必要な場面だけにする。深い共鳴と神性の圧迫を優雅な遅さで示し、普通の戦闘怒号にしない。攻撃時は語頭を鋭くし、息を短く押し出して音量と緊張を一段上げる。特定の声優・俳優・実在人物本人の声を模倣しない。,成人の低めの声。音量は中程度に抑える。語速は遅めで、息を自然に保つ。不要なかすれは加えない。冷淡さを明確に出す、誇張は必要な場面だけにする。深い共鳴と神性の圧迫を優雅な遅さで示し、普通の戦闘怒号にしない。必殺技では呼吸を一度溜め、音高・音量・感情の振れ幅を最大にする。特定の声優・俳優・実在人物本人の声を模倣しない。,成人の低めの声。音量は中程度に抑える。語速は遅めで、息を自然に保つ。不要なかすれは加えない。冷淡さを明確に出す、誇張は必要な場面だけにする。深い共鳴と神性の圧迫を優雅な遅さで示し、普通の戦闘怒号にしない。負傷時は息が崩れる瞬間と痛みの反射を入れ、長く演じすぎない。特定の声優・俳優・実在人物本人の声を模倣しない。,成人の低めの声。音量は中程度に抑える。語速は遅めで、息を自然に保つ。不要なかすれは加えない。冷淡さを明確に出す、誇張は必要な場面だけにする。深い共鳴と神性の圧迫を優雅な遅さで示し、普通の戦闘怒号にしない。死亡時は力が抜けていく呼吸と感情の終止を示し、余韻を残す。特定の声優・俳優・実在人物本人の声を模倣しない。
godie-u00k,死之王,成人の低めの声。音量は中程度に抑える。語速は遅めで、息を自然に保つ。不要なかすれは加えない。冷淡にしすぎない、誇張は必要な場面だけにする。超低音で宗教的な宣告をゆっくり行い、加工前の乾いた声も保つ。平常時は設定された性格を自然に保つ。特定の声優・俳優・実在人物本人の声を模倣しない。,成人の低めの声。音量は中程度に抑える。語速は遅めで、息を自然に保つ。不要なかすれは加えない。冷淡にしすぎない、誇張は必要な場面だけにする。超低音で宗教的な宣告をゆっくり行い、加工前の乾いた声も保つ。攻撃時は語頭を鋭くし、息を短く押し出して音量と緊張を一段上げる。特定の声優・俳優・実在人物本人の声を模倣しない。,成人の低めの声。音量は中程度に抑える。語速は遅めで、息を自然に保つ。不要なかすれは加えない。冷淡にしすぎない、誇張は必要な場面だけにする。超低音で宗教的な宣告をゆっくり行い、加工前の乾いた声も保つ。必殺技では呼吸を一度溜め、音高・音量・感情の振れ幅を最大にする。特定の声優・俳優・実在人物本人の声を模倣しない。,成人の低めの声。音量は中程度に抑える。語速は遅めで、息を自然に保つ。不要なかすれは加えない。冷淡にしすぎない、誇張は必要な場面だけにする。超低音で宗教的な宣告をゆっくり行い、加工前の乾いた声も保つ。負傷時は息が崩れる瞬間と痛みの反射を入れ、長く演じすぎない。特定の声優・俳優・実在人物本人の声を模倣しない。,成人の低めの声。音量は中程度に抑える。語速は遅めで、息を自然に保つ。不要なかすれは加えない。冷淡にしすぎない、誇張は必要な場面だけにする。超低音で宗教的な宣告をゆっくり行い、加工前の乾いた声も保つ。死亡時は力が抜けていく呼吸と感情の終止を示し、余韻を残す。特定の声優・俳優・実在人物本人の声を模倣しない。
godie-u00l,拳四郎,成人の中程度の声。音量は中程度に抑える。語速は標準で、息を自然に保つ。不要なかすれは加えない。冷淡にしすぎない、誇張は必要な場面だけにする。硬派な冷語から連続する鋭い攻撃声へ、一気に爆発させる。平常時は設定された性格を自然に保つ。特定の声優・俳優・実在人物本人の声を模倣しない。,成人の中程度の声。音量は中程度に抑える。語速は標準で、息を自然に保つ。不要なかすれは加えない。冷淡にしすぎない、誇張は必要な場面だけにする。硬派な冷語から連続する鋭い攻撃声へ、一気に爆発させる。攻撃時は語頭を鋭くし、息を短く押し出して音量と緊張を一段上げる。特定の声優・俳優・実在人物本人の声を模倣しない。,成人の中程度の声。音量は中程度に抑える。語速は標準で、息を自然に保つ。不要なかすれは加えない。冷淡にしすぎない、誇張は必要な場面だけにする。硬派な冷語から連続する鋭い攻撃声へ、一気に爆発させる。必殺技では呼吸を一度溜め、音高・音量・感情の振れ幅を最大にする。特定の声優・俳優・実在人物本人の声を模倣しない。,成人の中程度の声。音量は中程度に抑える。語速は標準で、息を自然に保つ。不要なかすれは加えない。冷淡にしすぎない、誇張は必要な場面だけにする。硬派な冷語から連続する鋭い攻撃声へ、一気に爆発させる。負傷時は息が崩れる瞬間と痛みの反射を入れ、長く演じすぎない。特定の声優・俳優・実在人物本人の声を模倣しない。,成人の中程度の声。音量は中程度に抑える。語速は標準で、息を自然に保つ。不要なかすれは加えない。冷淡にしすぎない、誇張は必要な場面だけにする。硬派な冷語から連続する鋭い攻撃声へ、一気に爆発させる。死亡時は力が抜けていく呼吸と感情の終止を示し、余韻を残す。特定の声優・俳優・実在人物本人の声を模倣しない。
godie-u00n,蒙其.D.魯夫,少年・少女の高めの声。音量は中程度に抑える。語速は速めで、息を自然に保つ。不要なかすれは加えない。冷淡にしすぎない、誇張を大きく使う。率直な鼻声と巨大な笑いを使い、単なる可愛い児童声にはしない。平常時は設定された性格を自然に保つ。特定の声優・俳優・実在人物本人の声を模倣しない。,少年・少女の高めの声。音量は中程度に抑える。語速は速めで、息を自然に保つ。不要なかすれは加えない。冷淡にしすぎない、誇張を大きく使う。率直な鼻声と巨大な笑いを使い、単なる可愛い児童声にはしない。攻撃時は語頭を鋭くし、息を短く押し出して音量と緊張を一段上げる。特定の声優・俳優・実在人物本人の声を模倣しない。,少年・少女の高めの声。音量は中程度に抑える。語速は速めで、息を自然に保つ。不要なかすれは加えない。冷淡にしすぎない、誇張を大きく使う。率直な鼻声と巨大な笑いを使い、単なる可愛い児童声にはしない。必殺技では呼吸を一度溜め、音高・音量・感情の振れ幅を最大にする。特定の声優・俳優・実在人物本人の声を模倣しない。,少年・少女の高めの声。音量は中程度に抑える。語速は速めで、息を自然に保つ。不要なかすれは加えない。冷淡にしすぎない、誇張を大きく使う。率直な鼻声と巨大な笑いを使い、単なる可愛い児童声にはしない。負傷時は息が崩れる瞬間と痛みの反射を入れ、長く演じすぎない。特定の声優・俳優・実在人物本人の声を模倣しない。,少年・少女の高めの声。音量は中程度に抑える。語速は速めで、息を自然に保つ。不要なかすれは加えない。冷淡にしすぎない、誇張を大きく使う。率直な鼻声と巨大な笑いを使い、単なる可愛い児童声にはしない。死亡時は力が抜けていく呼吸と感情の終止を示し、余韻を残す。特定の声優・俳優・実在人物本人の声を模倣しない。
godie-u00v,基廉列克,年齢を感じさせない非人間の低めの声。音量は中程度に抑える。語速は標準で、呼吸音を表現の中心にする。不要なかすれは加えない。冷淡にしすぎない、誇張は必要な場面だけにする。完全な文を避け、低い鼻息、唸り、怒りの爆発を非言語音で表す。平常時は設定された性格を自然に保つ。特定の声優・俳優・実在人物本人の声を模倣しない。,年齢を感じさせない非人間の低めの声。音量は中程度に抑える。語速は標準で、呼吸音を表現の中心にする。不要なかすれは加えない。冷淡にしすぎない、誇張は必要な場面だけにする。完全な文を避け、低い鼻息、唸り、怒りの爆発を非言語音で表す。攻撃時は語頭を鋭くし、息を短く押し出して音量と緊張を一段上げる。特定の声優・俳優・実在人物本人の声を模倣しない。,年齢を感じさせない非人間の低めの声。音量は中程度に抑える。語速は標準で、呼吸音を表現の中心にする。不要なかすれは加えない。冷淡にしすぎない、誇張は必要な場面だけにする。完全な文を避け、低い鼻息、唸り、怒りの爆発を非言語音で表す。必殺技では呼吸を一度溜め、音高・音量・感情の振れ幅を最大にする。特定の声優・俳優・実在人物本人の声を模倣しない。,年齢を感じさせない非人間の低めの声。音量は中程度に抑える。語速は標準で、呼吸音を表現の中心にする。不要なかすれは加えない。冷淡にしすぎない、誇張は必要な場面だけにする。完全な文を避け、低い鼻息、唸り、怒りの爆発を非言語音で表す。負傷時は息が崩れる瞬間と痛みの反射を入れ、長く演じすぎない。特定の声優・俳優・実在人物本人の声を模倣しない。,年齢を感じさせない非人間の低めの声。音量は中程度に抑える。語速は標準で、呼吸音を表現の中心にする。不要なかすれは加えない。冷淡にしすぎない、誇張は必要な場面だけにする。完全な文を避け、低い鼻息、唸り、怒りの爆発を非言語音で表す。死亡時は力が抜けていく呼吸と感情の終止を示し、余韻を残す。特定の声優・俳優・実在人物本人の声を模倣しない。
godie-u010,飛影,成人の高めの声。音量は中程度に抑える。語速は速めで、息を自然に保つ。不要なかすれは加えない。冷淡にしすぎない、誇張は必要な場面だけにする。高い位置の短く傲慢な男声を保ち、大技だけ鋭い長い叫びへ広げる。平常時は設定された性格を自然に保つ。特定の声優・俳優・実在人物本人の声を模倣しない。,成人の高めの声。音量は中程度に抑える。語速は速めで、息を自然に保つ。不要なかすれは加えない。冷淡にしすぎない、誇張は必要な場面だけにする。高い位置の短く傲慢な男声を保ち、大技だけ鋭い長い叫びへ広げる。攻撃時は語頭を鋭くし、息を短く押し出して音量と緊張を一段上げる。特定の声優・俳優・実在人物本人の声を模倣しない。,成人の高めの声。音量は中程度に抑える。語速は速めで、息を自然に保つ。不要なかすれは加えない。冷淡にしすぎない、誇張は必要な場面だけにする。高い位置の短く傲慢な男声を保ち、大技だけ鋭い長い叫びへ広げる。必殺技では呼吸を一度溜め、音高・音量・感情の振れ幅を最大にする。特定の声優・俳優・実在人物本人の声を模倣しない。,成人の高めの声。音量は中程度に抑える。語速は速めで、息を自然に保つ。不要なかすれは加えない。冷淡にしすぎない、誇張は必要な場面だけにする。高い位置の短く傲慢な男声を保ち、大技だけ鋭い長い叫びへ広げる。負傷時は息が崩れる瞬間と痛みの反射を入れ、長く演じすぎない。特定の声優・俳優・実在人物本人の声を模倣しない。,成人の高めの声。音量は中程度に抑える。語速は速めで、息を自然に保つ。不要なかすれは加えない。冷淡にしすぎない、誇張は必要な場面だけにする。高い位置の短く傲慢な男声を保ち、大技だけ鋭い長い叫びへ広げる。死亡時は力が抜けていく呼吸と感情の終止を示し、余韻を残す。特定の声優・俳優・実在人物本人の声を模倣しない。
godie-u01u,索隆,成人の低めの声。音量は中程度に抑える。語速は標準で、息を自然に保つ。不要なかすれは加えない。冷淡にしすぎない、誇張は必要な場面だけにする。低く気だるい苛立ちと、必殺技の太い叫びを明確に対比する。平常時は設定された性格を自然に保つ。特定の声優・俳優・実在人物本人の声を模倣しない。,成人の低めの声。音量は中程度に抑える。語速は標準で、息を自然に保つ。不要なかすれは加えない。冷淡にしすぎない、誇張は必要な場面だけにする。低く気だるい苛立ちと、必殺技の太い叫びを明確に対比する。攻撃時は語頭を鋭くし、息を短く押し出して音量と緊張を一段上げる。特定の声優・俳優・実在人物本人の声を模倣しない。,成人の低めの声。音量は中程度に抑える。語速は標準で、息を自然に保つ。不要なかすれは加えない。冷淡にしすぎない、誇張は必要な場面だけにする。低く気だるい苛立ちと、必殺技の太い叫びを明確に対比する。必殺技では呼吸を一度溜め、音高・音量・感情の振れ幅を最大にする。特定の声優・俳優・実在人物本人の声を模倣しない。,成人の低めの声。音量は中程度に抑える。語速は標準で、息を自然に保つ。不要なかすれは加えない。冷淡にしすぎない、誇張は必要な場面だけにする。低く気だるい苛立ちと、必殺技の太い叫びを明確に対比する。負傷時は息が崩れる瞬間と痛みの反射を入れ、長く演じすぎない。特定の声優・俳優・実在人物本人の声を模倣しない。,成人の低めの声。音量は中程度に抑える。語速は標準で、息を自然に保つ。不要なかすれは加えない。冷淡にしすぎない、誇張は必要な場面だけにする。低く気だるい苛立ちと、必殺技の太い叫びを明確に対比する。死亡時は力が抜けていく呼吸と感情の終止を示し、余韻を残す。特定の声優・俳優・実在人物本人の声を模倣しない。
godie-ubal,巴恩大魔王,老成の中程度の声。音量は中程度に抑える。語速は遅めで、息を自然に保つ。不要なかすれは加えない。冷淡にしすぎない、誇張は必要な場面だけにする。老王の沈着さと絶対的な自信を示し、軽薄な職業悪役声と区別する。平常時は設定された性格を自然に保つ。特定の声優・俳優・実在人物本人の声を模倣しない。,老成の中程度の声。音量は中程度に抑える。語速は遅めで、息を自然に保つ。不要なかすれは加えない。冷淡にしすぎない、誇張は必要な場面だけにする。老王の沈着さと絶対的な自信を示し、軽薄な職業悪役声と区別する。攻撃時は語頭を鋭くし、息を短く押し出して音量と緊張を一段上げる。特定の声優・俳優・実在人物本人の声を模倣しない。,老成の中程度の声。音量は中程度に抑える。語速は遅めで、息を自然に保つ。不要なかすれは加えない。冷淡にしすぎない、誇張は必要な場面だけにする。老王の沈着さと絶対的な自信を示し、軽薄な職業悪役声と区別する。必殺技では呼吸を一度溜め、音高・音量・感情の振れ幅を最大にする。特定の声優・俳優・実在人物本人の声を模倣しない。,老成の中程度の声。音量は中程度に抑える。語速は遅めで、息を自然に保つ。不要なかすれは加えない。冷淡にしすぎない、誇張は必要な場面だけにする。老王の沈着さと絶対的な自信を示し、軽薄な職業悪役声と区別する。負傷時は息が崩れる瞬間と痛みの反射を入れ、長く演じすぎない。特定の声優・俳優・実在人物本人の声を模倣しない。,老成の中程度の声。音量は中程度に抑える。語速は遅めで、息を自然に保つ。不要なかすれは加えない。冷淡にしすぎない、誇張は必要な場面だけにする。老王の沈着さと絶対的な自信を示し、軽薄な職業悪役声と区別する。死亡時は力が抜けていく呼吸と感情の終止を示し、余韻を残す。特定の声優・俳優・実在人物本人の声を模倣しない。
godie-udea,飛鼠先生,成人の中程度の声。音量は中程度に抑える。語速は速めで、息を自然に保つ。不要なかすれは加えない。冷淡にしすぎない、誇張を大きく使う。強い鼻腔共鳴のいたずらっぽい童声で高速にまくし立て、技では過剰な中二宣言へ急変する。平常時は設定された性格を自然に保つ。特定の声優・俳優・実在人物本人の声を模倣しない。,成人の中程度の声。音量は中程度に抑える。語速は速めで、息を自然に保つ。不要なかすれは加えない。冷淡にしすぎない、誇張を大きく使う。強い鼻腔共鳴のいたずらっぽい童声で高速にまくし立て、技では過剰な中二宣言へ急変する。攻撃時は語頭を鋭くし、息を短く押し出して音量と緊張を一段上げる。特定の声優・俳優・実在人物本人の声を模倣しない。,成人の中程度の声。音量は中程度に抑える。語速は速めで、息を自然に保つ。不要なかすれは加えない。冷淡にしすぎない、誇張を大きく使う。強い鼻腔共鳴のいたずらっぽい童声で高速にまくし立て、技では過剰な中二宣言へ急変する。必殺技では呼吸を一度溜め、音高・音量・感情の振れ幅を最大にする。特定の声優・俳優・実在人物本人の声を模倣しない。,成人の中程度の声。音量は中程度に抑える。語速は速めで、息を自然に保つ。不要なかすれは加えない。冷淡にしすぎない、誇張を大きく使う。強い鼻腔共鳴のいたずらっぽい童声で高速にまくし立て、技では過剰な中二宣言へ急変する。負傷時は息が崩れる瞬間と痛みの反射を入れ、長く演じすぎない。特定の声優・俳優・実在人物本人の声を模倣しない。,成人の中程度の声。音量は中程度に抑える。語速は速めで、息を自然に保つ。不要なかすれは加えない。冷淡にしすぎない、誇張を大きく使う。強い鼻腔共鳴のいたずらっぽい童声で高速にまくし立て、技では過剰な中二宣言へ急変する。死亡時は力が抜けていく呼吸と感情の終止を示し、余韻を残す。特定の声優・俳優・実在人物本人の声を模倣しない。
godie-hblm,慈悲的王者－賈修貝爾,子供の高めの声。音量は大きく変化させる。語速は標準で、息を自然に保つ。不要なかすれは加えない。冷淡にしすぎない、誇張は必要な場面だけにする。澄んだ幼い正義感を保ち、仲間を守る場面では未成熟な熱さを一気に高める。平常時は設定された性格を自然に保つ。特定の声優・俳優・実在人物本人の声を模倣しない。,子供の高めの声。音量は大きく変化させる。語速は標準で、息を自然に保つ。不要なかすれは加えない。冷淡にしすぎない、誇張は必要な場面だけにする。澄んだ幼い正義感を保ち、仲間を守る場面では未成熟な熱さを一気に高める。攻撃時は語頭を鋭くし、息を短く押し出して音量と緊張を一段上げる。特定の声優・俳優・実在人物本人の声を模倣しない。,子供の高めの声。音量は大きく変化させる。語速は標準で、息を自然に保つ。不要なかすれは加えない。冷淡にしすぎない、誇張は必要な場面だけにする。澄んだ幼い正義感を保ち、仲間を守る場面では未成熟な熱さを一気に高める。必殺技では呼吸を一度溜め、音高・音量・感情の振れ幅を最大にする。特定の声優・俳優・実在人物本人の声を模倣しない。,子供の高めの声。音量は大きく変化させる。語速は標準で、息を自然に保つ。不要なかすれは加えない。冷淡にしすぎない、誇張は必要な場面だけにする。澄んだ幼い正義感を保ち、仲間を守る場面では未成熟な熱さを一気に高める。負傷時は息が崩れる瞬間と痛みの反射を入れ、長く演じすぎない。特定の声優・俳優・実在人物本人の声を模倣しない。,子供の高めの声。音量は大きく変化させる。語速は標準で、息を自然に保つ。不要なかすれは加えない。冷淡にしすぎない、誇張は必要な場面だけにする。澄んだ幼い正義感を保ち、仲間を守る場面では未成熟な熱さを一気に高める。死亡時は力が抜けていく呼吸と感情の終止を示し、余韻を残す。特定の声優・俳優・実在人物本人の声を模倣しない。
godie-efur,揍敵客大家長－揍敵客桀諾,老成の中程度の声。音量は中程度に抑える。語速は標準で、息を自然に保つ。不要なかすれは加えない。冷淡さを明確に出す、誇張は必要な場面だけにする。老練な暗殺者の低く落ち着いた職人気質を保ち、脅しでも声を荒げすぎない。平常時は設定された性格を自然に保つ。特定の声優・俳優・実在人物本人の声を模倣しない。,老成の中程度の声。音量は中程度に抑える。語速は標準で、息を自然に保つ。不要なかすれは加えない。冷淡さを明確に出す、誇張は必要な場面だけにする。老練な暗殺者の低く落ち着いた職人気質を保ち、脅しでも声を荒げすぎない。攻撃時は語頭を鋭くし、息を短く押し出して音量と緊張を一段上げる。特定の声優・俳優・実在人物本人の声を模倣しない。,老成の中程度の声。音量は中程度に抑える。語速は標準で、息を自然に保つ。不要なかすれは加えない。冷淡さを明確に出す、誇張は必要な場面だけにする。老練な暗殺者の低く落ち着いた職人気質を保ち、脅しでも声を荒げすぎない。必殺技では呼吸を一度溜め、音高・音量・感情の振れ幅を最大にする。特定の声優・俳優・実在人物本人の声を模倣しない。,老成の中程度の声。音量は中程度に抑える。語速は標準で、息を自然に保つ。不要なかすれは加えない。冷淡さを明確に出す、誇張は必要な場面だけにする。老練な暗殺者の低く落ち着いた職人気質を保ち、脅しでも声を荒げすぎない。負傷時は息が崩れる瞬間と痛みの反射を入れ、長く演じすぎない。特定の声優・俳優・実在人物本人の声を模倣しない。,老成の中程度の声。音量は中程度に抑える。語速は標準で、息を自然に保つ。不要なかすれは加えない。冷淡さを明確に出す、誇張は必要な場面だけにする。老練な暗殺者の低く落ち着いた職人気質を保ち、脅しでも声を荒げすぎない。死亡時は力が抜けていく呼吸と感情の終止を示し、余韻を残す。特定の声優・俳優・実在人物本人の声を模倣しない。
godie-zombiex,聖杯黑泥醬－喪標麥可,成人の中程度の声。音量は中程度に抑える。語速は速めで、息を自然に保つ。不要なかすれは加えない。冷淡にしすぎない、誇張を大きく使う。粗く高エネルギーな喜劇的成人声で、台湾語のリズムと早口のまくし立てを活かす。平常時は設定された性格を自然に保つ。特定の声優・俳優・実在人物本人の声を模倣しない。,成人の中程度の声。音量は中程度に抑える。語速は速めで、息を自然に保つ。不要なかすれは加えない。冷淡にしすぎない、誇張を大きく使う。粗く高エネルギーな喜劇的成人声で、台湾語のリズムと早口のまくし立てを活かす。攻撃時は語頭を鋭くし、息を短く押し出して音量と緊張を一段上げる。特定の声優・俳優・実在人物本人の声を模倣しない。,成人の中程度の声。音量は中程度に抑える。語速は速めで、息を自然に保つ。不要なかすれは加えない。冷淡にしすぎない、誇張を大きく使う。粗く高エネルギーな喜劇的成人声で、台湾語のリズムと早口のまくし立てを活かす。必殺技では呼吸を一度溜め、音高・音量・感情の振れ幅を最大にする。特定の声優・俳優・実在人物本人の声を模倣しない。,成人の中程度の声。音量は中程度に抑える。語速は速めで、息を自然に保つ。不要なかすれは加えない。冷淡にしすぎない、誇張を大きく使う。粗く高エネルギーな喜劇的成人声で、台湾語のリズムと早口のまくし立てを活かす。負傷時は息が崩れる瞬間と痛みの反射を入れ、長く演じすぎない。特定の声優・俳優・実在人物本人の声を模倣しない。,成人の中程度の声。音量は中程度に抑える。語速は速めで、息を自然に保つ。不要なかすれは加えない。冷淡にしすぎない、誇張を大きく使う。粗く高エネルギーな喜劇的成人声で、台湾語のリズムと早口のまくし立てを活かす。死亡時は力が抜けていく呼吸と感情の終止を示し、余韻を残す。特定の声優・俳優・実在人物本人の声を模倣しない。
