id,name_original,name_key,model_path,category,source,classification_source,canonical_character,origin_work,origin_type,origin_status,origin_note,related_origin_work,origin_sources,origin_local_evidence
13,天道佩恩,Name_Pain,../DATA/CHARACTER/ROLEACTION/013.x,formal,official_client_hero_c.dat,300data.com,天道佩恩（彌彥外貌；長門操縱）,火影忍者 NARUTO,漫畫／動畫,角色身分對照,,,https://300data.com/hero/13.html; https://300data.com/data/api/hero_info/id/13,evidence/hero-backgrounds/13.json
17,平和岛静雄,Name_CattleKing,../DATA/CHARACTER/ROLEACTION/017.x,formal,official_client_hero_c.dat,300data.com,平和岛静雄,無頭騎士異聞錄 DuRaRaRa!!,小說／動畫,角色身分對照,,,https://300data.com/hero/17.html; https://300data.com/data/api/hero_info/id/17,evidence/hero-backgrounds/17.json
18,唐僧,Name_ProtectLing,../DATA/CHARACTER/ROLEACTION/018.x,extra,official_client_hero_c.dat,300data.com,唐三藏／唐僧,西遊記,文學／民間故事題材,題材確認；具體改編版本未定,特殊／非正式條目；只能確認西遊記人物，未指定某部動畫版本。,,https://300data.com/hero/18.html; https://300data.com/data/api/hero_info/id/18,evidence/hero-backgrounds/18.json
20,阿尔冯斯,Name_RockColossus,../DATA/CHARACTER/ROLEACTION/020.x,formal,official_client_hero_c.dat,300data.com,阿爾馮斯·艾力克,鋼之鍊金術師,漫畫／動畫,角色身分對照,,,https://300data.com/hero/20.html; https://300data.com/data/api/hero_info/id/20,evidence/hero-backgrounds/20.json
23,齐天小剩,Name_Monkey,../DATA/CHARACTER/ROLEACTION/023.x,formal,official_client_hero_c.dat,300data.com,齐天小剩,300英雄：西遊記題材改編,遊戲改編角色,題材確認；具體改編版本未定,背景、筋斗雲與金箍棒可確認西遊記題材；成就名「悠嘻猴」不足以確認來自同名 IP。保留本作改編角色身分。,,https://300data.com/hero/23.html; https://300data.com/data/api/hero_info/id/23; https://news.4399.com/300/yingxiong/844225.html; https://img.300data.com/300data/res/ui/hero/23.bmp,evidence/hero-backgrounds/23.json
29,沙耶,Name_ShaYe,../DATA/CHARACTER/ROLEACTION/029.x,formal,official_client_hero_c.dat,300data.com,沙耶,沙耶之歌,遊戲,角色身分對照,,,https://300data.com/hero/29.html; https://300data.com/data/api/hero_info/id/29,evidence/hero-backgrounds/29.json
30,哈桑,Name_Assassin,../DATA/CHARACTER/ROLEACTION/030.x,formal,official_client_hero_c.dat,300data.com,咒腕之哈桑,Fate/stay night,遊戲／動漫,角色身分對照,成就明寫「咒腕之哈桑」，不是 Fate/Zero 的百貌之哈桑。,,https://300data.com/hero/30.html; https://300data.com/data/api/hero_info/id/30,evidence/hero-backgrounds/30.json
31,天天,Name_jifengzhiren,../DATA/CHARACTER/ROLEACTION/031.x,formal,official_client_hero_c.dat,300data.com,天天,火影忍者 NARUTO,漫畫／動畫,角色身分對照,,,https://300data.com/hero/31.html; https://300data.com/data/api/hero_info/id/31,evidence/hero-backgrounds/31.json
32,本多二代,Name_benduoerdai,../DATA/CHARACTER/ROLEACTION/032.x,formal,official_client_hero_c.dat,300data.com,本多二代,境界線上的地平線,小說／動畫,角色身分對照,,,https://300data.com/hero/32.html; https://300data.com/data/api/hero_info/id/32,evidence/hero-backgrounds/32.json
33,凸守早苗,Name_tushouzaomiao,../DATA/CHARACTER/ROLEACTION/033.x,formal,official_client_hero_c.dat,300data.com,凸守早苗,中二病也想談戀愛！,小說／動畫,角色身分對照,,,https://300data.com/hero/33.html; https://300data.com/data/api/hero_info/id/33,evidence/hero-backgrounds/33.json
34,雪菜,Name_jizhongxuecai,../DATA/CHARACTER/ROLEACTION/034.x,formal,official_client_hero_c.dat,300data.com,姬柊雪菜,噬血狂襲,小說／動畫,角色身分對照,,,https://300data.com/hero/34.html; https://300data.com/data/api/hero_info/id/34,evidence/hero-backgrounds/34.json
35,圣大人,Name_shengdaren,../DATA/CHARACTER/ROLEACTION/035.x,formal,official_client_hero_c.dat,300data.com,桔梗,犬夜叉,漫畫／動畫,角色身分對照,,,https://300data.com/hero/35.html; https://300data.com/data/api/hero_info/id/35,evidence/hero-backgrounds/35.json
36,富樫勇太,Name_fujianyongtai,../DATA/CHARACTER/ROLEACTION/036.x,formal,official_client_hero_c.dat,300data.com,富樫勇太,中二病也想談戀愛！,小說／動畫,角色身分對照,,,https://300data.com/hero/36.html; https://300data.com/data/api/hero_info/id/36,evidence/hero-backgrounds/36.json
37,司波深雪,Name_siboshenxue,../DATA/CHARACTER/ROLEACTION/037.x,formal,official_client_hero_c.dat,300data.com,司波深雪,魔法科高中的劣等生,小說／動畫,角色身分對照,,,https://300data.com/hero/37.html; https://300data.com/data/api/hero_info/id/37,evidence/hero-backgrounds/37.json
38,风音日和,Name_fengyinrihe,../DATA/CHARACTER/ROLEACTION/038.x,formal,official_client_hero_c.dat,300data.com,风音日和,天降之物,漫畫／動畫,角色身分對照,,,https://300data.com/hero/38.html; https://300data.com/data/api/hero_info/id/38,evidence/hero-backgrounds/38.json
39,土间埋,Name_tujianmai,../DATA/CHARACTER/ROLEACTION/039.x,formal,official_client_hero_c.dat,300data.com,土间埋,干物妹！小埋,漫畫／動畫,角色身分對照,,,https://300data.com/hero/39.html; https://300data.com/data/api/hero_info/id/39,evidence/hero-backgrounds/39.json
40,战场原黑仪,Name_zhanchangyuanheiyi,../DATA/CHARACTER/ROLEACTION/040.x,formal,official_client_hero_c.dat,300data.com,战场原黑仪,物語系列,小說／動畫,角色身分對照,,,https://300data.com/hero/40.html; https://300data.com/data/api/hero_info/id/40,evidence/hero-backgrounds/40.json
41,赫拉克勒斯,Name_helakelesi,../DATA/CHARACTER/ROLEACTION/041.x,formal,official_client_hero_c.dat,300data.com,赫拉克勒斯,Fate/stay night,遊戲／動漫,角色身分對照,,,https://300data.com/hero/41.html; https://300data.com/data/api/hero_info/id/41,evidence/hero-backgrounds/41.json
42,缇娜,Name_tina,../DATA/CHARACTER/ROLEACTION/042.x,formal,official_client_hero_c.dat,300data.com,緹娜·斯普萊特,黑色子彈／漆黑的子彈,小說／動畫,角色身分對照,,,https://300data.com/hero/42.html; https://300data.com/data/api/hero_info/id/42,evidence/hero-backgrounds/42.json
43,弗兰肯斯坦,Name_fulankensitan,../DATA/CHARACTER/ROLEACTION/043.x,formal,official_client_hero_c.dat,300data.com,弗兰肯斯坦,Fate/Apocrypha,小說／動畫,角色身分對照,,,https://300data.com/hero/43.html; https://300data.com/data/api/hero_info/id/43,evidence/hero-backgrounds/43.json
44,跳跃临时工,Name_muli,../DATA/CHARACTER/ROLEACTION/128.x,extra,official_client_hero_c.dat,300data.com,牟笠／食之忍者,300英雄原創,遊戲原創,角色身分對照,本作原創忍者牟笠；「跳躍臨時工」是目前資料名稱。,,https://300data.com/hero/44.html; https://300data.com/data/api/hero_info/id/44,evidence/hero-backgrounds/44.json
45,浅间·智,Name_qianjianzhi,../DATA/CHARACTER/ROLEACTION/045.x,formal,official_client_hero_c.dat,300data.com,浅间·智,境界線上的地平線,小說／動畫,角色身分對照,,,https://300data.com/hero/45.html; https://300data.com/data/api/hero_info/id/45,evidence/hero-backgrounds/45.json
46,莉娜·因巴斯,Name_linayinbasi,../DATA/CHARACTER/ROLEACTION/046.x,formal,official_client_hero_c.dat,300data.com,莉娜·因巴斯,秀逗魔導士 Slayers,小說／動畫,角色身分對照,,,https://300data.com/hero/46.html; https://300data.com/data/api/hero_info/id/46,evidence/hero-backgrounds/46.json
47,七宫智音,Name_qigongzhiyin,../DATA/CHARACTER/ROLEACTION/047.x,formal,official_client_hero_c.dat,300data.com,七宫智音,中二病也想談戀愛！,小說／動畫,角色身分對照,,,https://300data.com/hero/47.html; https://300data.com/data/api/hero_info/id/47,evidence/hero-backgrounds/47.json
48,草帽小子,Name_lufei,../DATA/CHARACTER/ROLEACTION/074.x,formal,official_client_hero_c.dat,300data.com,蒙其·D·魯夫,ONE PIECE 航海王,漫畫／動畫,角色身分對照,,,https://300data.com/hero/48.html; https://300data.com/data/api/hero_info/id/48,evidence/hero-backgrounds/48.json
50,黑羽快斗,Name_HeiYuKuaiDou,../DATA/CHARACTER/ROLEACTION/050.x,formal,official_client_hero_c.dat,300data.com,黑羽快斗／怪盜基德,神偷怪盜／魔術快斗；名偵探柯南,漫畫／動畫,角色身分對照,原作出自《神偷怪盜／魔術快斗》，亦跨作登場於《名偵探柯南》。,,https://300data.com/hero/50.html; https://300data.com/data/api/hero_info/id/50,evidence/hero-backgrounds/50.json
51,匹诺曹,Name_wusuopu,../DATA/CHARACTER/ROLEACTION/051.x,formal,official_client_hero_c.dat,300data.com,騙人布／烏索普,ONE PIECE 航海王,漫畫／動畫,角色身分對照,是航海王的騙人布，不是《木偶奇遇記》的匹諾曹。,,https://300data.com/hero/51.html; https://300data.com/data/api/hero_info/id/51,evidence/hero-backgrounds/51.json
52,我受罗,Name_woailuo,../DATA/CHARACTER/ROLEACTION/052.x,formal,official_client_hero_c.dat,300data.com,我愛羅,火影忍者 NARUTO,漫畫／動畫,角色身分對照,,,https://300data.com/hero/52.html; https://300data.com/data/api/hero_info/id/52,evidence/hero-backgrounds/52.json
53,亚瑟王,Name_saber,../DATA/CHARACTER/ROLEACTION/053.x,formal,official_client_hero_c.dat,300data.com,阿爾托莉亞·潘德拉剛（Saber）,Fate/stay night,遊戲／動漫,角色身分對照,,,https://300data.com/hero/53.html; https://300data.com/data/api/hero_info/id/53,evidence/hero-backgrounds/53.json
54,神乐,Name_xialuote,../DATA/CHARACTER/ROLEACTION/054.x,formal,official_client_hero_c.dat,300data.com,神樂,銀魂,漫畫／動畫,已對照；含跨作或改名沿革,目前名稱與預設立繪為《銀魂》神樂；舊名西洋劍姬／夏洛特、Name_xialuote 與舊背景仍留存，舊原型關聯《侍魂》。,,https://300data.com/hero/54.html; https://300data.com/data/api/hero_info/id/54; https://news.4399.com/300/xinwen/937207.html; https://img.300data.com/300data/res/ui/hero/54.bmp,evidence/hero-backgrounds/54.json
55,雅典娜,Name_yadianna,../DATA/CHARACTER/ROLEACTION/055.x,formal,official_client_hero_c.dat,300data.com,雅典娜／城戶紗織,聖鬥士星矢,漫畫／動畫,角色身分對照,背景提及聖鬥士，按《聖鬥士星矢》角色對照，非泛指希臘神話神祇。,,https://300data.com/hero/55.html; https://300data.com/data/api/hero_info/id/55,evidence/hero-backgrounds/55.json
56,巴依老爷,Name_shilaike,../DATA/CHARACTER/ROLEACTION/056.x,formal,official_client_hero_c.dat,300data.com,巴依老爷,阿凡提故事題材（300英雄改編）,民間故事／動畫題材,題材確認；具體改編版本未定,目前背景對應阿凡提故事中的巴依老爺；未核定某一動畫版本。Name_shilaike 是舊資料線索，不據此將目前角色列為《史瑞克》。,,https://300data.com/hero/56.html; https://300data.com/data/api/hero_info/id/56; https://300-heroes.fandom.com/wiki/Afanti,evidence/hero-backgrounds/56.json
57,乔帮主,Name_qiaoba,../DATA/CHARACTER/ROLEACTION/057.x,formal,official_client_hero_c.dat,300data.com,多尼多尼·喬巴,ONE PIECE 航海王,漫畫／動畫,角色身分對照,,,https://300data.com/hero/57.html; https://300data.com/data/api/hero_info/id/57,evidence/hero-backgrounds/57.json
58,神目黑刀,Name_yingyan,../DATA/CHARACTER/ROLEACTION/058.x,formal,official_client_hero_c.dat,300data.com,喬拉可爾·密佛格（鷹眼）,ONE PIECE 航海王,漫畫／動畫,角色身分對照,,,https://300data.com/hero/58.html; https://300data.com/data/api/hero_info/id/58,evidence/hero-backgrounds/58.json
59,库奇,Name_croki,../DATA/CHARACTER/ROLEACTION/059.x,extra,official_client_hero_c.dat,300data.com,库奇,300英雄原創,遊戲原創,角色身分對照,本作機甲少女；名稱和 Name_croki 不足以將她列為《英雄聯盟》的庫奇。,,https://300data.com/hero/59.html; https://300data.com/data/api/hero_info/id/59,evidence/hero-backgrounds/59.json
60,立花响,Name_lihuaxiang,../DATA/CHARACTER/ROLEACTION/060.x,formal,official_client_hero_c.dat,300data.com,立花响,戰姬絕唱 SYMPHOGEAR,動畫,角色身分對照,,,https://300data.com/hero/60.html; https://300data.com/data/api/hero_info/id/60,evidence/hero-backgrounds/60.json
61,貂蝉,Name_diaochan,../DATA/CHARACTER/ROLEACTION/061.x,formal,official_client_hero_c.dat,300data.com,貂蝉,三國演義題材（300英雄改編）,文學題材,題材確認；具體改編版本未定,背景使用貂蟬、董卓、呂布的三國故事；沒有足夠依據指向特定動漫或其他遊戲版本。,,https://300data.com/hero/61.html; https://300data.com/data/api/hero_info/id/61,evidence/hero-backgrounds/61.json
62,摩尔迦娜,Name_zhangfei,../DATA/CHARACTER/ROLEACTION/062.x,formal,official_client_hero_c.dat,300data.com,摩尔迦娜,MAGI 魔奇少年,漫畫／動畫,角色身分對照,,,https://300data.com/hero/62.html; https://300data.com/data/api/hero_info/id/62,evidence/hero-backgrounds/62.json
63,梅比斯,Name_meibisi,../DATA/CHARACTER/ROLEACTION/063.x,formal,official_client_hero_c.dat,300data.com,梅比斯,FAIRY TAIL 魔導少年／妖精的尾巴,漫畫／動畫,角色身分對照,,,https://300data.com/hero/63.html; https://300data.com/data/api/hero_info/id/63,evidence/hero-backgrounds/63.json
64,白鬼院凛凛蝶,Name_baiguiyuanlinlindie,../DATA/CHARACTER/ROLEACTION/064.x,formal,official_client_hero_c.dat,300data.com,白鬼院凛凛蝶,妖狐×僕SS,漫畫／動畫,角色身分對照,,,https://300data.com/hero/64.html; https://300data.com/data/api/hero_info/id/64,evidence/hero-backgrounds/64.json
65,蛇叔,Name_dashewan,../DATA/CHARACTER/ROLEACTION/065.x,formal,official_client_hero_c.dat,300data.com,大蛇丸,火影忍者 NARUTO,漫畫／動畫,角色身分對照,,,https://300data.com/hero/65.html; https://300data.com/data/api/hero_info/id/65,evidence/hero-backgrounds/65.json
66,蛇血舞姬,Name_hamcock,../DATA/CHARACTER/ROLEACTION/066.x,formal,official_client_hero_c.dat,300data.com,波雅·漢考克,ONE PIECE 航海王,漫畫／動畫,角色身分對照,,,https://300data.com/hero/66.html; https://300data.com/data/api/hero_info/id/66,evidence/hero-backgrounds/66.json
67,火拳·S,Name_aisi,../DATA/CHARACTER/ROLEACTION/067.x,formal,official_client_hero_c.dat,300data.com,波特卡斯·D·艾斯,ONE PIECE 航海王,漫畫／動畫,角色身分對照,,,https://300data.com/hero/67.html; https://300data.com/data/api/hero_info/id/67,evidence/hero-backgrounds/67.json
69,左二少,Name_zuozhu,../DATA/CHARACTER/ROLEACTION/069.x,formal,official_client_hero_c.dat,300data.com,宇智波佐助,火影忍者 NARUTO,漫畫／動畫,角色身分對照,,,https://300data.com/hero/69.html; https://300data.com/data/api/hero_info/id/69,evidence/hero-backgrounds/69.json
70,青丘国主,Name_mingren,../DATA/CHARACTER/ROLEACTION/070.x,formal,official_client_hero_c.dat,300data.com,漩渦鳴人,火影忍者 NARUTO,漫畫／動畫,角色身分對照,,,https://300data.com/hero/70.html; https://300data.com/data/api/hero_info/id/70,evidence/hero-backgrounds/70.json
71,胡子船长,Name_baihuzi,../DATA/CHARACTER/ROLEACTION/071.x,formal,official_client_hero_c.dat,300data.com,艾德華·紐蓋特（白鬍子）,ONE PIECE 航海王,漫畫／動畫,角色身分對照,,,https://300data.com/hero/71.html; https://300data.com/data/api/hero_info/id/71,evidence/hero-backgrounds/71.json
72,卡殿下,Name_kakaxi,../DATA/CHARACTER/ROLEACTION/072.x,formal,official_client_hero_c.dat,300data.com,旗木卡卡西,火影忍者 NARUTO,漫畫／動畫,角色身分對照,,,https://300data.com/hero/72.html; https://300data.com/data/api/hero_info/id/72,evidence/hero-backgrounds/72.json
75,纳兹,Name_nazi,../DATA/CHARACTER/ROLEACTION/075.x,formal,official_client_hero_c.dat,300data.com,纳兹,FAIRY TAIL 魔導少年／妖精的尾巴,漫畫／動畫,角色身分對照,,,https://300data.com/hero/75.html; https://300data.com/data/api/hero_info/id/75,evidence/hero-backgrounds/75.json
76,狂暴补师,Name_asuna,../DATA/CHARACTER/ROLEACTION/076.x,formal,official_client_hero_c.dat,300data.com,亞絲娜／結城明日奈,刀劍神域 Sword Art Online,小說／動畫,角色身分對照,,,https://300data.com/hero/76.html; https://300data.com/data/api/hero_info/id/76,evidence/hero-backgrounds/76.json
78,盗贼娃,Name_rogue,../DATA/CHARACTER/ROLEACTION/078.x,formal,official_client_hero_c.dat,300data.com,盗贼娃,葫蘆兄弟／葫蘆娃,中國動畫,角色身分對照,葫蘆兄弟的職業化改編名稱；此表不依職業名臆定排行。,,https://300data.com/hero/78.html; https://300data.com/data/api/hero_info/id/78,evidence/hero-backgrounds/78.json
79,法师娃,Name_fda,../DATA/CHARACTER/ROLEACTION/079.x,formal,official_client_hero_c.dat,300data.com,法师娃,葫蘆兄弟／葫蘆娃,中國動畫,角色身分對照,葫蘆兄弟的職業化改編名稱；此表不依職業名臆定排行。,,https://300data.com/hero/79.html; https://300data.com/data/api/hero_info/id/79,evidence/hero-backgrounds/79.json
80,术士娃,Name_shushiwa,../DATA/CHARACTER/ROLEACTION/080.x,formal,official_client_hero_c.dat,300data.com,术士娃,葫蘆兄弟／葫蘆娃,中國動畫,角色身分對照,葫蘆兄弟的職業化改編名稱；此表不依職業名臆定排行。,,https://300data.com/hero/80.html; https://300data.com/data/api/hero_info/id/80,evidence/hero-backgrounds/80.json
81,骑士娃,Name_qishiwa,../DATA/CHARACTER/ROLEACTION/081.x,formal,official_client_hero_c.dat,300data.com,骑士娃,葫蘆兄弟／葫蘆娃,中國動畫,角色身分對照,葫蘆兄弟的職業化改編名稱；此表不依職業名臆定排行。,,https://300data.com/hero/81.html; https://300data.com/data/api/hero_info/id/81,evidence/hero-backgrounds/81.json
82,牧师娃,Name_cleric,../DATA/CHARACTER/ROLEACTION/082.x,formal,official_client_hero_c.dat,300data.com,牧师娃,葫蘆兄弟／葫蘆娃,中國動畫,角色身分對照,葫蘆兄弟的職業化改編名稱；此表不依職業名臆定排行。,,https://300data.com/hero/82.html; https://300data.com/data/api/hero_info/id/82,evidence/hero-backgrounds/82.json
83,猎人娃,Name_hunter,../DATA/CHARACTER/ROLEACTION/083.x,formal,official_client_hero_c.dat,300data.com,猎人娃,葫蘆兄弟／葫蘆娃,中國動畫,角色身分對照,葫蘆兄弟的職業化改編名稱；此表不依職業名臆定排行。,,https://300data.com/hero/83.html; https://300data.com/data/api/hero_info/id/83,evidence/hero-backgrounds/83.json
84,战士娃,Name_warrior,../DATA/CHARACTER/ROLEACTION/077.x,formal,official_client_hero_c.dat,300data.com,战士娃,葫蘆兄弟／葫蘆娃,中國動畫,角色身分對照,葫蘆兄弟的職業化改編名稱；此表不依職業名臆定排行。,,https://300data.com/hero/84.html; https://300data.com/data/api/hero_info/id/84,evidence/hero-backgrounds/84.json
85,佐罗,Name_suolong,../DATA/CHARACTER/ROLEACTION/085.x,formal,official_client_hero_c.dat,300data.com,羅羅亞·索隆,ONE PIECE 航海王,漫畫／動畫,角色身分對照,,,https://300data.com/hero/85.html; https://300data.com/data/api/hero_info/id/85,evidence/hero-backgrounds/85.json
86,死神,Name_sishen,../DATA/CHARACTER/ROLEACTION/086.x,formal,official_client_hero_c.dat,300data.com,死神,300英雄原創,遊戲原創,角色身分對照,本作死神角色，不是作品《BLEACH 死神》中的黑崎一護。,,https://300data.com/hero/86.html; https://300data.com/data/api/hero_info/id/86,evidence/hero-backgrounds/86.json
87,幻刺·L·莉莉,Name_xue,../DATA/CHARACTER/ROLEACTION/087.x,formal,official_client_hero_c.dat,300data.com,莉莉（幻影刺客姐妹之一）,300英雄原創,遊戲原創,角色身分對照,基礎身分為本作莉莉；阿良良木月火是另一個造型身分，不能把整筆英雄及所有皮膚都歸入《物語》。,,https://300data.com/hero/87.html; https://300data.com/data/api/hero_info/id/87; https://300data.com/data/api/hero_skin_list/id/87,evidence/hero-backgrounds/87.json
88,舰队统帅,Name_luojie,../DATA/CHARACTER/ROLEACTION/088.x,extra,official_client_hero_c.dat,300data.com,羅傑（本作艦隊統帥）,300英雄原創,遊戲原創,角色身分對照,背景名為羅傑並提及昆卡／幽靈船，含 DotA 致敬；不是《航海王》的哥爾·D·羅傑。,,https://300data.com/hero/88.html; https://300data.com/data/api/hero_info/id/88; https://moegirl.uk/index.php?title=300%E8%8B%B1%E9%9B%84&variant=zh-cn,evidence/hero-backgrounds/88.json
89,幻刺·D·露西,Name_xue2,../DATA/CHARACTER/ROLEACTION/089.x,extra,official_client_hero_c.dat,300data.com,露西（幻影刺客姐妹之一）,300英雄原創,遊戲原創,角色身分對照,基礎身分為本作露西；阿良良木火憐是另一個造型身分，需於皮膚層另外對照。,,https://300data.com/hero/89.html; https://300data.com/data/api/hero_info/id/89; https://300data.com/data/api/hero_skin_list/id/89,evidence/hero-backgrounds/89.json
90,美狄亚,Name_meidiya,../DATA/CHARACTER/ROLEACTION/090.x,formal,official_client_hero_c.dat,300data.com,美狄亞（Caster）,Fate/stay night,遊戲／動漫,角色身分對照,由舊英雄痛苦女王改為美狄亞，資料背景仍有舊設定；作品按改版公告與角色身分對照。,,https://300data.com/hero/90.html; https://300data.com/data/api/hero_info/id/90; https://news.17173.com/content/07232019/152636661.shtml,evidence/hero-backgrounds/90.json
91,天草四郎时贞,Name_shizhen,../DATA/CHARACTER/ROLEACTION/091.x,formal,official_client_hero_c.dat,300data.com,天草四郎时贞,Fate/Apocrypha,小說／動畫,角色身分對照,,,https://300data.com/hero/91.html; https://300data.com/data/api/hero_info/id/91,evidence/hero-backgrounds/91.json
92,无头骑士,Name_wutouqishi,../DATA/CHARACTER/ROLEACTION/092.x,formal,official_client_hero_c.dat,300data.com,塞爾堤·史特路爾森,無頭騎士異聞錄 DuRaRaRa!!,小說／動畫,角色身分對照,,,https://300data.com/hero/92.html; https://300data.com/data/api/hero_info/id/92,evidence/hero-backgrounds/92.json
93,达克尼斯,Name_fuwang,../DATA/CHARACTER/ROLEACTION/093.x,formal,official_client_hero_c.dat,300data.com,達克妮絲,為美好的世界獻上祝福！,小說／動畫,角色身分對照,,,https://300data.com/hero/93.html; https://300data.com/data/api/hero_info/id/93,evidence/hero-backgrounds/93.json
94,四方川菖蒲,Name_sifangchuanchangpu,../DATA/CHARACTER/ROLEACTION/094.x,formal,official_client_hero_c.dat,300data.com,四方川菖蒲,甲鐵城的卡巴內里,動畫,角色身分對照,,,https://300data.com/hero/94.html; https://300data.com/data/api/hero_info/id/94; https://news.17173.com/content/07232019/152636661.shtml,evidence/hero-backgrounds/94.json
96,御坂美琴,Name_yubanmeiqin,../DATA/CHARACTER/ROLEACTION/096.x,formal,official_client_hero_c.dat,300data.com,御坂美琴,魔法禁書目錄／科學超電磁砲,小說／漫畫／動畫,角色身分對照,,,https://300data.com/hero/96.html; https://300data.com/data/api/hero_info/id/96,evidence/hero-backgrounds/96.json
100,博丽灵梦,Name_lingmeng,../DATA/CHARACTER/ROLEACTION/100.x,formal,official_client_hero_c.dat,300data.com,博丽灵梦,東方 Project,遊戲／出版作品,角色身分對照,,,https://300data.com/hero/100.html; https://300data.com/data/api/hero_info/id/100,evidence/hero-backgrounds/100.json
101,黑岩射手,Name_heiyansheshou,../DATA/CHARACTER/ROLEACTION/101.x,formal,official_client_hero_c.dat,300data.com,黑岩射手,BLACK★ROCK SHOOTER 黑岩射手,原創角色企劃／動畫,角色身分對照,,,https://300data.com/hero/101.html; https://300data.com/data/api/hero_info/id/101,evidence/hero-backgrounds/101.json
102,黑衣剑士,Name_tongren,../DATA/CHARACTER/ROLEACTION/102.x,formal,official_client_hero_c.dat,300data.com,桐人／桐谷和人,刀劍神域 Sword Art Online,小說／動畫,角色身分對照,,,https://300data.com/hero/102.html; https://300data.com/data/api/hero_info/id/102,evidence/hero-backgrounds/102.json
104,吉尔伽美什,Name_jinshanshan,../DATA/CHARACTER/ROLEACTION/099.x,formal,official_client_hero_c.dat,300data.com,吉爾伽美什,Fate/stay night,遊戲／動漫,角色身分對照,亦登場於 Fate/Zero 等作品；此欄記系列基礎角色出處。,,https://300data.com/hero/104.html; https://300data.com/data/api/hero_info/id/104,evidence/hero-backgrounds/104.json
105,秋山澪,Name_qiushanling,../DATA/CHARACTER/ROLEACTION/105.x,formal,official_client_hero_c.dat,300data.com,秋山澪,K-ON！輕音部,漫畫／動畫,角色身分對照,,,https://300data.com/hero/105.html; https://300data.com/data/api/hero_info/id/105,evidence/hero-backgrounds/105.json
107,笠笠笠,Name_sanli,../DATA/CHARACTER/ROLEACTION/107.x,formal,official_client_hero_c.dat,300data.com,米卡莎／三笠·阿卡曼,進擊的巨人,漫畫／動畫,角色身分對照,,,https://300data.com/hero/107.html; https://300data.com/data/api/hero_info/id/107,evidence/hero-backgrounds/107.json
108,楪祈,Name_inori,../DATA/CHARACTER/ROLEACTION/108.x,formal,official_client_hero_c.dat,300data.com,楪祈,Guilty Crown 罪惡王冠,動畫,角色身分對照,,,https://300data.com/hero/108.html; https://300data.com/data/api/hero_info/id/108,evidence/hero-backgrounds/108.json
109,夏娜,Name_shana,../DATA/CHARACTER/ROLEACTION/109.x,formal,official_client_hero_c.dat,300data.com,夏娜,灼眼的夏娜,小說／動畫,角色身分對照,,,https://300data.com/hero/109.html; https://300data.com/data/api/hero_info/id/109,evidence/hero-backgrounds/109.json
110,格雷,Name_gelei,../DATA/CHARACTER/ROLEACTION/110.x,formal,official_client_hero_c.dat,300data.com,格雷,FAIRY TAIL 魔導少年／妖精的尾巴,漫畫／動畫,角色身分對照,,,https://300data.com/hero/110.html; https://300data.com/data/api/hero_info/id/110,evidence/hero-backgrounds/110.json
112,小悟空,Name_littlewukong,../DATA/CHARACTER/ROLEACTION/112.x,formal,official_client_hero_c.dat,300data.com,孫悟空（小悟空）,七龍珠／Dragon Ball 系列,漫畫／動畫,角色身分對照,孫悟空的兒童外形；未僅憑名稱細分成初代、GT 或其他時期。,,https://300data.com/hero/112.html; https://300data.com/data/api/hero_info/id/112,evidence/hero-backgrounds/112.json
113,片翼天使,Name_safeiluosi,../DATA/CHARACTER/ROLEACTION/113.x,formal,official_client_hero_c.dat,300data.com,賽菲羅斯／薩菲羅斯,Final Fantasy VII／最終幻想 VII,遊戲／動畫電影,角色身分對照,,,https://300data.com/hero/113.html; https://300data.com/data/api/hero_info/id/113,evidence/hero-backgrounds/113.json
115,贵公子,Name_guigongzi,../DATA/CHARACTER/ROLEACTION/115.x,formal,official_client_hero_c.dat,300data.com,殺生丸,犬夜叉,漫畫／動畫,角色身分對照,,,https://300data.com/hero/115.html; https://300data.com/data/api/hero_info/id/115,evidence/hero-backgrounds/115.json
117,桂木桂马,Name_kami,../DATA/CHARACTER/ROLEACTION/117.x,formal,official_client_hero_c.dat,300data.com,桂木桂马,只有神知道的世界,漫畫／動畫,角色身分對照,,,https://300data.com/hero/117.html; https://300data.com/data/api/hero_info/id/117,evidence/hero-backgrounds/117.json
118,黑,Name_hei,../DATA/CHARACTER/ROLEACTION/118.x,formal,official_client_hero_c.dat,300data.com,黑／李舜生,DARKER THAN BLACK－黑之契約者,動畫,角色身分對照,,,https://300data.com/hero/118.html; https://300data.com/data/api/hero_info/id/118,evidence/hero-backgrounds/118.json
119,李小狼,Name_lixiaolang,../DATA/CHARACTER/ROLEACTION/119.x,formal,official_client_hero_c.dat,300data.com,小狼（遊戲名：李小狼）,TSUBASA 翼／翼年代記,漫畫／動畫,已對照；含跨作或改名沿革,早期宣傳明指《翼年代記》，背景稱考古學家，目前預設立繪也是旅行裝小狼；故主欄列《TSUBASA 翼》。另保留《庫洛魔法使》同名角色／庫洛牌技能的跨作關聯。,庫洛魔法使／魔卡少女櫻,https://300data.com/hero/119.html; https://300data.com/data/api/hero_info/id/119; https://games.sina.com.cn/o/n/2013-11-29/1025746898.shtml; https://www.9game.cn/news/1515273.html; https://img.300data.com/300data/res/ui/hero/119.bmp,evidence/hero-backgrounds/119.json
120,姬丝秀忒,Name_QueenOfVanpire,../DATA/CHARACTER/ROLEACTION/120.x,formal,official_client_hero_c.dat,300data.com,姬絲秀忒·雅賽蘿拉莉昂·刃下心（忍野忍）,物語系列,小說／動畫,角色身分對照,,,https://300data.com/hero/120.html; https://300data.com/data/api/hero_info/id/120,evidence/hero-backgrounds/120.json
121,绯村剑心,Name_jianxin,../DATA/CHARACTER/ROLEACTION/121.x,formal,official_client_hero_c.dat,300data.com,绯村剑心,神劍闖江湖／浪客劍心,漫畫／動畫,角色身分對照,,,https://300data.com/hero/121.html; https://300data.com/data/api/hero_info/id/121,evidence/hero-backgrounds/121.json
122,强袭自由,Name_freedom,../DATA/CHARACTER/ROLEACTION/122.x,formal,official_client_hero_c.dat,300data.com,ZGMF-X20A 攻擊自由鋼彈,機動戰士鋼彈 SEED DESTINY,動畫,角色身分對照,,,https://300data.com/hero/122.html; https://300data.com/data/api/hero_info/id/122,evidence/hero-backgrounds/122.json
126,真田幸村,Name_buzhihuowu,../DATA/CHARACTER/ROLEACTION/126.x,formal,official_client_hero_c.dat,300data.com,真田幸村（百花繚亂）,百花繚亂 SAMURAI GIRLS,小說／動畫,已對照；含跨作或改名沿革,目前預設立繪為百花繚亂的雙扇少女真田幸村；Name_buzhihuowu／語音檔保留舊不知火舞命名，不按舊代碼判作拳皇角色。,,https://300data.com/hero/126.html; https://300data.com/data/api/hero_info/id/126; https://img.300data.com/300data/res/ui/hero/126.bmp; https://daiichi777.jp/pachinko/hyakkaryoran/,evidence/hero-backgrounds/126.json
128,喜羊羊,Name_xiyangyang,../DATA/CHARACTER/ROLEACTION/128.x,formal,official_client_hero_c.dat,300data.com,喜羊羊,喜羊羊與灰太狼,中國動畫,角色身分對照,,,https://300data.com/hero/128.html; https://300data.com/data/api/hero_info/id/128,evidence/hero-backgrounds/128.json
129,胡一菲,Name_huyifei,../DATA/CHARACTER/ROLEACTION/129.x,extra,official_client_hero_c.dat,300data.com,胡一菲,愛情公寓,真人電視劇,角色身分對照,,,https://300data.com/hero/129.html; https://300data.com/data/api/hero_info/id/129,evidence/hero-backgrounds/129.json
130,吕子乔,Name_lvziqiao,../DATA/CHARACTER/ROLEACTION/130.x,extra,official_client_hero_c.dat,300data.com,吕子乔,愛情公寓,真人電視劇,角色身分對照,,,https://300data.com/hero/130.html; https://300data.com/data/api/hero_info/id/130,evidence/hero-backgrounds/130.json
131,陈美嘉,Name_chenmeijia,../DATA/CHARACTER/ROLEACTION/131.x,extra,official_client_hero_c.dat,300data.com,陈美嘉,愛情公寓,真人電視劇,角色身分對照,,,https://300data.com/hero/131.html; https://300data.com/data/api/hero_info/id/131,evidence/hero-backgrounds/131.json
134,梦魇,Name_kuangsan,../DATA/CHARACTER/ROLEACTION/134.x,formal,official_client_hero_c.dat,300data.com,時崎狂三,約會大作戰 DATE A LIVE,小說／動畫,角色身分對照,,,https://300data.com/hero/134.html; https://300data.com/data/api/hero_info/id/134,evidence/hero-backgrounds/134.json
135,十六夜咲夜,Name_16ye,../DATA/CHARACTER/ROLEACTION/135.x,formal,official_client_hero_c.dat,300data.com,十六夜咲夜,東方 Project,遊戲／出版作品,角色身分對照,,,https://300data.com/hero/135.html; https://300data.com/data/api/hero_info/id/135,evidence/hero-backgrounds/135.json
136,夜夜,Name_yeye,../DATA/CHARACTER/ROLEACTION/136.x,formal,official_client_hero_c.dat,300data.com,夜夜,機巧少女不會受傷,小說／動畫,角色身分對照,,,https://300data.com/hero/136.html; https://300data.com/data/api/hero_info/id/136,evidence/hero-backgrounds/136.json
137,坂田银时,Name_gin,../DATA/CHARACTER/ROLEACTION/137.x,formal,official_client_hero_c.dat,300data.com,坂田银时,銀魂,漫畫／動畫,角色身分對照,,,https://300data.com/hero/137.html; https://300data.com/data/api/hero_info/id/137,evidence/hero-backgrounds/137.json
138,伊卡洛斯,Name_icarus,../DATA/CHARACTER/ROLEACTION/138.x,formal,official_client_hero_c.dat,300data.com,伊卡洛斯,天降之物,漫畫／動畫,角色身分對照,,,https://300data.com/hero/138.html; https://300data.com/data/api/hero_info/id/138,evidence/hero-backgrounds/138.json
139,万年小学生,Name_konan,../DATA/CHARACTER/ROLEACTION/139.x,formal,official_client_hero_c.dat,300data.com,江戶川柯南／工藤新一,名偵探柯南,漫畫／動畫,角色身分對照,,,https://300data.com/hero/139.html; https://300data.com/data/api/hero_info/id/139,evidence/hero-backgrounds/139.json
140,小鸟游六花,Name_rikka,../DATA/CHARACTER/ROLEACTION/140.x,formal,official_client_hero_c.dat,300data.com,小鸟游六花,中二病也想談戀愛！,小說／動畫,角色身分對照,,,https://300data.com/hero/140.html; https://300data.com/data/api/hero_info/id/140,evidence/hero-backgrounds/140.json
142,公主,Name_tohka,../DATA/CHARACTER/ROLEACTION/142.x,formal,official_client_hero_c.dat,300data.com,夜刀神十香,約會大作戰 DATE A LIVE,小說／動畫,角色身分對照,,,https://300data.com/hero/142.html; https://300data.com/data/api/hero_info/id/142,evidence/hero-backgrounds/142.json
143,晓美焰,Name_homura,../DATA/CHARACTER/ROLEACTION/143.x,formal,official_client_hero_c.dat,300data.com,晓美焰,魔法少女小圓,動畫,角色身分對照,,,https://300data.com/hero/143.html; https://300data.com/data/api/hero_info/id/143,evidence/hero-backgrounds/143.json
144,金色之暗,Name_yami,../DATA/CHARACTER/ROLEACTION/144.x,formal,official_client_hero_c.dat,300data.com,金色之暗,出包王女 To LOVE-Ru,漫畫／動畫,角色身分對照,,,https://300data.com/hero/144.html; https://300data.com/data/api/hero_info/id/144,evidence/hero-backgrounds/144.json
145,纏流子,Name_ryuko,../DATA/CHARACTER/ROLEACTION/145.x,formal,official_client_hero_c.dat,300data.com,纏流子,KILL la KILL／斬服少女,動畫,角色身分對照,,,https://300data.com/hero/145.html; https://300data.com/data/api/hero_info/id/145,evidence/hero-backgrounds/145.json
146,涅普顿,Name_nep,../DATA/CHARACTER/ROLEACTION/146.x,formal,official_client_hero_c.dat,300data.com,涅普頓／Neptune,超次元戰記 戰機少女／Neptunia 系列,遊戲／動畫,角色身分對照,,,https://300data.com/hero/146.html; https://300data.com/data/api/hero_info/id/146,evidence/hero-backgrounds/146.json
147,白井黑子,Name_baijingheizi,../DATA/CHARACTER/ROLEACTION/147.x,formal,official_client_hero_c.dat,300data.com,白井黑子,魔法禁書目錄／科學超電磁砲,小說／漫畫／動畫,角色身分對照,,,https://300data.com/hero/147.html; https://300data.com/data/api/hero_info/id/147,evidence/hero-backgrounds/147.json
148,樱满集,Name_oumashu,../DATA/CHARACTER/ROLEACTION/148.x,formal,official_client_hero_c.dat,300data.com,樱满集,Guilty Crown 罪惡王冠,動畫,角色身分對照,,,https://300data.com/hero/148.html; https://300data.com/data/api/hero_info/id/148,evidence/hero-backgrounds/148.json
149,梦梦,Name_momo,../DATA/CHARACTER/ROLEACTION/149.x,formal,official_client_hero_c.dat,300data.com,夢夢·貝莉雅·戴比路克,出包王女 To LOVE-Ru,漫畫／動畫,角色身分對照,,,https://300data.com/hero/149.html; https://300data.com/data/api/hero_info/id/149,evidence/hero-backgrounds/149.json
150,鹿目圆香,Name_madoka,../DATA/CHARACTER/ROLEACTION/150.x,formal,official_client_hero_c.dat,300data.com,鹿目圓,魔法少女小圓,動畫,角色身分對照,,,https://300data.com/hero/150.html; https://300data.com/data/api/hero_info/id/150,evidence/hero-backgrounds/150.json
151,八云紫,Name_yukari,../DATA/CHARACTER/ROLEACTION/151.x,formal,official_client_hero_c.dat,300data.com,八云紫,東方 Project,遊戲／出版作品,角色身分對照,,,https://300data.com/hero/151.html; https://300data.com/data/api/hero_info/id/151,evidence/hero-backgrounds/151.json
152,奈亚子,Name_nyaruko,../DATA/CHARACTER/ROLEACTION/158.x,formal,official_client_hero_c.dat,300data.com,奈亚子,襲來！美少女邪神／潛行吧！奈亞子,小說／動畫,角色身分對照,,,https://300data.com/hero/152.html; https://300data.com/data/api/hero_info/id/152,evidence/hero-backgrounds/152.json
153,白岩射手,Name_wrs,../DATA/CHARACTER/ROLEACTION/153.x,formal,official_client_hero_c.dat,300data.com,White Rock Shooter（WRS）,BLACK★ROCK SHOOTER THE GAME,遊戲,角色身分對照,白岩射手／WRS 出自 PSP 遊戲版，不是黑岩射手 TV 版中的同一人物。,,https://300data.com/hero/153.html; https://300data.com/data/api/hero_info/id/153; https://moegirl.uk/index.php?title=300%E8%8B%B1%E9%9B%84&variant=zh-cn,evidence/hero-backgrounds/153.json
154,立华奏,Name_lihuazou,../DATA/CHARACTER/ROLEACTION/154.x,formal,official_client_hero_c.dat,300data.com,立华奏,Angel Beats!,動畫,角色身分對照,,,https://300data.com/hero/154.html; https://300data.com/data/api/hero_info/id/154,evidence/hero-backgrounds/154.json
155,两仪式,Name_liangyishi,../DATA/CHARACTER/ROLEACTION/155.x,formal,official_client_hero_c.dat,300data.com,两仪式,空之境界,小說／動畫電影,角色身分對照,,,https://300data.com/hero/155.html; https://300data.com/data/api/hero_info/id/155,evidence/hero-backgrounds/155.json
156,卫宫,Name_archer,../DATA/CHARACTER/ROLEACTION/156.x,formal,official_client_hero_c.dat,300data.com,EMIYA／英靈衛宮,Fate/stay night,遊戲／動漫,角色身分對照,資料 key 是 archer，對應英靈 EMIYA；皮膚中另有士郎等身分。,,https://300data.com/hero/156.html; https://300data.com/data/api/hero_info/id/156,evidence/hero-backgrounds/156.json
157,五更琉璃,Name_kuroneko,../DATA/CHARACTER/ROLEACTION/157.x,formal,official_client_hero_c.dat,300data.com,五更琉璃／黑貓,我的妹妹哪有這麼可愛！,小說／動畫,角色身分對照,,,https://300data.com/hero/157.html; https://300data.com/data/api/hero_info/id/157,evidence/hero-backgrounds/157.json
158,喔,Name_zekamashi,../DATA/CHARACTER/ROLEACTION/152.x,formal,official_client_hero_c.dat,300data.com,島風,艦隊 Collection／艦隊收藏,遊戲／動畫,角色身分對照,,,https://300data.com/hero/158.html; https://300data.com/data/api/hero_info/id/158,evidence/hero-backgrounds/158.json
159,龙教练,Name_longjiaolian,../DATA/CHARACTER/ROLEACTION/159.x,formal,official_client_hero_c.dat,300data.com,戰鬥暴龍獸,數碼寶貝大冒險,動畫／數碼寶貝企劃,角色身分對照,,,https://300data.com/hero/159.html; https://300data.com/data/api/hero_info/id/159,evidence/hero-backgrounds/159.json
160,远坂凛,Name_rin,../DATA/CHARACTER/ROLEACTION/160.x,formal,official_client_hero_c.dat,300data.com,远坂凛,Fate/stay night,遊戲／動漫,角色身分對照,,,https://300data.com/hero/160.html; https://300data.com/data/api/hero_info/id/160,evidence/hero-backgrounds/160.json
161,奇犽,Name_killua,../DATA/CHARACTER/ROLEACTION/161.x,formal,official_client_hero_c.dat,300data.com,奇犽·揍敵客,HUNTER×HUNTER 獵人,漫畫／動畫,角色身分對照,,,https://300data.com/hero/161.html; https://300data.com/data/api/hero_info/id/161,evidence/hero-backgrounds/161.json
162,美树沙耶加,Name_sayaka,../DATA/CHARACTER/ROLEACTION/162.x,formal,official_client_hero_c.dat,300data.com,美树沙耶加,魔法少女小圓,動畫,角色身分對照,,,https://300data.com/hero/162.html; https://300data.com/data/api/hero_info/id/162,evidence/hero-backgrounds/162.json
163,空条承太郎,Name_jojo,../DATA/CHARACTER/ROLEACTION/163.x,formal,official_client_hero_c.dat,300data.com,空條承太郎,JoJo 的奇妙冒險 第三部：星塵遠征軍,漫畫／動畫,角色身分對照,,,https://300data.com/hero/163.html; https://300data.com/data/api/hero_info/id/163,evidence/hero-backgrounds/163.json
164,黑雪姬,Name_heixueji,../DATA/CHARACTER/ROLEACTION/164.x,formal,official_client_hero_c.dat,300data.com,黑雪姬,加速世界,小說／動畫,角色身分對照,,,https://300data.com/hero/164.html; https://300data.com/data/api/hero_info/id/164,evidence/hero-backgrounds/164.json
165,高町奈叶,Name_gaotingnaiye,../DATA/CHARACTER/ROLEACTION/165.x,formal,official_client_hero_c.dat,300data.com,高町奈葉,魔法少女奈葉,動畫,角色身分對照,,,https://300data.com/hero/165.html; https://300data.com/data/api/hero_info/id/165,evidence/hero-backgrounds/165.json
166,佐仓杏子,Name_kyoko,../DATA/CHARACTER/ROLEACTION/166.x,formal,official_client_hero_c.dat,300data.com,佐仓杏子,魔法少女小圓,動畫,角色身分對照,,,https://300data.com/hero/166.html; https://300data.com/data/api/hero_info/id/166,evidence/hero-backgrounds/166.json
167,冰之狙击手,Name_shinai,../DATA/CHARACTER/ROLEACTION/167.x,formal,official_client_hero_c.dat,300data.com,詩乃／朝田詩乃,刀劍神域 Sword Art Online,小說／動畫,角色身分對照,,,https://300data.com/hero/167.html; https://300data.com/data/api/hero_info/id/167,evidence/hero-backgrounds/167.json
168,伊莉雅,Name_iriya,../DATA/CHARACTER/ROLEACTION/168.x,formal,official_client_hero_c.dat,300data.com,伊莉雅絲菲爾·馮·愛因茲貝倫（魔法少女版）,Fate/kaleid liner 魔法少女☆伊莉雅,漫畫／動畫,角色身分對照,背景明寫魔法少女伊莉雅，故細分至 Fate/kaleid liner。,,https://300data.com/hero/168.html; https://300data.com/data/api/hero_info/id/168,evidence/hero-backgrounds/168.json
169,菲特,Name_feite,../DATA/CHARACTER/ROLEACTION/169.x,formal,official_client_hero_c.dat,300data.com,菲特·泰斯塔羅莎,魔法少女奈葉,動畫,角色身分對照,,,https://300data.com/hero/169.html; https://300data.com/data/api/hero_info/id/169,evidence/hero-backgrounds/169.json
170,炎魔,Name_qinli,../DATA/CHARACTER/ROLEACTION/170.x,formal,official_client_hero_c.dat,300data.com,五河琴里,約會大作戰 DATE A LIVE,小說／動畫,角色身分對照,,,https://300data.com/hero/170.html; https://300data.com/data/api/hero_info/id/170,evidence/hero-backgrounds/170.json
171,独眼之王,Name_jinmuyan,../DATA/CHARACTER/ROLEACTION/171.x,formal,official_client_hero_c.dat,300data.com,金木研,東京喰種／東京食屍鬼,漫畫／動畫,角色身分對照,,,https://300data.com/hero/171.html; https://300data.com/data/api/hero_info/id/171,evidence/hero-backgrounds/171.json
172,隐居者,Name_siminai,../DATA/CHARACTER/ROLEACTION/172.x,formal,official_client_hero_c.dat,300data.com,四糸乃,約會大作戰 DATE A LIVE,小說／動畫,角色身分對照,,,https://300data.com/hero/172.html; https://300data.com/data/api/hero_info/id/172,evidence/hero-backgrounds/172.json
174,天使,Name_zhezhi,../DATA/CHARACTER/ROLEACTION/174.x,formal,official_client_hero_c.dat,300data.com,鳶一折紙,約會大作戰 DATE A LIVE,小說／動畫,角色身分對照,,,https://300data.com/hero/174.html; https://300data.com/data/api/hero_info/id/174,evidence/hero-backgrounds/174.json
180,尼禄,Name_nilu,../DATA/CHARACTER/ROLEACTION/180.x,formal,official_client_hero_c.dat,300data.com,尼祿·克勞狄烏斯,Fate/EXTRA 系列,遊戲／動畫,角色身分對照,,,https://300data.com/hero/180.html; https://300data.com/data/api/hero_info/id/180,evidence/hero-backgrounds/180.json
181,巴麻美,Name_bamamei,../DATA/CHARACTER/ROLEACTION/181.x,formal,official_client_hero_c.dat,300data.com,巴麻美,魔法少女小圓,動畫,角色身分對照,,,https://300data.com/hero/181.html; https://300data.com/data/api/hero_info/id/181,evidence/hero-backgrounds/181.json
183,大傻,Name_dasha,../DATA/CHARACTER/ROLEACTION/183.x,formal,official_client_hero_c.dat,300data.com,金剛,艦隊 Collection／艦隊收藏,遊戲／動畫,角色身分對照,,,https://300data.com/hero/183.html; https://300data.com/data/api/hero_info/id/183,evidence/hero-backgrounds/183.json
184,亚里亚,Name_yaliya,../DATA/CHARACTER/ROLEACTION/184.x,formal,official_client_hero_c.dat,300data.com,神崎·H·亞莉亞,緋彈的亞莉亞,小說／動畫,角色身分對照,,,https://300data.com/hero/184.html; https://300data.com/data/api/hero_info/id/184,evidence/hero-backgrounds/184.json
185,诺瓦露,Name_nuowalu,../DATA/CHARACTER/ROLEACTION/185.x,formal,official_client_hero_c.dat,300data.com,諾瓦露／Noire,超次元戰記 戰機少女／Neptunia 系列,遊戲／動畫,角色身分對照,,,https://300data.com/hero/185.html; https://300data.com/data/api/hero_info/id/185,evidence/hero-backgrounds/185.json
186,克子,Name_kezi,../DATA/CHARACTER/ROLEACTION/186.x,formal,official_client_hero_c.dat,300data.com,克子／克圖格亞,襲來！美少女邪神／潛行吧！奈亞子,小說／動畫,角色身分對照,,,https://300data.com/hero/186.html; https://300data.com/data/api/hero_info/id/186,evidence/hero-backgrounds/186.json
187,混蛋罗（隐藏）,Name_hundanluo,../DATA/CHARACTER/ROLEACTION/187.x,extra,official_client_hero_c.dat,300data.com,魂斗羅角色（具體人物未核定）,魂斗羅 Contra,遊戲,系列確認；具體人物未定,背景含魂斗羅祕技提示，2026 體驗服公告列三條命、M/S/L/F 彈種；可確認系列，未核定 Bill／Lance 或具體版本。預設圖是問號佔位圖。,,https://300data.com/hero/187.html; https://300data.com/data/api/hero_info/id/187; https://news.17173.com/content/01222026/220604977.shtml,evidence/hero-backgrounds/187.json
188,魂魄妖梦,Name_yaomeng,../DATA/CHARACTER/ROLEACTION/188.x,formal,official_client_hero_c.dat,300data.com,魂魄妖梦,東方 Project,遊戲／出版作品,角色身分對照,,,https://300data.com/hero/188.html; https://300data.com/data/api/hero_info/id/188,evidence/hero-backgrounds/188.json
189,歌姬,Name_youxiaomeijiu,../DATA/CHARACTER/ROLEACTION/189.x,formal,official_client_hero_c.dat,300data.com,誘宵美九,約會大作戰 DATE A LIVE,小說／動畫,角色身分對照,,,https://300data.com/hero/189.html; https://300data.com/data/api/hero_info/id/189,evidence/hero-backgrounds/189.json
190,蒂塔,Name_dita,../DATA/CHARACTER/ROLEACTION/190.x,formal,official_client_hero_c.dat,300data.com,蒂塔,300英雄原創,遊戲原創,角色身分對照,,,https://300data.com/hero/190.html; https://300data.com/data/api/hero_info/id/190; https://moegirl.uk/index.php?title=300%E8%8B%B1%E9%9B%84&variant=zh-cn,evidence/hero-backgrounds/190.json
191,一方通行,Name_yifangtongxing,../DATA/CHARACTER/ROLEACTION/191.x,formal,official_client_hero_c.dat,300data.com,一方通行,魔法禁書目錄／科學超電磁砲,小說／漫畫／動畫,角色身分對照,,,https://300data.com/hero/191.html; https://300data.com/data/api/hero_info/id/191,evidence/hero-backgrounds/191.json
192,牧濑红莉栖,Name_mulaihongliqi,../DATA/CHARACTER/ROLEACTION/192.x,formal,official_client_hero_c.dat,300data.com,牧濑红莉栖,STEINS;GATE 命運石之門,遊戲／動畫,角色身分對照,,,https://300data.com/hero/192.html; https://300data.com/data/api/hero_info/id/192,evidence/hero-backgrounds/192.json
193,伊莎,Name_yisha,../DATA/CHARACTER/ROLEACTION/193.x,formal,official_client_hero_c.dat,300data.com,伊莎,300英雄原創,遊戲原創,角色身分對照,,,https://300data.com/hero/193.html; https://300data.com/data/api/hero_info/id/193; https://moegirl.uk/index.php?title=300%E8%8B%B1%E9%9B%84&variant=zh-cn,evidence/hero-backgrounds/193.json
194,栗山未来,Name_lishanweilai,../DATA/CHARACTER/ROLEACTION/194.x,formal,official_client_hero_c.dat,300data.com,栗山未来,境界的彼方,小說／動畫,角色身分對照,,,https://300data.com/hero/194.html; https://300data.com/data/api/hero_info/id/194,evidence/hero-backgrounds/194.json
195,梦原望,Name_mengyuanwang,../DATA/CHARACTER/ROLEACTION/195.x,formal,official_client_hero_c.dat,300data.com,夢原望／Cure Dream,Yes! 光之美少女5／GoGo!,動畫,角色身分對照,,,https://300data.com/hero/195.html; https://300data.com/data/api/hero_info/id/195,evidence/hero-backgrounds/195.json
196,柏崎星奈,Name_boqixingnai,../DATA/CHARACTER/ROLEACTION/196.x,formal,official_client_hero_c.dat,300data.com,柏崎星奈,我的朋友很少,小說／動畫,角色身分對照,,,https://300data.com/hero/196.html; https://300data.com/data/api/hero_info/id/196,evidence/hero-backgrounds/196.json
197,缇米,Name_timi,../DATA/CHARACTER/ROLEACTION/197.x,formal,official_client_hero_c.dat,300data.com,缇米,300英雄原創,遊戲原創,角色身分對照,,,https://300data.com/hero/197.html; https://300data.com/data/api/hero_info/id/197; https://moegirl.uk/index.php?title=300%E8%8B%B1%E9%9B%84&variant=zh-cn,evidence/hero-backgrounds/197.json
198,伊斯坎达尔,Name_Rider,../DATA/CHARACTER/ROLEACTION/198.x,formal,official_client_hero_c.dat,300data.com,伊斯坎達爾（Rider）,Fate/Zero,小說／動畫,角色身分對照,,,https://300data.com/hero/198.html; https://300data.com/data/api/hero_info/id/198,evidence/hero-backgrounds/198.json
199,优克莉伍德,Name_You,../DATA/CHARACTER/ROLEACTION/199.x,formal,official_client_hero_c.dat,300data.com,優克莉伍德·海爾賽茲,這樣算是殭屍嗎？,小說／動畫,角色身分對照,,,https://300data.com/hero/199.html; https://300data.com/data/api/hero_info/id/199,evidence/hero-backgrounds/199.json
200,洛克李,Name_RockLee,../DATA/CHARACTER/ROLEACTION/200.x,formal,official_client_hero_c.dat,300data.com,洛克李,火影忍者 NARUTO,漫畫／動畫,角色身分對照,,,https://300data.com/hero/200.html; https://300data.com/data/api/hero_info/id/200,evidence/hero-backgrounds/200.json
201,水银灯,Name_shuiyindeng,../DATA/CHARACTER/ROLEACTION/201.x,formal,official_client_hero_c.dat,300data.com,水银灯,薔薇少女 Rozen Maiden,漫畫／動畫,角色身分對照,,,https://300data.com/hero/201.html; https://300data.com/data/api/hero_info/id/201,evidence/hero-backgrounds/201.json
202,周防尊,Name_zhoufangzun,../DATA/CHARACTER/ROLEACTION/202.x,formal,official_client_hero_c.dat,300data.com,周防尊,K,動畫,角色身分對照,,,https://300data.com/hero/202.html; https://300data.com/data/api/hero_info/id/202,evidence/hero-backgrounds/202.json
203,爱德华,Name_aidehua,../DATA/CHARACTER/ROLEACTION/203.x,formal,official_client_hero_c.dat,300data.com,爱德华,鋼之鍊金術師,漫畫／動畫,角色身分對照,,,https://300data.com/hero/203.html; https://300data.com/data/api/hero_info/id/203,evidence/hero-backgrounds/203.json
204,法老王,Name_falaowang,../DATA/CHARACTER/ROLEACTION/204.x,formal,official_client_hero_c.dat,300data.com,暗遊戲／亞圖姆,遊戲王／遊戲王 怪獸之決鬥,漫畫／動畫,角色身分對照,,,https://300data.com/hero/204.html; https://300data.com/data/api/hero_info/id/204,evidence/hero-backgrounds/204.json
205,无名,Name_WuMing,../DATA/CHARACTER/ROLEACTION/205.x,formal,official_client_hero_c.dat,300data.com,无名,甲鐵城的卡巴內里,動畫,角色身分對照,,,https://300data.com/hero/205.html; https://300data.com/data/api/hero_info/id/205,evidence/hero-backgrounds/205.json
206,月刊重巡,Name_ougenqinwang,../DATA/CHARACTER/ROLEACTION/206.x,formal,official_client_hero_c.dat,300data.com,歐根親王／Prinz Eugen,艦隊 Collection／艦隊收藏,遊戲／動畫,角色身分對照,,,https://300data.com/hero/206.html; https://300data.com/data/api/hero_info/id/206,evidence/hero-backgrounds/206.json
207,蕾米莉亚,Name_leimiliya,../DATA/CHARACTER/ROLEACTION/207.x,formal,official_client_hero_c.dat,300data.com,蕾米莉亚,東方 Project,遊戲／出版作品,角色身分對照,,,https://300data.com/hero/207.html; https://300data.com/data/api/hero_info/id/207,evidence/hero-backgrounds/207.json
208,八神疾风,Name_bashenjifeng,../DATA/CHARACTER/ROLEACTION/208.x,formal,official_client_hero_c.dat,300data.com,八神疾風,魔法少女奈葉,動畫,角色身分對照,,,https://300data.com/hero/208.html; https://300data.com/data/api/hero_info/id/208,evidence/hero-backgrounds/208.json
209,司波达也,Name_sibodaye,../DATA/CHARACTER/ROLEACTION/209.x,formal,official_client_hero_c.dat,300data.com,司波达也,魔法科高中的劣等生,小說／動畫,角色身分對照,,,https://300data.com/hero/209.html; https://300data.com/data/api/hero_info/id/209,evidence/hero-backgrounds/209.json
210,赵云,Name_zhaoyun,../DATA/CHARACTER/ROLEACTION/210.x,formal,official_client_hero_c.dat,300data.com,趙雲（真名：星）,戀姬†無雙 系列,遊戲／動畫,角色身分對照,背景明寫真名「星」、女性與「華蝶假面」，對應戀姬系列趙雲。,,https://300data.com/hero/210.html; https://300data.com/data/api/hero_info/id/210,evidence/hero-backgrounds/210.json
211,艾露莎,Name_ailusha,../DATA/CHARACTER/ROLEACTION/211.x,formal,official_client_hero_c.dat,300data.com,艾露莎,FAIRY TAIL 魔導少年／妖精的尾巴,漫畫／動畫,角色身分對照,,,https://300data.com/hero/211.html; https://300data.com/data/api/hero_info/id/211,evidence/hero-backgrounds/211.json
212,赤瞳,Name_chitong,../DATA/CHARACTER/ROLEACTION/212.x,formal,official_client_hero_c.dat,300data.com,赤瞳,斬！赤紅之瞳,漫畫／動畫,角色身分對照,,,https://300data.com/hero/212.html; https://300data.com/data/api/hero_info/id/212,evidence/hero-backgrounds/212.json
213,鲁路修,Name_luluxiu,../DATA/CHARACTER/ROLEACTION/213.x,formal,official_client_hero_c.dat,300data.com,鲁路修,Code Geass 反叛的魯路修,動畫,角色身分對照,,,https://300data.com/hero/213.html; https://300data.com/data/api/hero_info/id/213,evidence/hero-backgrounds/213.json
214,香风智乃,Name_xiangfengzhinai,../DATA/CHARACTER/ROLEACTION/214.x,formal,official_client_hero_c.dat,300data.com,香风智乃,請問您今天要來點兔子嗎？,漫畫／動畫,角色身分對照,,,https://300data.com/hero/214.html; https://300data.com/data/api/hero_info/id/214,evidence/hero-backgrounds/214.json
215,白,Name_bai,../DATA/CHARACTER/ROLEACTION/215.x,formal,official_client_hero_c.dat,300data.com,白,NO GAME NO LIFE 遊戲人生,小說／動畫,角色身分對照,,,https://300data.com/hero/215.html; https://300data.com/data/api/hero_info/id/215,evidence/hero-backgrounds/215.json
216,空,Name_kong,../DATA/CHARACTER/ROLEACTION/216.x,formal,official_client_hero_c.dat,300data.com,空,NO GAME NO LIFE 遊戲人生,小說／動畫,角色身分對照,,,https://300data.com/hero/216.html; https://300data.com/data/api/hero_info/id/216,evidence/hero-backgrounds/216.json
217,阿斯托尔福,Name_asituoerfu,../DATA/CHARACTER/ROLEACTION/217.x,formal,official_client_hero_c.dat,300data.com,阿斯托尔福,Fate/Apocrypha,小說／動畫,角色身分對照,,,https://300data.com/hero/217.html; https://300data.com/data/api/hero_info/id/217,evidence/hero-backgrounds/217.json
218,雾雨魔理沙,Name_wuyumolisha,../DATA/CHARACTER/ROLEACTION/218.x,formal,official_client_hero_c.dat,300data.com,雾雨魔理沙,東方 Project,遊戲／出版作品,角色身分對照,,,https://300data.com/hero/218.html; https://300data.com/data/api/hero_info/id/218,evidence/hero-backgrounds/218.json
219,贞德,Name_zhende,../DATA/CHARACTER/ROLEACTION/219.x,extra,official_client_hero_c.dat,300data.com,貞德（特殊資料條目）,Fate/Apocrypha,小說／動畫,角色身分對照,與正式 Ruler、Avenger 分開保留 ID；不把同名條目當成新的獨立人物。,,https://300data.com/hero/219.html; https://300data.com/data/api/hero_info/id/219,evidence/hero-backgrounds/219.json
220,贞德,Name_zhendeRuler,../DATA/CHARACTER/ROLEACTION/220.x,formal,official_client_hero_c.dat,300data.com,貞德（Ruler）,Fate/Apocrypha,小說／動畫,角色身分對照,,,https://300data.com/hero/220.html; https://300data.com/data/api/hero_info/id/220,evidence/hero-backgrounds/220.json
221,黑贞德,Name_zhendeAvenger,../DATA/CHARACTER/ROLEACTION/221.x,formal,official_client_hero_c.dat,300data.com,貞德〔Alter〕／黑貞德（Avenger）,Fate/Grand Order,遊戲／動漫,角色身分對照,,,https://300data.com/hero/221.html; https://300data.com/data/api/hero_info/id/221,evidence/hero-backgrounds/221.json
222,玉藻前,Name_YuZaoQian,../DATA/CHARACTER/ROLEACTION/222.x,formal,official_client_hero_c.dat,300data.com,玉藻前,Fate/EXTRA 系列,遊戲／動畫,角色身分對照,,,https://300data.com/hero/222.html; https://300data.com/data/api/hero_info/id/222,evidence/hero-backgrounds/222.json
223,三千院凪,Name_sanqianyuanzhi,../DATA/CHARACTER/ROLEACTION/223.x,formal,official_client_hero_c.dat,300data.com,三千院凪,旋風管家！,漫畫／動畫,角色身分對照,,,https://300data.com/hero/223.html; https://300data.com/data/api/hero_info/id/223,evidence/hero-backgrounds/223.json
224,君莫笑,Name_Junmoxiao,../DATA/CHARACTER/ROLEACTION/224.x,formal,official_client_hero_c.dat,300data.com,君莫笑（葉修操縱的遊戲角色）,全職高手,小說／中國動畫,角色身分對照,「君莫笑」是小說／動畫內的遊戲帳號角色，操縱者為葉修。,,https://300data.com/hero/224.html; https://300data.com/data/api/hero_info/id/224,evidence/hero-backgrounds/224.json
225,夜雨声烦,Name_yeyushengfan,../DATA/CHARACTER/ROLEACTION/225.x,formal,official_client_hero_c.dat,300data.com,夜雨聲煩（黃少天操縱的遊戲角色）,全職高手,小說／中國動畫,角色身分對照,「夜雨聲煩」是小說／動畫內的遊戲帳號角色，操縱者為黃少天。,,https://300data.com/hero/225.html; https://300data.com/data/api/hero_info/id/225,evidence/hero-backgrounds/225.json
226,库·丘林,Name_kuqiulin,../DATA/CHARACTER/ROLEACTION/226.x,formal,official_client_hero_c.dat,300data.com,库·丘林,Fate/stay night,遊戲／動漫,角色身分對照,,,https://300data.com/hero/226.html; https://300data.com/data/api/hero_info/id/226,evidence/hero-backgrounds/226.json
227,小一,Name_heiqiyihu,../DATA/CHARACTER/ROLEACTION/227.x,formal,official_client_hero_c.dat,300data.com,黑崎一護,BLEACH 死神,漫畫／動畫,角色身分對照,,,https://300data.com/hero/227.html; https://300data.com/data/api/hero_info/id/227,evidence/hero-backgrounds/227.json
228,塞巴斯蒂安,Name_SaiBaSiDiAn,../DATA/CHARACTER/ROLEACTION/228.x,formal,official_client_hero_c.dat,300data.com,賽巴斯欽·米卡艾利斯,黑執事,漫畫／動畫,角色身分對照,,,https://300data.com/hero/228.html; https://300data.com/data/api/hero_info/id/228,evidence/hero-backgrounds/228.json
229,安兹乌尔恭,Name_Anzi,../DATA/CHARACTER/ROLEACTION/229.x,formal,official_client_hero_c.dat,300data.com,安茲·烏爾·恭,OVERLORD,小說／動畫,角色身分對照,,,https://300data.com/hero/229.html; https://300data.com/data/api/hero_info/id/229,evidence/hero-backgrounds/229.json
230,芙兰朵露,Name_fulanduolu,../DATA/CHARACTER/ROLEACTION/230.x,formal,official_client_hero_c.dat,300data.com,芙兰朵露,東方 Project,遊戲／出版作品,角色身分對照,,,https://300data.com/hero/230.html; https://300data.com/data/api/hero_info/id/230,evidence/hero-backgrounds/230.json
231,阿库娅,Name_akuya,../DATA/CHARACTER/ROLEACTION/231.x,formal,official_client_hero_c.dat,300data.com,阿库娅,為美好的世界獻上祝福！,小說／動畫,角色身分對照,,,https://300data.com/hero/231.html; https://300data.com/data/api/hero_info/id/231,evidence/hero-backgrounds/231.json
232,阿尔泰尔,Name_aertaier,../DATA/CHARACTER/ROLEACTION/232.x,formal,official_client_hero_c.dat,300data.com,阿尔泰尔,Re:CREATORS,動畫,角色身分對照,,,https://300data.com/hero/232.html; https://300data.com/data/api/hero_info/id/232,evidence/hero-backgrounds/232.json
233,珂朵莉,Name_KeDuoLi,../DATA/CHARACTER/ROLEACTION/233.x,formal,official_client_hero_c.dat,300data.com,珂朵莉·諾塔·瑟尼歐里斯,末日時在做什麼？有沒有空？可以來拯救嗎？,小說／動畫,角色身分對照,,,https://300data.com/hero/233.html; https://300data.com/data/api/hero_info/id/233,evidence/hero-backgrounds/233.json
234,康娜,Name_kangna,../DATA/CHARACTER/ROLEACTION/234.x,formal,official_client_hero_c.dat,300data.com,康娜·卡姆依,小林家的龍女僕,漫畫／動畫,角色身分對照,,,https://300data.com/hero/234.html; https://300data.com/data/api/hero_info/id/234,evidence/hero-backgrounds/234.json
235,神裂火织,Name_ShenLieHuoZhi,../DATA/CHARACTER/ROLEACTION/235.x,formal,official_client_hero_c.dat,300data.com,神裂火织,魔法禁書目錄／科學超電磁砲,小說／漫畫／動畫,角色身分對照,,,https://300data.com/hero/235.html; https://300data.com/data/api/hero_info/id/235,evidence/hero-backgrounds/235.json
236,佩姬,Name_PeiJi,../DATA/CHARACTER/ROLEACTION/236.x,formal,official_client_hero_c.dat,300data.com,佩姬,300英雄原創,遊戲原創,角色身分對照,,,https://300data.com/hero/236.html; https://300data.com/data/api/hero_info/id/236,evidence/hero-backgrounds/236.json
237,雅儿贝德,Name_YaErBeiDe,../DATA/CHARACTER/ROLEACTION/237.x,formal,official_client_hero_c.dat,300data.com,雅儿贝德,OVERLORD,小說／動畫,角色身分對照,,,https://300data.com/hero/237.html; https://300data.com/data/api/hero_info/id/237,evidence/hero-backgrounds/237.json
238,爱蜜莉雅,Name_Emilia,../DATA/CHARACTER/ROLEACTION/238.x,formal,official_client_hero_c.dat,300data.com,爱蜜莉雅,Re:從零開始的異世界生活,小說／動畫,角色身分對照,,,https://300data.com/hero/238.html; https://300data.com/data/api/hero_info/id/238,evidence/hero-backgrounds/238.json
239,夜斗,Name_yedou,../DATA/CHARACTER/ROLEACTION/239.x,formal,official_client_hero_c.dat,300data.com,夜斗,流浪神差／野良神,漫畫／動畫,角色身分對照,,,https://300data.com/hero/239.html; https://300data.com/data/api/hero_info/id/239,evidence/hero-backgrounds/239.json
240,西行寺幽幽子,Name_Xixingsiyouyouzi,../DATA/CHARACTER/ROLEACTION/240.x,formal,official_client_hero_c.dat,300data.com,西行寺幽幽子,東方 Project,遊戲／出版作品,角色身分對照,,,https://300data.com/hero/240.html; https://300data.com/data/api/hero_info/id/240,evidence/hero-backgrounds/240.json
241,我妻由乃,Name_woqiyounai,../DATA/CHARACTER/ROLEACTION/241.x,formal,official_client_hero_c.dat,300data.com,我妻由乃,未來日記,漫畫／動畫,角色身分對照,,,https://300data.com/hero/241.html; https://300data.com/data/api/hero_info/id/241,evidence/hero-backgrounds/241.json
242,潘多拉,Name_PanDuoLa,../DATA/CHARACTER/ROLEACTION/242.x,formal,official_client_hero_c.dat,300data.com,潘多拉,300英雄原創,遊戲原創,角色身分對照,,,https://300data.com/hero/242.html; https://300data.com/data/api/hero_info/id/242,evidence/hero-backgrounds/242.json
243,常昊灵,Name_changhaoling,../DATA/CHARACTER/ROLEACTION/243.x,formal,official_client_hero_c.dat,300data.com,常昊灵,畫江湖之不良人,中國動畫,角色身分對照,,,https://300data.com/hero/243.html; https://300data.com/data/api/hero_info/id/243,evidence/hero-backgrounds/243.json
244,常宣灵,Name_changxuanling,../DATA/CHARACTER/ROLEACTION/244.x,formal,official_client_hero_c.dat,300data.com,常宣灵,畫江湖之不良人,中國動畫,角色身分對照,,,https://300data.com/hero/244.html; https://300data.com/data/api/hero_info/id/244,evidence/hero-backgrounds/244.json
245,曹焱兵,Name_caoyanbing,../DATA/CHARACTER/ROLEACTION/245.x,formal,official_client_hero_c.dat,300data.com,曹焱兵,鎮魂街,中國漫畫／動畫,角色身分對照,,,https://300data.com/hero/245.html; https://300data.com/data/api/hero_info/id/245,evidence/hero-backgrounds/245.json
246,少司命,Name_shaosiming,../DATA/CHARACTER/ROLEACTION/246.x,formal,official_client_hero_c.dat,300data.com,少司命,秦時明月,中國動畫,角色身分對照,,,https://300data.com/hero/246.html; https://300data.com/data/api/hero_info/id/246,evidence/hero-backgrounds/246.json
247,迪斯卓尔,Name_disizhuoer,../DATA/CHARACTER/ROLEACTION/247.x,formal,official_client_hero_c.dat,300data.com,迪斯卓尔,300英雄原創,遊戲原創,角色身分對照,,,https://300data.com/hero/247.html; https://300data.com/data/api/hero_info/id/247,evidence/hero-backgrounds/247.json
248,琉璃,Name_liuli,../DATA/CHARACTER/ROLEACTION/248.x,formal,official_client_hero_c.dat,300data.com,琉璃,雛蜂,中國漫畫／動畫,角色身分對照,,,https://300data.com/hero/248.html; https://300data.com/data/api/hero_info/id/248,evidence/hero-backgrounds/248.json
249,爱丽丝,Name_AiLiSi,../DATA/CHARACTER/ROLEACTION/249.x,formal,official_client_hero_c.dat,300data.com,愛麗絲·滋貝魯庫（Alice Zuberg）,刀劍神域 Sword Art Online,小說／動畫,角色身分對照,,,https://300data.com/hero/249.html; https://300data.com/data/api/hero_info/id/249,evidence/hero-backgrounds/249.json
250,伍六七,Name_WuLiuQi,../DATA/CHARACTER/ROLEACTION/250.x,formal,official_client_hero_c.dat,300data.com,伍六七,伍六七／刺客伍六七,中國動畫,角色身分對照,,,https://300data.com/hero/250.html; https://300data.com/data/api/hero_info/id/250,evidence/hero-backgrounds/250.json
251,蕾西亚,Name_LeiXiYa,../DATA/CHARACTER/ROLEACTION/251.x,formal,official_client_hero_c.dat,300data.com,蕾西亚,BEATLESS 沒有心跳的少女,小說／動畫,角色身分對照,,,https://300data.com/hero/251.html; https://300data.com/data/api/hero_info/id/251,evidence/hero-backgrounds/251.json
253,美杜莎,Name_MeiDuSha,../DATA/CHARACTER/ROLEACTION/253.x,formal,official_client_hero_c.dat,300data.com,美杜莎,Fate/stay night,遊戲／動漫,角色身分對照,,,https://300data.com/hero/253.html; https://300data.com/data/api/hero_info/id/253,evidence/hero-backgrounds/253.json
254,间桐樱,Name_JianTongYing,../DATA/CHARACTER/ROLEACTION/254.x,formal,official_client_hero_c.dat,300data.com,间桐樱,Fate/stay night,遊戲／動漫,角色身分對照,,,https://300data.com/hero/254.html; https://300data.com/data/api/hero_info/id/254; https://news.17173.com/content/07232019/152636661.shtml,evidence/hero-backgrounds/254.json
255,乔鲁诺·乔巴纳,Name_qiaolunuoqiaobana,../DATA/CHARACTER/ROLEACTION/255.x,formal,official_client_hero_c.dat,300data.com,乔鲁诺·乔巴纳,JoJo 的奇妙冒險 第五部：黃金之風,漫畫／動畫,角色身分對照,,,https://300data.com/hero/255.html; https://300data.com/data/api/hero_info/id/255,evidence/hero-backgrounds/255.json
256,埼玉,Name_QiYu,../DATA/CHARACTER/ROLEACTION/256.x,formal,official_client_hero_c.dat,300data.com,埼玉,一拳超人 ONE-PUNCH MAN,漫畫／動畫,角色身分對照,,,https://300data.com/hero/256.html; https://300data.com/data/api/hero_info/id/256,evidence/hero-backgrounds/256.json
257,妮姆芙,Name_nymph,../DATA/CHARACTER/ROLEACTION/257.x,formal,official_client_hero_c.dat,300data.com,妮姆芙,天降之物,漫畫／動畫,角色身分對照,,,https://300data.com/hero/257.html; https://300data.com/data/api/hero_info/id/257,evidence/hero-backgrounds/257.json
258,波风水门,Name_bofengshuimen,../DATA/CHARACTER/ROLEACTION/258.x,formal,official_client_hero_c.dat,300data.com,波风水门,火影忍者 NARUTO,漫畫／動畫,角色身分對照,,,https://300data.com/hero/258.html; https://300data.com/data/api/hero_info/id/258,evidence/hero-backgrounds/258.json
259,伍六七,Name_WuLiuQi,../DATA/CHARACTER/ROLEACTION/259.x,extra,official_client_hero_c.dat,300data.com,伍六七,伍六七／刺客伍六七,中國動畫,角色身分對照,伍六七的額外資料 ID；與 ID 250 分開保留，非新增原作人物。,,https://300data.com/hero/259.html; https://300data.com/data/api/hero_info/id/259,evidence/hero-backgrounds/259.json
260,莉法,Name_LiFa,../DATA/CHARACTER/ROLEACTION/260.x,formal,official_client_hero_c.dat,300data.com,莉法,刀劍神域 Sword Art Online,小說／動畫,角色身分對照,,,https://300data.com/hero/260.html; https://300data.com/data/api/hero_info/id/260,evidence/hero-backgrounds/260.json
262,爱丽丝·玛格特罗依德,Name_ailisi_M,../DATA/CHARACTER/ROLEACTION/262.x,formal,official_client_hero_c.dat,300data.com,爱丽丝·玛格特罗依德,東方 Project,遊戲／出版作品,角色身分對照,,,https://300data.com/hero/262.html; https://300data.com/data/api/hero_info/id/262; https://news.17173.com/content/07232019/152636661.shtml,evidence/hero-backgrounds/262.json
263,真红,Name_zhenhong,../DATA/CHARACTER/ROLEACTION/263.x,formal,official_client_hero_c.dat,300data.com,真红,薔薇少女 Rozen Maiden,漫畫／動畫,角色身分對照,,,https://300data.com/hero/263.html; https://300data.com/data/api/hero_info/id/263,evidence/hero-backgrounds/263.json
264,美游,Name_meiyou,../DATA/CHARACTER/ROLEACTION/264.x,formal,official_client_hero_c.dat,300data.com,美遊·艾德費爾特,Fate/kaleid liner 魔法少女☆伊莉雅,漫畫／動畫,角色身分對照,,,https://300data.com/hero/264.html; https://300data.com/data/api/hero_info/id/264,evidence/hero-backgrounds/264.json
265,格蕾,Name_GeLei2,../DATA/CHARACTER/ROLEACTION/265.x,formal,official_client_hero_c.dat,300data.com,格蕾,艾梅洛閣下II世事件簿,小說／動畫,角色身分對照,,,https://300data.com/hero/265.html; https://300data.com/data/api/hero_info/id/265,evidence/hero-backgrounds/265.json
266,冯宝宝,Name_FengBaoBao,../DATA/CHARACTER/ROLEACTION/266.x,formal,official_client_hero_c.dat,300data.com,冯宝宝,一人之下,中國漫畫／動畫,角色身分對照,,,https://300data.com/hero/266.html; https://300data.com/data/api/hero_info/id/266,evidence/hero-backgrounds/266.json
267,灶门炭治郎,Name_Tanzhilang,../DATA/CHARACTER/ROLEACTION/267.x,formal,official_client_hero_c.dat,300data.com,灶门炭治郎,鬼滅之刃,漫畫／動畫,角色身分對照,,,https://300data.com/hero/267.html; https://300data.com/data/api/hero_info/id/267,evidence/hero-backgrounds/267.json
268,射命丸文,Name_shemingwanwen,../DATA/CHARACTER/ROLEACTION/268.x,formal,official_client_hero_c.dat,300data.com,射命丸文,東方 Project,遊戲／出版作品,角色身分對照,,,https://300data.com/hero/268.html; https://300data.com/data/api/hero_info/id/268,evidence/hero-backgrounds/268.json
269,尤吉欧,Name_YouJiOu,../DATA/CHARACTER/ROLEACTION/269.x,formal,official_client_hero_c.dat,300data.com,尤吉欧,刀劍神域 Sword Art Online,小說／動畫,角色身分對照,,,https://300data.com/hero/269.html; https://300data.com/data/api/hero_info/id/269,evidence/hero-backgrounds/269.json
270,迪奥·布兰度,Name_DIO,../DATA/CHARACTER/ROLEACTION/270.x,formal,official_client_hero_c.dat,300data.com,DIO／迪奧·布蘭度,JoJo 的奇妙冒險 第三部：星塵遠征軍,漫畫／動畫,角色身分對照,使用系列角色 DIO 名稱，主要戰鬥形態對應第三部；人物初登場在第一部。,,https://300data.com/hero/270.html; https://300data.com/data/api/hero_info/id/270,evidence/hero-backgrounds/270.json
271,环彩羽,Name_HuanCaiYu,../DATA/CHARACTER/ROLEACTION/271.x,formal,official_client_hero_c.dat,300data.com,環彩羽,魔法紀錄 魔法少女小圓外傳,遊戲／動畫,角色身分對照,,,https://300data.com/hero/271.html; https://300data.com/data/api/hero_info/id/271,evidence/hero-backgrounds/271.json
272,梅普露,Name_MeiPuLu,../DATA/CHARACTER/ROLEACTION/272.x,formal,official_client_hero_c.dat,300data.com,梅普露／本條楓,怕痛的我，把防禦力點滿就對了,小說／動畫,角色身分對照,,,https://300data.com/hero/272.html; https://300data.com/data/api/hero_info/id/272,evidence/hero-backgrounds/272.json
273,机械神梅普露,Name_MeiPuLuMech,../DATA/CHARACTER/ROLEACTION/273.x,formal,official_client_hero_c.dat,300data.com,梅普露（機械神形態）,怕痛的我，把防禦力點滿就對了,小說／動畫,角色身分對照,同一角色的機械神形態。,,https://300data.com/hero/273.html; https://300data.com/data/api/hero_info/id/273,evidence/hero-backgrounds/273.json
274,蝴蝶忍,Name_HuDieRen,../DATA/CHARACTER/ROLEACTION/274.x,formal,official_client_hero_c.dat,300data.com,蝴蝶忍,鬼滅之刃,漫畫／動畫,角色身分對照,,,https://300data.com/hero/274.html; https://300data.com/data/api/hero_info/id/274,evidence/hero-backgrounds/274.json
275,蓬莱山辉夜,Name_Penglaishanhuiye,../DATA/CHARACTER/ROLEACTION/275.x,formal,official_client_hero_c.dat,300data.com,蓬莱山辉夜,東方 Project,遊戲／出版作品,角色身分對照,,,https://300data.com/hero/275.html; https://300data.com/data/api/hero_info/id/275,evidence/hero-backgrounds/275.json
276,梅普露,Name_MeiPuLui,../DATA/CHARACTER/ROLEACTION/276.x,formal,official_client_hero_c.dat,300data.com,梅普露／本條楓（另一資料條目）,怕痛的我，把防禦力點滿就對了,小說／動畫,角色身分對照,與 ID 272 同名，保留不同 ID；未臆定成另一位原作人物。,,https://300data.com/hero/276.html; https://300data.com/data/api/hero_info/id/276,evidence/hero-backgrounds/276.json
278,C.C.,Name_CC,../DATA/CHARACTER/ROLEACTION/278.x,formal,official_client_hero_c.dat,300data.com,C.C.,Code Geass 反叛的魯路修,動畫,角色身分對照,,,https://300data.com/hero/278.html; https://300data.com/data/api/hero_info/id/278,evidence/hero-backgrounds/278.json
279,涂山红红,Name_tushanhonghong,../DATA/CHARACTER/ROLEACTION/279.x,formal,official_client_hero_c.dat,300data.com,涂山红红,狐妖小紅娘,中國漫畫／動畫,角色身分對照,,,https://300data.com/hero/279.html; https://300data.com/data/api/hero_info/id/279,evidence/hero-backgrounds/279.json
280,王也,Name_Wangye,../DATA/CHARACTER/ROLEACTION/280.x,formal,official_client_hero_c.dat,300data.com,王也,一人之下,中國漫畫／動畫,角色身分對照,,,https://300data.com/hero/280.html; https://300data.com/data/api/hero_info/id/280,evidence/hero-backgrounds/280.json
281,藤原妹红,Name_tengyuanmeihong,../DATA/CHARACTER/ROLEACTION/281.x,formal,official_client_hero_c.dat,300data.com,藤原妹红,東方 Project,遊戲／出版作品,角色身分對照,,,https://300data.com/hero/281.html; https://300data.com/data/api/hero_info/id/281,evidence/hero-backgrounds/281.json
282,和真&惠惠,Name_hezhenhuihui,../DATA/CHARACTER/ROLEACTION/282.x,formal,official_client_hero_c.dat,300data.com,佐藤和真＋惠惠,為美好的世界獻上祝福！,小說／動畫,角色身分對照,和真與惠惠是兩位原作人物，共用一個英雄條目。,,https://300data.com/hero/282.html; https://300data.com/data/api/hero_info/id/282,evidence/hero-backgrounds/282.json
283,帕秋莉·诺蕾姬,Name_paqiulinuoleiji,../DATA/CHARACTER/ROLEACTION/283.x,formal,official_client_hero_c.dat,300data.com,帕秋莉·诺蕾姬,東方 Project,遊戲／出版作品,角色身分對照,,,https://300data.com/hero/283.html; https://300data.com/data/api/hero_info/id/283,evidence/hero-backgrounds/283.json
284,托尔,Name_TuoEr,../DATA/CHARACTER/ROLEACTION/284.x,formal,official_client_hero_c.dat,300data.com,托尔,小林家的龍女僕,漫畫／動畫,角色身分對照,,,https://300data.com/hero/284.html; https://300data.com/data/api/hero_info/id/284,evidence/hero-backgrounds/284.json
285,吉良吉影,Name_JiLiangJiYing,../DATA/CHARACTER/ROLEACTION/285.x,formal,official_client_hero_c.dat,300data.com,吉良吉影,JoJo 的奇妙冒險 第四部：不滅鑽石,漫畫／動畫,角色身分對照,,,https://300data.com/hero/285.html; https://300data.com/data/api/hero_info/id/285,evidence/hero-backgrounds/285.json
286,食蜂操祈,Name_shifengcaoqi,../DATA/CHARACTER/ROLEACTION/286.x,formal,official_client_hero_c.dat,300data.com,食蜂操祈,魔法禁書目錄／科學超電磁砲,小說／漫畫／動畫,角色身分對照,,,https://300data.com/hero/286.html; https://300data.com/data/api/hero_info/id/286,evidence/hero-backgrounds/286.json
287,赛贝丝,Name_Saibeisi,../DATA/CHARACTER/ROLEACTION/287.x,formal,official_client_hero_c.dat,300data.com,赛贝丝,300英雄原創,遊戲原創,角色身分對照,,,https://300data.com/hero/287.html; https://300data.com/data/api/hero_info/id/287; https://300.jumpw.com/details/299/13931.html,evidence/hero-backgrounds/287.json
288,闻人翊悬,Name_Wenrenyixuan,../DATA/CHARACTER/ROLEACTION/288.x,formal,official_client_hero_c.dat,300data.com,闻人翊悬,霧山五行,中國動畫,角色身分對照,,,https://300data.com/hero/288.html; https://300data.com/data/api/hero_info/id/288; https://activity.jumpw.com/300hero/wswx/hx.jsp,evidence/hero-backgrounds/288.json
289,莉姆,Name_limu,../DATA/CHARACTER/ROLEACTION/289.x,formal,official_client_hero_c.dat,300data.com,莉姆（Rim；粉紅魔龍）,迷宮黑心企業／異世界迷宮黑心企業,漫畫／動畫,角色身分對照,背景的二之宮金治與粉紅魔龍對應 Rim，不是《轉生史萊姆》的利姆路。,,https://300data.com/hero/289.html; https://300data.com/data/api/hero_info/id/289,evidence/hero-backgrounds/289.json
290,申屠子夜,Name_shentuziye,../DATA/CHARACTER/ROLEACTION/290.x,formal,official_client_hero_c.dat,300data.com,申屠子夜,霧山五行,中國動畫,角色身分對照,,,https://300data.com/hero/290.html; https://300data.com/data/api/hero_info/id/290,evidence/hero-backgrounds/290.json
291,结城友奈,Name_JieChengYouNai,../DATA/CHARACTER/ROLEACTION/261.x,formal,official_client_hero_c.dat,300data.com,结城友奈,結城友奈是勇者,動畫,角色身分對照,,,https://300data.com/hero/291.html; https://300data.com/data/api/hero_info/id/291,evidence/hero-backgrounds/291.json
292,木之本樱,Name_muzhibenying,../DATA/CHARACTER/ROLEACTION/292.x,formal,official_client_hero_c.dat,300data.com,木之本樱,庫洛魔法使／魔卡少女櫻,漫畫／動畫,角色身分對照,,,https://300data.com/hero/292.html; https://300data.com/data/api/hero_info/id/292,evidence/hero-backgrounds/292.json
293,红美铃,Name_hongmeiling,../DATA/CHARACTER/ROLEACTION/293.x,formal,official_client_hero_c.dat,300data.com,红美铃,東方 Project,遊戲／出版作品,角色身分對照,,,https://300data.com/hero/293.html; https://300data.com/data/api/hero_info/id/293,evidence/hero-backgrounds/293.json
294,逢坂大河,Name_fengbandahe,../DATA/CHARACTER/ROLEACTION/294.x,formal,official_client_hero_c.dat,300data.com,逢坂大河,TIGER×DRAGON！／龍與虎,小說／動畫,角色身分對照,,,https://300data.com/hero/294.html; https://300data.com/data/api/hero_info/id/294,evidence/hero-backgrounds/294.json
295,古明地觉&古明地恋,Name_gumingdijue_gumingdilian,../DATA/CHARACTER/ROLEACTION/295.x,formal,official_client_hero_c.dat,300data.com,古明地覺＋古明地戀,東方 Project,遊戲／出版作品,角色身分對照,古明地姐妹是兩位原作人物，共用一個英雄條目。,,https://300data.com/hero/295.html; https://300data.com/data/api/hero_info/id/295,evidence/hero-backgrounds/295.json
296,夏提雅,Name_xiatiya,../DATA/CHARACTER/ROLEACTION/296.x,formal,official_client_hero_c.dat,300data.com,夏提雅·布拉德弗倫,OVERLORD,小說／動畫,角色身分對照,,,https://300data.com/hero/296.html; https://300data.com/data/api/hero_info/id/296,evidence/hero-backgrounds/296.json
300,凯菈,Name_Killer,../DATA/CHARACTER/ROLEACTION/300.x,formal,official_client_hero_c.dat,300data.com,凯菈,300英雄原創,遊戲原創,角色身分對照,,,https://300data.com/hero/300.html; https://300data.com/data/api/hero_info/id/300; https://300.jumpw.com/details/301/14710.html,evidence/hero-backgrounds/300.json
301,北方酱,Name_beifangjiang,../DATA/CHARACTER/ROLEACTION/301.x,formal,official_client_hero_c.dat,300data.com,北方棲姬,艦隊 Collection／艦隊收藏,遊戲／動畫,角色身分對照,,,https://300data.com/hero/301.html; https://300data.com/data/api/hero_info/id/301,evidence/hero-backgrounds/301.json
302,风鸣翼,Name_fengmingyi,../DATA/CHARACTER/ROLEACTION/302.x,formal,official_client_hero_c.dat,300data.com,风鸣翼,戰姬絕唱 SYMPHOGEAR,動畫,角色身分對照,,,https://300data.com/hero/302.html; https://300data.com/data/api/hero_info/id/302,evidence/hero-backgrounds/302.json
303,菈菈,Name_lala,../DATA/CHARACTER/ROLEACTION/303.x,formal,official_client_hero_c.dat,300data.com,菈菈·撒塔琳·戴比路克,出包王女 To LOVE-Ru,漫畫／動畫,角色身分對照,,,https://300data.com/hero/303.html; https://300data.com/data/api/hero_info/id/303,evidence/hero-backgrounds/303.json
304,茵蒂克丝,Name_yindikesi,../DATA/CHARACTER/ROLEACTION/304.x,formal,official_client_hero_c.dat,300data.com,茵蒂克絲／Index,魔法禁書目錄／科學超電磁砲,小說／漫畫／動畫,角色身分對照,,,https://300data.com/hero/304.html; https://300data.com/data/api/hero_info/id/304,evidence/hero-backgrounds/304.json
305,温蒂,Name_WenDi,../DATA/CHARACTER/ROLEACTION/305.x,formal,official_client_hero_c.dat,300data.com,溫蒂·馬貝爾,FAIRY TAIL 魔導少年／妖精的尾巴,漫畫／動畫,角色身分對照,,,https://300data.com/hero/305.html; https://300data.com/data/api/hero_info/id/305,evidence/hero-backgrounds/305.json
306,电次,Name_DianCi,../DATA/CHARACTER/ROLEACTION/306.x,formal,official_client_hero_c.dat,300data.com,淀治／電次,鏈鋸人,漫畫／動畫,角色身分對照,,,https://300data.com/hero/306.html; https://300data.com/data/api/hero_info/id/306,evidence/hero-backgrounds/306.json
307,空条徐伦,Name_kongtiaoxulun,../DATA/CHARACTER/ROLEACTION/307.x,formal,official_client_hero_c.dat,300data.com,空條徐倫,JoJo 的奇妙冒險 第六部：石之海,漫畫／動畫,角色身分對照,,,https://300data.com/hero/307.html; https://300data.com/data/api/hero_info/id/307,evidence/hero-backgrounds/307.json
308,木更,Name_mugeng,../DATA/CHARACTER/ROLEACTION/308.x,formal,official_client_hero_c.dat,300data.com,木更（Engage Kiss）,Engage Kiss 契約之吻,動畫,角色身分對照,出自 Engage Kiss；不是《黑色子彈》的天童木更。,,https://300data.com/hero/308.html; https://300data.com/data/api/hero_info/id/308,evidence/hero-backgrounds/308.json
310,蕾姆,Name_leimu,../DATA/CHARACTER/ROLEACTION/310.x,formal,official_client_hero_c.dat,300data.com,蕾姆,Re:從零開始的異世界生活,小說／動畫,角色身分對照,,,https://300data.com/hero/310.html; https://300data.com/data/api/hero_info/id/310,evidence/hero-backgrounds/310.json
311,琪露诺,Name_qilunuo,../DATA/CHARACTER/ROLEACTION/311.x,formal,official_client_hero_c.dat,300data.com,琪露诺,東方 Project,遊戲／出版作品,角色身分對照,,,https://300data.com/hero/311.html; https://300data.com/data/api/hero_info/id/311,evidence/hero-backgrounds/311.json
312,石神千空,Name_shishenqiankong,../DATA/CHARACTER/ROLEACTION/312.x,formal,official_client_hero_c.dat,300data.com,石神千空,Dr.STONE 新石紀,漫畫／動畫,角色身分對照,,,https://300data.com/hero/312.html; https://300data.com/data/api/hero_info/id/312,evidence/hero-backgrounds/312.json
313,苍星石,Name_cangxingshi,../DATA/CHARACTER/ROLEACTION/313.x,formal,official_client_hero_c.dat,300data.com,苍星石,薔薇少女 Rozen Maiden,漫畫／動畫,角色身分對照,,,https://300data.com/hero/313.html; https://300data.com/data/api/hero_info/id/313,evidence/hero-backgrounds/313.json
314,芙蕾雅,Name_fuleiya,../DATA/CHARACTER/ROLEACTION/314.x,formal,official_client_hero_c.dat,300data.com,芙蕾雅,300英雄原創,遊戲原創,角色身分對照,官方周年宣傳中的原創 300 娘；不是同名的《回復術士》或《在地下城尋求邂逅》人物。,,https://300data.com/hero/314.html; https://300data.com/data/api/hero_info/id/314; https://ol.gamersky.com/news/202311/1669137.shtml,evidence/hero-backgrounds/314.json
315,亚连·沃克,Name_AllenWalker,../DATA/CHARACTER/ROLEACTION/315.x,formal,official_client_hero_c.dat,300data.com,亞連·沃克,D.Gray-man 驅魔少年,漫畫／動畫,角色身分對照,,,https://300data.com/hero/315.html; https://300data.com/data/api/hero_info/id/315,evidence/hero-backgrounds/315.json
316,东风谷早苗,Name_dongfengguzaomiao,../DATA/CHARACTER/ROLEACTION/316.x,formal,official_client_hero_c.dat,300data.com,东风谷早苗,東方 Project,遊戲／出版作品,角色身分對照,,,https://300data.com/hero/316.html; https://300data.com/data/api/hero_info/id/316,evidence/hero-backgrounds/316.json
317,吕树,Name_lvshu,../DATA/CHARACTER/ROLEACTION/317.x,formal,official_client_hero_c.dat,300data.com,吕树,大王饒命,小說／中國動畫,角色身分對照,,,https://300data.com/hero/317.html; https://300data.com/data/api/hero_info/id/317,evidence/hero-backgrounds/317.json
318,吕小鱼,Name_lvxiaoyu,../DATA/CHARACTER/ROLEACTION/318.x,formal,official_client_hero_c.dat,300data.com,吕小鱼,大王饒命,小說／中國動畫,角色身分對照,,,https://300data.com/hero/318.html; https://300data.com/data/api/hero_info/id/318,evidence/hero-backgrounds/318.json
319,坂本,Name_banben,../DATA/CHARACTER/ROLEACTION/319.x,formal,official_client_hero_c.dat,300data.com,坂本,在下坂本，有何貴幹？,漫畫／動畫,角色身分對照,背景明寫在下坂本，有何貴幹；不是《SAKAMOTO DAYS》。,,https://300data.com/hero/319.html; https://300data.com/data/api/hero_info/id/319,evidence/hero-backgrounds/319.json
320,阿希娅,Name_axiya,../DATA/CHARACTER/ROLEACTION/320.x,formal,official_client_hero_c.dat,300data.com,阿希娅,300英雄原創,遊戲原創,角色身分對照,官方十二周年推出的原創 300 娘；其他 IP 聯動皮膚需另外歸類。,,https://300data.com/hero/320.html; https://300data.com/data/api/hero_info/id/320; https://activity.jumpw.com/300hero/12th/main.jsp,evidence/hero-backgrounds/320.json
321,比那名居天子,Name_binamingjutianzi,../DATA/CHARACTER/ROLEACTION/321.x,formal,official_client_hero_c.dat,300data.com,比那名居天子,東方 Project,遊戲／出版作品,角色身分對照,,,https://300data.com/hero/321.html; https://300data.com/data/api/hero_info/id/321,evidence/hero-backgrounds/321.json
322,蓝染惣右介,Name_lanranzongyoujie,../DATA/CHARACTER/ROLEACTION/322.x,formal,official_client_hero_c.dat,300data.com,蓝染惣右介,BLEACH 死神,漫畫／動畫,角色身分對照,,,https://300data.com/hero/322.html; https://300data.com/data/api/hero_info/id/322,evidence/hero-backgrounds/322.json
323,奴良陆生,Name_lusheng,../DATA/CHARACTER/ROLEACTION/323.x,formal,official_client_hero_c.dat,300data.com,奴良陆生,妖怪少爺／滑頭鬼之孫,漫畫／動畫,角色身分對照,,,https://300data.com/hero/323.html; https://300data.com/data/api/hero_info/id/323,evidence/hero-backgrounds/323.json
327,刑天,Name_xingtian,../DATA/CHARACTER/ROLEACTION/327.x,formal,official_client_hero_c.dat,300data.com,刑天鎧甲（李昊天）,鎧甲勇士刑天,真人特攝,角色身分對照,真人特攝角色；官方聯動名稱為《鎧甲勇士》，角色對應《鎧甲勇士刑天》。,,https://300data.com/hero/327.html; https://300data.com/data/api/hero_info/id/327; https://300.jumpw.com/item/294.html,evidence/hero-backgrounds/327.json
328,法尼·瓦伦泰,Name_waluntai,../DATA/CHARACTER/ROLEACTION/328.x,formal,official_client_hero_c.dat,300data.com,法尼·瓦倫泰／Funny Valentine,JoJo 的奇妙冒險 第七部：飆馬野郎 STEEL BALL RUN,漫畫系列,角色身分對照,,,https://300data.com/hero/328.html; https://300data.com/data/api/hero_info/id/328,evidence/hero-backgrounds/328.json
329,故障缇米,Name_guzhangtimi,../DATA/CHARACTER/ROLEACTION/329.x,formal,official_client_hero_c.dat,300data.com,故障緹米,300英雄原創,遊戲原創,角色身分對照,緹米的故障衍生形態，背景直接關聯本作伊莎、緹米與永恒世界。,,https://300data.com/hero/329.html; https://300data.com/data/api/hero_info/id/329,evidence/hero-backgrounds/329.json
332,我妻善逸,Name_woqishanyi,../DATA/CHARACTER/ROLEACTION/332.x,formal,official_client_hero_c.dat,300data.com,我妻善逸,鬼滅之刃,漫畫／動畫,角色身分對照,,,https://300data.com/hero/332.html; https://300data.com/data/api/hero_info/id/332; https://news.17173.com/content/01222026/220604977.shtml,evidence/hero-backgrounds/332.json
333,芙莉莲,Name_fulilian,../DATA/CHARACTER/ROLEACTION/333.x,formal,official_client_hero_c.dat,300data.com,芙莉莲,葬送的芙莉蓮,漫畫／動畫,角色身分對照,,,https://300data.com/hero/333.html; https://300data.com/data/api/hero_info/id/333; https://news.17173.com/content/01222026/220604977.shtml,evidence/hero-backgrounds/333.json
334,闰土,Name_daitu,../DATA/CHARACTER/ROLEACTION/334.x,formal,official_client_hero_c.dat,300data.com,宇智波帶土,火影忍者 NARUTO,漫畫／動畫,角色身分對照,目前名稱「閏土」，內部 key Name_daitu；身分對照為宇智波帶土。,,https://300data.com/hero/334.html; https://300data.com/data/api/hero_info/id/334; https://update.300hero.jumpwgame.com/xclient_unpack/excel/hero_c.dat.gz,evidence/hero-backgrounds/334.json
335,梅林,Name_meilin,../DATA/CHARACTER/ROLEACTION/335.x,formal,official_client_hero_c.dat,300data.com,梅林（Fate）,Fate/Grand Order,遊戲／動漫,角色身分對照,公告技能含英雄做成、永世隔絕的理想鄉，並有阿瓦隆女士皮膚，對應 Fate 的梅林。,,https://300data.com/hero/335.html; https://300data.com/data/api/hero_info/id/335; https://wap.gamersky.com/news/Content-2166562.html,evidence/hero-backgrounds/335.json
336,艾莉丝,Name_ailisi_A,../DATA/CHARACTER/ROLEACTION/336.x,formal,official_client_hero_c.dat,300data.com,艾莉絲·伯雷亞斯·格雷拉特（Eris）,無職轉生～到了異世界就拿出真本事～,小說／動畫,角色身分對照,2026 暑期公告描述紅髮「狂劍王」，對應無職轉生的 Eris；不是 SAO 的 Alice。,,https://300data.com/hero/336.html; https://300data.com/data/api/hero_info/id/336; https://wap.gamersky.com/news/Content-2166562.html,evidence/hero-backgrounds/336.json
390,坦克,,../Data\Magic\Skill\312_shishenqiankong\s09\trace\tx_312_s09_3_01.x,extra,official_client_hero_c.dat,300data.com,石神千空技能坦克,Dr.STONE 新石紀,漫畫／動畫,依模型路徑推定技能歸屬,非獨立英雄；依客戶端模型路徑 Skill/312_shishenqiankong 歸到石神千空。僅確認技能歸屬，未完成模型外觀核對。,,https://300data.com/hero/390.html; https://300data.com/data/api/hero_info/id/390; https://update.300hero.jumpwgame.com/xclient_unpack/excel/hero_c.dat.gz,evidence/hero-backgrounds/390.json
391,枯萎穿心,,../Data\Magic\Skill\285_jiliangjiying\s05_E\trace\tx_285_s05_3_01.x,extra,official_client_hero_c.dat,300data.com,枯萎穿心／Sheer Heart Attack,JoJo 的奇妙冒險 第四部：不滅鑽石,漫畫／動畫,角色身分對照,吉良吉影的殺手皇后所用追蹤爆彈；模型路徑 Skill/285_jiliangjiying。,,https://300data.com/hero/391.html; https://300data.com/data/api/hero_info/id/391; https://update.300hero.jumpwgame.com/xclient_unpack/excel/hero_c.dat.gz; https://activity.jumpw.com/300hero/edition/index.jsp,evidence/hero-backgrounds/391.json
392,出租车,,../Data\Magic\Skill\319_banben\s06_r\trace\tx_319_s06_3_01.x,extra,official_client_hero_c.dat,300data.com,坂本技能計程車,在下坂本，有何貴幹？,漫畫／動畫,依模型路徑推定技能歸屬,非獨立英雄；依客戶端模型路徑 Skill/319_banben 歸到坂本。這是本遊戲的技能單位關聯，不表示原作有同款計程車。,,https://300data.com/hero/392.html; https://300data.com/data/api/hero_info/id/392; https://update.300hero.jumpwgame.com/xclient_unpack/excel/hero_c.dat.gz,evidence/hero-backgrounds/392.json
