source_format,runtime_capability_fingerprint,source_document,id,rank,rank_display,tier_backend,selection_slot,selection_slot_display,name,description,weight,tags,eligibility_type,eligibility_requiresModeFeature,eligibility_requiresAnyMechanic,eligibility_requiresEnemyAnyMechanic,eligibility_excludeAnyMechanic,eligibility_requiresResource,eligibility_requiresAnyTag,eligibility_prefersAnyTag,eligibility_requiresSafeProxySlots,eligibility_requiresAbilitySlot,eligibility_requiresAnyAbilitySlot,eligibility_requiresRHitEnemyChampion,eligibility_onlyAttackArchetype,eligibility_json,runtime_status,tuning_status,modifiers_json,hooks_json,block_json,crit_strike_json,attributes_json,damage_type_override_json,flight_json,penetration_json,implementation_notes,implementation_notes_json,augment_json
ggd-sacred-grail-wish-pack@1,ggd-runtime-capabilities@1/8d30566f,技能標記機制與效果規則.md,grail-c-01,C,C級願望,silver,generic,第二願望,固有技能・對魔力 C,[暈眩][淨化] 被暈眩時，立即移除最新一個負面狀態。25秒冷卻。,100,grail-wish | control | dispel | defense,all,,,,,,,,,,,,,"{""type"":""all""}",direct,proposal,,"[{""on"":""onStunned"",""effects"":[{""kind"":""dispel"",""shape"":""single"",""side"":""allies"",""pools"":{""status"":true,""shields"":false,""dot"":true,""buffs"":true},""polarity"":""debuff"",""count"":1,""order"":""newest""}],""target"":""self"",""internalCooldown"":25}]",,,,,,,,[],"{""id"":""grail-c-01"",""name"":""固有技能・對魔力 C"",""description"":""[暈眩][淨化] 被暈眩時，立即移除最新一個負面狀態。25秒冷卻。"",""tier"":""silver"",""weight"":100,""tags"":[""grail-wish"",""control"",""dispel"",""defense""],""hooks"":[{""on"":""onStunned"",""effects"":[{""kind"":""dispel"",""shape"":""single"",""side"":""allies"",""pools"":{""status"":true,""shields"":false,""dot"":true,""buffs"":true},""polarity"":""debuff"",""count"":1,""order"":""newest""}],""target"":""self"",""internalCooldown"":25}]}"
ggd-sacred-grail-wish-pack@1,ggd-runtime-capabilities@1/8d30566f,技能標記機制與效果規則.md,grail-c-02,C,C級願望,silver,synergy,第一願望,固有技能・心眼（偽）C,[迴避][擊退] 成功迴避敵方攻擊時，將攻擊者小幅擊退。8秒冷卻。,100,grail-wish | evasion | knockback | counter,,,evasion,,,,,,,,,,,"{""requiresAnyMechanic"":[""evasion""]}",direct,proposal,,"[{""on"":""onEvade"",""effects"":[{""kind"":""knockback"",""distanceTier"":""極小"",""from"":""caster"",""applyTo"":""target""}],""target"":""event"",""internalCooldown"":8}]",,,,,,,,[],"{""id"":""grail-c-02"",""name"":""固有技能・心眼（偽）C"",""description"":""[迴避][擊退] 成功迴避敵方攻擊時，將攻擊者小幅擊退。8秒冷卻。"",""tier"":""silver"",""weight"":100,""tags"":[""grail-wish"",""evasion"",""knockback"",""counter""],""hooks"":[{""on"":""onEvade"",""effects"":[{""kind"":""knockback"",""distanceTier"":""極小"",""from"":""caster"",""applyTo"":""target""}],""target"":""event"",""internalCooldown"":8}]}"
ggd-sacred-grail-wish-pack@1,ggd-runtime-capabilities@1/8d30566f,技能標記機制與效果規則.md,grail-c-03,C,C級願望,silver,synergy,第一願望,魔術・反射術式 C,[反彈][回魔] 成功反彈傷害時，回復6%最大魔力。5秒冷卻。,100,grail-wish | reflect | mana | sustain,,,reflect,,,,,,,,,,,"{""requiresAnyMechanic"":[""reflect""]}",direct,proposal,,"[{""on"":""onReflectSuccess"",""effects"":[{""kind"":""restore"",""manaPct"":0.06,""applyTo"":""self""}],""target"":""self"",""internalCooldown"":5}]",,,,,,,,[],"{""id"":""grail-c-03"",""name"":""魔術・反射術式 C"",""description"":""[反彈][回魔] 成功反彈傷害時，回復6%最大魔力。5秒冷卻。"",""tier"":""silver"",""weight"":100,""tags"":[""grail-wish"",""reflect"",""mana"",""sustain""],""hooks"":[{""on"":""onReflectSuccess"",""effects"":[{""kind"":""restore"",""manaPct"":0.06,""applyTo"":""self""}],""target"":""self"",""internalCooldown"":5}]}"
ggd-sacred-grail-wish-pack@1,ggd-runtime-capabilities@1/8d30566f,技能標記機制與效果規則.md,grail-c-04,C,C級願望,silver,pivot,第三願望,魔術・魔力回收 C,[受傷][傷害轉魔力] 實際失去生命時，將該次生命損失的15%轉化為魔力。1秒冷卻。,100,grail-wish | damage-taken | mana | conversion,,,,,,mana,,,,,,,,"{""requiresResource"":[""mana""]}",direct,proposal,,"[{""on"":""onDamageTaken"",""effects"":[{""kind"":""eventValueConversion"",""shape"":""single"",""source"":""incomingDamage"",""basis"":""hpLost"",""ratio"":0.15,""to"":""mana"",""who"":""self""}],""target"":""self"",""internalCooldown"":1}]",,,,,,,,[],"{""id"":""grail-c-04"",""name"":""魔術・魔力回收 C"",""description"":""[受傷][傷害轉魔力] 實際失去生命時，將該次生命損失的15%轉化為魔力。1秒冷卻。"",""tier"":""silver"",""weight"":100,""tags"":[""grail-wish"",""damage-taken"",""mana"",""conversion""],""hooks"":[{""on"":""onDamageTaken"",""effects"":[{""kind"":""eventValueConversion"",""shape"":""single"",""source"":""incomingDamage"",""basis"":""hpLost"",""ratio"":0.15,""to"":""mana"",""who"":""self""}],""target"":""self"",""internalCooldown"":1}]}"
ggd-sacred-grail-wish-pack@1,ggd-runtime-capabilities@1/8d30566f,技能標記機制與效果規則.md,grail-c-05,C,C級願望,silver,pivot,第三願望,魔術・魔力裝甲 C,[最大魔力][最大生命] 最大魔力的20%同時視為額外最大生命。,100,grail-wish | mana | health | stat-conversion,,,,,,mana,,,,,,,,"{""requiresResource"":[""mana""]}",direct,proposal,"[{""stat"":""maxHealth"",""op"":""percentOf"",""value"":0.2,""from"":""maxMana""}]",,,,,,,,,[],"{""id"":""grail-c-05"",""name"":""魔術・魔力裝甲 C"",""description"":""[最大魔力][最大生命] 最大魔力的20%同時視為額外最大生命。"",""tier"":""silver"",""weight"":100,""tags"":[""grail-wish"",""mana"",""health"",""stat-conversion""],""modifiers"":[{""stat"":""maxHealth"",""op"":""percentOf"",""value"":0.2,""from"":""maxMana""}]}"
ggd-sacred-grail-wish-pack@1,ggd-runtime-capabilities@1/8d30566f,技能標記機制與效果規則.md,grail-c-06,C,C級願望,silver,pivot,第三願望,固有技能・高速詠唱 C,[攻速][CDR] 每1.0攻速同時提供5%冷卻縮減，最多20%。原攻速不會消失。,100,grail-wish | attack-speed | cdr | stat-conversion,,,,,,,,attack-speed,,,,,,"{""prefersAnyTag"":[""attack-speed""]}",direct,proposal,"[{""stat"":""cdr"",""op"":""percentOf"",""value"":0.05,""from"":""as""}]",,,,,,,,當攻速可被其他來源解鎖至4以上時，需由全域CDR上限或內容編譯器限制本願望最多提供20%。,"[""當攻速可被其他來源解鎖至4以上時，需由全域CDR上限或內容編譯器限制本願望最多提供20%。""]","{""id"":""grail-c-06"",""name"":""固有技能・高速詠唱 C"",""description"":""[攻速][CDR] 每1.0攻速同時提供5%冷卻縮減，最多20%。原攻速不會消失。"",""tier"":""silver"",""weight"":100,""tags"":[""grail-wish"",""attack-speed"",""cdr"",""stat-conversion""],""modifiers"":[{""stat"":""cdr"",""op"":""percentOf"",""value"":0.05,""from"":""as""}]}"
ggd-sacred-grail-wish-pack@1,ggd-runtime-capabilities@1/8d30566f,技能標記機制與效果規則.md,grail-c-07,C,C級願望,silver,pivot,第三願望,固有技能・魔力放出 C,[普攻][傷害轉換] 所有普通攻擊改為魔法傷害，原傷害數值不變。,100,grail-wish | basic-attack | damage-type | magic,all,,,,,,,,,,,,,"{""type"":""all""}",direct,proposal,,,,,,"{""scope"":""basic"",""becomes"":""magic"",""applyAt"":""afterGates"",""impactType"":""original""}",,,,[],"{""id"":""grail-c-07"",""name"":""固有技能・魔力放出 C"",""description"":""[普攻][傷害轉換] 所有普通攻擊改為魔法傷害，原傷害數值不變。"",""tier"":""silver"",""weight"":100,""tags"":[""grail-wish"",""basic-attack"",""damage-type"",""magic""],""damageTypeOverride"":{""scope"":""basic"",""becomes"":""magic"",""applyAt"":""afterGates"",""impactType"":""original""}}"
ggd-sacred-grail-wish-pack@1,ggd-runtime-capabilities@1/8d30566f,技能標記機制與效果規則.md,grail-c-08,C,C級願望,silver,synergy,第一願望,概念武裝・起源彈 C,[技能命中][驅散] 技能命中敵方英雄時，移除其最新一個可驅散增益。12秒冷卻。,100,grail-wish | ability-hit | dispel | anti-buff,,,,,,,ability-damage,,,,,,,"{""requiresAnyTag"":[""ability-damage""]}",direct,proposal,,"[{""on"":""onAbilityHit"",""effects"":[{""kind"":""dispel"",""shape"":""single"",""side"":""enemies"",""pools"":{""status"":false,""shields"":false,""dot"":false,""buffs"":true},""polarity"":""buff"",""count"":1,""order"":""newest""}],""target"":""event"",""victim"":""enemyChampion"",""internalCooldown"":12}]",,,,,,,,[],"{""id"":""grail-c-08"",""name"":""概念武裝・起源彈 C"",""description"":""[技能命中][驅散] 技能命中敵方英雄時，移除其最新一個可驅散增益。12秒冷卻。"",""tier"":""silver"",""weight"":100,""tags"":[""grail-wish"",""ability-hit"",""dispel"",""anti-buff""],""hooks"":[{""on"":""onAbilityHit"",""effects"":[{""kind"":""dispel"",""shape"":""single"",""side"":""enemies"",""pools"":{""status"":false,""shields"":false,""dot"":false,""buffs"":true},""polarity"":""buff"",""count"":1,""order"":""newest""}],""target"":""event"",""victim"":""enemyChampion"",""internalCooldown"":12}]}"
ggd-sacred-grail-wish-pack@1,ggd-runtime-capabilities@1/8d30566f,技能標記機制與效果規則.md,grail-c-09,C,C級願望,silver,synergy,第一願望,概念武裝・破界之槍 C,[技能命中][破盾] 技能命中敵方英雄時，移除其一層護盾。12秒冷卻。,100,grail-wish | ability-hit | shield-break | anti-shield,,,,shield,,,,,,,,,,"{""requiresEnemyAnyMechanic"":[""shield""]}",direct,proposal,,"[{""on"":""onAbilityHit"",""effects"":[{""kind"":""shieldBreak"",""shape"":""single"",""side"":""enemies"",""count"":1,""order"":""newest""}],""target"":""event"",""victim"":""enemyChampion"",""internalCooldown"":12}]",,,,,,,,[],"{""id"":""grail-c-09"",""name"":""概念武裝・破界之槍 C"",""description"":""[技能命中][破盾] 技能命中敵方英雄時，移除其一層護盾。12秒冷卻。"",""tier"":""silver"",""weight"":100,""tags"":[""grail-wish"",""ability-hit"",""shield-break"",""anti-shield""],""hooks"":[{""on"":""onAbilityHit"",""effects"":[{""kind"":""shieldBreak"",""shape"":""single"",""side"":""enemies"",""count"":1,""order"":""newest""}],""target"":""event"",""victim"":""enemyChampion"",""internalCooldown"":12}]}"
ggd-sacred-grail-wish-pack@1,ggd-runtime-capabilities@1/8d30566f,技能標記機制與效果規則.md,grail-c-10,C,C級願望,silver,pivot,第三願望,固有技能・魂喰 C,[擊殺][成長] 每累積擊殺5個單位，永久獲得1力量、1敏捷、1智慧；各最多20點。,100,grail-wish | kill | scaling | attributes,,killable-units,,,,,,,,,,,,"{""requiresModeFeature"":[""killable-units""]}",direct,proposal,,"[{""on"":""onKill"",""effects"":[{""kind"":""grantAttribute"",""attr"":""str"",""mode"":""flat"",""amount"":1,""everyNth"":5,""store"":""source"",""maxSourceTotal"":20},{""kind"":""grantAttribute"",""attr"":""agi"",""mode"":""flat"",""amount"":1,""everyNth"":5,""store"":""source"",""maxSourceTotal"":20},{""kind"":""grantAttribute"",""attr"":""int"",""mode"":""flat"",""amount"":1,""everyNth"":5,""store"":""source"",""maxSourceTotal"":20}],""target"":""self"",""victim"":""any""}]",,,,,,,,[],"{""id"":""grail-c-10"",""name"":""固有技能・魂喰 C"",""description"":""[擊殺][成長] 每累積擊殺5個單位，永久獲得1力量、1敏捷、1智慧；各最多20點。"",""tier"":""silver"",""weight"":100,""tags"":[""grail-wish"",""kill"",""scaling"",""attributes""],""hooks"":[{""on"":""onKill"",""effects"":[{""kind"":""grantAttribute"",""attr"":""str"",""mode"":""flat"",""amount"":1,""everyNth"":5,""store"":""source"",""maxSourceTotal"":20},{""kind"":""grantAttribute"",""attr"":""agi"",""mode"":""flat"",""amount"":1,""everyNth"":5,""store"":""source"",""maxSourceTotal"":20},{""kind"":""grantAttribute"",""attr"":""int"",""mode"":""flat"",""amount"":1,""everyNth"":5,""store"":""source"",""maxSourceTotal"":20}],""target"":""self"",""victim"":""any""}]}"
ggd-sacred-grail-wish-pack@1,ggd-runtime-capabilities@1/8d30566f,技能標記機制與效果規則.md,grail-c-11,C,C級願望,silver,generic,第二願望,固有技能・逆境再起 C,[暈眩][技能重置] 被暈眩時，立即完成Q／W／E冷卻。25秒冷卻。,100,grail-wish | stun | cooldown-reset | defense,all,,,,,,,,,,,,,"{""type"":""all""}",direct,proposal,,"[{""on"":""onStunned"",""effects"":[{""kind"":""modifyCooldown"",""shape"":""single"",""who"":""self"",""slot"":""Q"",""mode"":""reset""},{""kind"":""modifyCooldown"",""shape"":""single"",""who"":""self"",""slot"":""W"",""mode"":""reset""},{""kind"":""modifyCooldown"",""shape"":""single"",""who"":""self"",""slot"":""E"",""mode"":""reset""}],""target"":""self"",""internalCooldown"":25}]",,,,,,,已展開為 Q／W／E 各一個 modifyCooldown(reset)。,"[""已展開為 Q／W／E 各一個 modifyCooldown(reset)。""]","{""id"":""grail-c-11"",""name"":""固有技能・逆境再起 C"",""description"":""[暈眩][技能重置] 被暈眩時，立即完成Q／W／E冷卻。25秒冷卻。"",""tier"":""silver"",""weight"":100,""tags"":[""grail-wish"",""stun"",""cooldown-reset"",""defense""],""hooks"":[{""on"":""onStunned"",""effects"":[{""kind"":""modifyCooldown"",""shape"":""single"",""who"":""self"",""slot"":""Q"",""mode"":""reset""},{""kind"":""modifyCooldown"",""shape"":""single"",""who"":""self"",""slot"":""W"",""mode"":""reset""},{""kind"":""modifyCooldown"",""shape"":""single"",""who"":""self"",""slot"":""E"",""mode"":""reset""}],""target"":""self"",""internalCooldown"":25}]}"
ggd-sacred-grail-wish-pack@1,ggd-runtime-capabilities@1/8d30566f,技能標記機制與效果規則.md,grail-c-12,C,C級願望,silver,generic,第二願望,魔術・詠唱結界 C,[施法][控制免疫] 施放Q／W／E／R後，獲得0.4秒控制免疫。8秒冷卻。,100,grail-wish | ability-cast | control-immunity | defense,,,,,,,,,,,Q | W | E | R,,,"{""requiresAnyAbilitySlot"":[""Q"",""W"",""E"",""R""]}",direct,proposal,,"[{""on"":""onAbilityCast"",""effects"":[{""kind"":""invulnerable"",""durationSec"":0.4,""applyTo"":""self"",""blocksDamage"":""none"",""blocksTrueDamage"":false,""blocksControl"":true}],""target"":""self"",""internalCooldown"":8}]",,,,,,,,[],"{""id"":""grail-c-12"",""name"":""魔術・詠唱結界 C"",""description"":""[施法][控制免疫] 施放Q／W／E／R後，獲得0.4秒控制免疫。8秒冷卻。"",""tier"":""silver"",""weight"":100,""tags"":[""grail-wish"",""ability-cast"",""control-immunity"",""defense""],""hooks"":[{""on"":""onAbilityCast"",""effects"":[{""kind"":""invulnerable"",""durationSec"":0.4,""applyTo"":""self"",""blocksDamage"":""none"",""blocksTrueDamage"":false,""blocksControl"":true}],""target"":""self"",""internalCooldown"":8}]}"
ggd-sacred-grail-wish-pack@1,ggd-runtime-capabilities@1/8d30566f,技能標記機制與效果規則.md,grail-c-13,C,C級願望,silver,pivot,第三願望,固有技能・王殺 C,[Boss][寶具重置] 殭屍王出現時，立即完成R冷卻。,100,grail-wish | boss | objective | cooldown-reset,,boss,,,,,,,,,,,,"{""requiresModeFeature"":[""boss""]}",direct,proposal,,"[{""on"":""onBossSpawn"",""effects"":[{""kind"":""modifyCooldown"",""shape"":""single"",""who"":""self"",""slot"":""R"",""mode"":""reset""}],""target"":""self""}]",,,,,,,,[],"{""id"":""grail-c-13"",""name"":""固有技能・王殺 C"",""description"":""[Boss][寶具重置] 殭屍王出現時，立即完成R冷卻。"",""tier"":""silver"",""weight"":100,""tags"":[""grail-wish"",""boss"",""objective"",""cooldown-reset""],""hooks"":[{""on"":""onBossSpawn"",""effects"":[{""kind"":""modifyCooldown"",""shape"":""single"",""who"":""self"",""slot"":""R"",""mode"":""reset""}],""target"":""self""}]}"
ggd-sacred-grail-wish-pack@1,ggd-runtime-capabilities@1/8d30566f,技能標記機制與效果規則.md,grail-c-14,C,C級願望,silver,pivot,第三願望,魔術・地脈接續 C,[中立物件][技能重置] 擊毀可觸發擊殺事件的中立單位或中立物件後，完成Q／W／E冷卻。15秒冷卻。,100,grail-wish | neutral-object | objective | cooldown-reset,,neutral-object-as-mob-kill,,,,,,,,,,,,"{""requiresModeFeature"":[""neutral-object-as-mob-kill""]}",direct_with_mode_contract,proposal,,"[{""on"":""onKill"",""effects"":[{""kind"":""modifyCooldown"",""shape"":""single"",""who"":""self"",""slot"":""Q"",""mode"":""reset""},{""kind"":""modifyCooldown"",""shape"":""single"",""who"":""self"",""slot"":""W"",""mode"":""reset""},{""kind"":""modifyCooldown"",""shape"":""single"",""who"":""self"",""slot"":""E"",""mode"":""reset""}],""target"":""self"",""victim"":""mob"",""internalCooldown"":15}]",,,,,,,目前hook可篩選victim=mob，模式需保證花朵等中立物件以mob擊殺事件送出。 | 已展開為 Q／W／E 各一個 modifyCooldown(reset)。,"[""目前hook可篩選victim=mob，模式需保證花朵等中立物件以mob擊殺事件送出。"",""已展開為 Q／W／E 各一個 modifyCooldown(reset)。""]","{""id"":""grail-c-14"",""name"":""魔術・地脈接續 C"",""description"":""[中立物件][技能重置] 擊毀可觸發擊殺事件的中立單位或中立物件後，完成Q／W／E冷卻。15秒冷卻。"",""tier"":""silver"",""weight"":100,""tags"":[""grail-wish"",""neutral-object"",""objective"",""cooldown-reset""],""hooks"":[{""on"":""onKill"",""effects"":[{""kind"":""modifyCooldown"",""shape"":""single"",""who"":""self"",""slot"":""Q"",""mode"":""reset""},{""kind"":""modifyCooldown"",""shape"":""single"",""who"":""self"",""slot"":""W"",""mode"":""reset""},{""kind"":""modifyCooldown"",""shape"":""single"",""who"":""self"",""slot"":""E"",""mode"":""reset""}],""target"":""self"",""victim"":""mob"",""internalCooldown"":15}]}"
ggd-sacred-grail-wish-pack@1,ggd-runtime-capabilities@1/8d30566f,技能標記機制與效果規則.md,grail-c-15,C,C級願望,silver,synergy,第一願望,職階技能・單獨行動 C,[隊友死亡][回魔] 隊友死亡後，魔力回復效果變為2倍，持續15秒。不可疊加，只刷新時間。,100,grail-wish | ally-death | mana-regen | clutch,,team,,,,,,,,,,,,"{""requiresModeFeature"":[""team""]}",direct,proposal,,"[{""on"":""onAllyDeath"",""effects"":[{""kind"":""applyBuff"",""modifiers"":[{""stat"":""manaRegen"",""op"":""pctMult"",""value"":1.0}],""duration"":15,""applyTo"":""self"",""exclusiveGroup"":""grail-single-action-c"",""exclusiveOnExisting"":""replace"",""dispellable"":false,""polarity"":""buff""}],""target"":""self""}]",,,,,,,,[],"{""id"":""grail-c-15"",""name"":""職階技能・單獨行動 C"",""description"":""[隊友死亡][回魔] 隊友死亡後，魔力回復效果變為2倍，持續15秒。不可疊加，只刷新時間。"",""tier"":""silver"",""weight"":100,""tags"":[""grail-wish"",""ally-death"",""mana-regen"",""clutch""],""hooks"":[{""on"":""onAllyDeath"",""effects"":[{""kind"":""applyBuff"",""modifiers"":[{""stat"":""manaRegen"",""op"":""pctMult"",""value"":1.0}],""duration"":15,""applyTo"":""self"",""exclusiveGroup"":""grail-single-action-c"",""exclusiveOnExisting"":""replace"",""dispellable"":false,""polarity"":""buff""}],""target"":""self""}]}"
ggd-sacred-grail-wish-pack@1,ggd-runtime-capabilities@1/8d30566f,技能標記機制與效果規則.md,grail-c-16,C,C級願望,silver,synergy,第一願望,投影魔術・追尾彈 C,[技能命中][彈體] 技能命中敵方英雄時，追加一枚追尾魔彈，造成60＋15% AP魔法傷害。6秒冷卻。,100,grail-wish | ability-hit | projectile | magic,,,,,,,ability-damage,,,,,,,"{""requiresAnyTag"":[""ability-damage""]}",direct_with_content_placeholder,proposal,,"[{""on"":""onAbilityHit"",""effects"":[{""kind"":""spawnProjectile"",""projectileId"":""grail.tracking-bolt"",""onHit"":[{""kind"":""damage"",""damageType"":""magic"",""amount"":{""flat"":60,""ratios"":[{""stat"":""ap"",""coeff"":0.15}]},""applyTo"":""target""}]}],""target"":""event"",""victim"":""enemyChampion"",""internalCooldown"":6}]",,,,,,,需建立或對應projectileId: grail.tracking-bolt。,"[""需建立或對應projectileId: grail.tracking-bolt。""]","{""id"":""grail-c-16"",""name"":""投影魔術・追尾彈 C"",""description"":""[技能命中][彈體] 技能命中敵方英雄時，追加一枚追尾魔彈，造成60＋15% AP魔法傷害。6秒冷卻。"",""tier"":""silver"",""weight"":100,""tags"":[""grail-wish"",""ability-hit"",""projectile"",""magic""],""hooks"":[{""on"":""onAbilityHit"",""effects"":[{""kind"":""spawnProjectile"",""projectileId"":""grail.tracking-bolt"",""onHit"":[{""kind"":""damage"",""damageType"":""magic"",""amount"":{""flat"":60,""ratios"":[{""stat"":""ap"",""coeff"":0.15}]},""applyTo"":""target""}]}],""target"":""event"",""victim"":""enemyChampion"",""internalCooldown"":6}]}"
ggd-sacred-grail-wish-pack@1,ggd-runtime-capabilities@1/8d30566f,技能標記機制與效果規則.md,grail-c-17,C,C級願望,silver,generic,第二願望,固有技能・直感 C,[受到暴擊][護盾] 被敵方英雄暴擊時，獲得相當於8%最大生命的護盾，持續3秒。10秒冷卻。,100,grail-wish | damage-taken | crit | shield,all,,,,,,,,,,,,,"{""type"":""all""}",direct,proposal,,"[{""on"":""onDamageTaken"",""effects"":[{""kind"":""shield"",""amount"":{""ratios"":[{""stat"":""maxHealth"",""coeff"":0.08}]},""duration"":3,""absorbs"":""all""}],""target"":""self"",""victim"":""enemyChampion"",""damageCrit"":""crit"",""internalCooldown"":10}]",,,,,,,,[],"{""id"":""grail-c-17"",""name"":""固有技能・直感 C"",""description"":""[受到暴擊][護盾] 被敵方英雄暴擊時，獲得相當於8%最大生命的護盾，持續3秒。10秒冷卻。"",""tier"":""silver"",""weight"":100,""tags"":[""grail-wish"",""damage-taken"",""crit"",""shield""],""hooks"":[{""on"":""onDamageTaken"",""effects"":[{""kind"":""shield"",""amount"":{""ratios"":[{""stat"":""maxHealth"",""coeff"":0.08}]},""duration"":3,""absorbs"":""all""}],""target"":""self"",""victim"":""enemyChampion"",""damageCrit"":""crit"",""internalCooldown"":10}]}"
ggd-sacred-grail-wish-pack@1,ggd-runtime-capabilities@1/8d30566f,技能標記機制與效果規則.md,grail-c-18,C,C級願望,silver,synergy,第一願望,固有技能・魔力放出（炎）C,[技能命中][燃燒] 技能命中敵方英雄時，使其燃燒3秒。8秒冷卻。,100,grail-wish | ability-hit | burn | elemental,,,,,,,ability-damage,,,,,,,"{""requiresAnyTag"":[""ability-damage""]}",direct,proposal,,"[{""on"":""onAbilityHit"",""effects"":[{""kind"":""applyStatus"",""statusId"":""burn"",""duration"":3,""applyTo"":""target"",""refresh"":""extend"",""dispellable"":true}],""target"":""event"",""victim"":""enemyChampion"",""internalCooldown"":8}]",,,,,,,,[],"{""id"":""grail-c-18"",""name"":""固有技能・魔力放出（炎）C"",""description"":""[技能命中][燃燒] 技能命中敵方英雄時，使其燃燒3秒。8秒冷卻。"",""tier"":""silver"",""weight"":100,""tags"":[""grail-wish"",""ability-hit"",""burn"",""elemental""],""hooks"":[{""on"":""onAbilityHit"",""effects"":[{""kind"":""applyStatus"",""statusId"":""burn"",""duration"":3,""applyTo"":""target"",""refresh"":""extend"",""dispellable"":true}],""target"":""event"",""victim"":""enemyChampion"",""internalCooldown"":8}]}"
ggd-sacred-grail-wish-pack@1,ggd-runtime-capabilities@1/8d30566f,技能標記機制與效果規則.md,grail-c-19,C,C級願望,silver,pivot,第三願望,魔術・星之雨 C,[週期][隨機區域] 每15秒在自身附近降下2道星光，每道造成80＋15% AP範圍魔法傷害。,100,grail-wish | interval | random-area | aoe,all,,,,,,,,,,,,,"{""type"":""all""}",direct,proposal,,"[{""on"":""onInterval"",""effects"":[{""kind"":""randomArea"",""who"":""self"",""count"":[2],""intervalSec"":0.25,""scatterRadius"":8,""firstAtCast"":true,""stopOnCasterDeath"":true,""effects"":[{""kind"":""damageArea"",""damageType"":""magic"",""amount"":{""flat"":80,""ratios"":[{""stat"":""ap"",""coeff"":0.15}]},""radius"":2.5,""radiusTier"":""小"",""includeOrigin"":true}]}],""target"":""self"",""internalCooldown"":15}]",,,,,,,,[],"{""id"":""grail-c-19"",""name"":""魔術・星之雨 C"",""description"":""[週期][隨機區域] 每15秒在自身附近降下2道星光，每道造成80＋15% AP範圍魔法傷害。"",""tier"":""silver"",""weight"":100,""tags"":[""grail-wish"",""interval"",""random-area"",""aoe""],""hooks"":[{""on"":""onInterval"",""effects"":[{""kind"":""randomArea"",""who"":""self"",""count"":[2],""intervalSec"":0.25,""scatterRadius"":8,""firstAtCast"":true,""stopOnCasterDeath"":true,""effects"":[{""kind"":""damageArea"",""damageType"":""magic"",""amount"":{""flat"":80,""ratios"":[{""stat"":""ap"",""coeff"":0.15}]},""radius"":2.5,""radiusTier"":""小"",""includeOrigin"":true}]}],""target"":""self"",""internalCooldown"":15}]}"
ggd-sacred-grail-wish-pack@1,ggd-runtime-capabilities@1/8d30566f,技能標記機制與效果規則.md,grail-c-20,C,C級願望,silver,synergy,第一願望,投影魔術・強化投影 C,[施法][下一次普攻] 施法後5秒內，下一次普攻追加一枚投影彈，造成40＋20% AP魔法傷害。8秒冷卻。,100,grail-wish | ability-cast | basic-attack | projectile,,,,,,,,,,,Q | W | E | R,,,"{""requiresAnyAbilitySlot"":[""Q"",""W"",""E"",""R""]}",direct_with_content_placeholder,proposal,,"[{""on"":""onAbilityCast"",""effects"":[{""kind"":""applyBuff"",""modifiers"":[],""duration"":5,""applyTo"":""self"",""statusId"":""grail-strengthened-projection"",""exclusiveGroup"":""grail-strengthened-projection"",""exclusiveOnExisting"":""replace"",""dispellable"":false,""polarity"":""buff"",""hooks"":[{""on"":""onBasicAttack"",""effects"":[{""kind"":""spawnProjectile"",""projectileId"":""grail.projection-bolt"",""onHit"":[{""kind"":""damage"",""damageType"":""magic"",""amount"":{""flat"":40,""ratios"":[{""stat"":""ap"",""coeff"":0.2}]},""applyTo"":""target""}]}],""target"":""event"",""maxTriggers"":1,""onConsumed"":""detachSource""}]}],""target"":""self"",""internalCooldown"":8}]",,,,,,,需建立或對應projectileId: grail.projection-bolt。,"[""需建立或對應projectileId: grail.projection-bolt。""]","{""id"":""grail-c-20"",""name"":""投影魔術・強化投影 C"",""description"":""[施法][下一次普攻] 施法後5秒內，下一次普攻追加一枚投影彈，造成40＋20% AP魔法傷害。8秒冷卻。"",""tier"":""silver"",""weight"":100,""tags"":[""grail-wish"",""ability-cast"",""basic-attack"",""projectile""],""hooks"":[{""on"":""onAbilityCast"",""effects"":[{""kind"":""applyBuff"",""modifiers"":[],""duration"":5,""applyTo"":""self"",""statusId"":""grail-strengthened-projection"",""exclusiveGroup"":""grail-strengthened-projection"",""exclusiveOnExisting"":""replace"",""dispellable"":false,""polarity"":""buff"",""hooks"":[{""on"":""onBasicAttack"",""effects"":[{""kind"":""spawnProjectile"",""projectileId"":""grail.projection-bolt"",""onHit"":[{""kind"":""damage"",""damageType"":""magic"",""amount"":{""flat"":40,""ratios"":[{""stat"":""ap"",""coeff"":0.2}]},""applyTo"":""target""}]}],""target"":""event"",""maxTriggers"":1,""onConsumed"":""detachSource""}]}],""target"":""self"",""internalCooldown"":8}]}"
ggd-sacred-grail-wish-pack@1,ggd-runtime-capabilities@1/8d30566f,技能標記機制與效果規則.md,grail-a-01,A,A級願望,gold,synergy,第一願望,固有技能・心眼（真）A,[迴避][彈反] 成功迴避後，立即對攻擊者造成一次100% AD物理傷害並小幅擊退。6秒冷卻。,60,grail-wish | evasion | counter | physical,,,evasion,,,,,,,,,,,"{""requiresAnyMechanic"":[""evasion""]}",direct,proposal,,"[{""on"":""onEvade"",""effects"":[{""kind"":""damage"",""damageType"":""physical"",""amount"":{""ratios"":[{""stat"":""ad"",""coeff"":1.0}]},""applyTo"":""target""},{""kind"":""knockback"",""distanceTier"":""極小"",""from"":""caster"",""applyTo"":""target""}],""target"":""event"",""internalCooldown"":6}]",,,,,,,,[],"{""id"":""grail-a-01"",""name"":""固有技能・心眼（真）A"",""description"":""[迴避][彈反] 成功迴避後，立即對攻擊者造成一次100% AD物理傷害並小幅擊退。6秒冷卻。"",""tier"":""gold"",""weight"":60,""tags"":[""grail-wish"",""evasion"",""counter"",""physical""],""hooks"":[{""on"":""onEvade"",""effects"":[{""kind"":""damage"",""damageType"":""physical"",""amount"":{""ratios"":[{""stat"":""ad"",""coeff"":1.0}]},""applyTo"":""target""},{""kind"":""knockback"",""distanceTier"":""極小"",""from"":""caster"",""applyTo"":""target""}],""target"":""event"",""internalCooldown"":6}]}"
ggd-sacred-grail-wish-pack@1,ggd-runtime-capabilities@1/8d30566f,技能標記機制與效果規則.md,grail-a-02,A,A級願望,gold,synergy,第一願望,魔術・反射術式 A,[反彈][回復] 成功反彈時，回復等同反彈傷害50%的生命。8秒冷卻。,60,grail-wish | reflect | heal | counter,,,reflect,,,,,,,,,,,"{""requiresAnyMechanic"":[""reflect""]}",direct,proposal,,"[{""on"":""onReflectSuccess"",""effects"":[{""kind"":""eventValueConversion"",""shape"":""single"",""source"":""incomingDamage"",""basis"":""hpLost"",""ratio"":0.5,""to"":""health"",""who"":""self""}],""target"":""self"",""internalCooldown"":8}]",,,,,,,,[],"{""id"":""grail-a-02"",""name"":""魔術・反射術式 A"",""description"":""[反彈][回復] 成功反彈時，回復等同反彈傷害50%的生命。8秒冷卻。"",""tier"":""gold"",""weight"":60,""tags"":[""grail-wish"",""reflect"",""heal"",""counter""],""hooks"":[{""on"":""onReflectSuccess"",""effects"":[{""kind"":""eventValueConversion"",""shape"":""single"",""source"":""incomingDamage"",""basis"":""hpLost"",""ratio"":0.5,""to"":""health"",""who"":""self""}],""target"":""self"",""internalCooldown"":8}]}"
ggd-sacred-grail-wish-pack@1,ggd-runtime-capabilities@1/8d30566f,技能標記機制與效果規則.md,grail-a-03,A,A級願望,gold,generic,第二願望,固有技能・戰鬥續行 A,[致命傷害][格擋] 每60秒一次，完全格擋一發原本會使你死亡的傷害。,60,grail-wish | lethal | block | survival,all,,,,,,,,,,,,,"{""type"":""all""}",direct,proposal,,,"{""damageTypes"":[""physical"",""magic""],""chance"":1.0,""fraction"":1.0,""lethalOnly"":true,""lethalBasis"":""hpAndShields"",""internalCooldown"":60}",,,,,,,[],"{""id"":""grail-a-03"",""name"":""固有技能・戰鬥續行 A"",""description"":""[致命傷害][格擋] 每60秒一次，完全格擋一發原本會使你死亡的傷害。"",""tier"":""gold"",""weight"":60,""tags"":[""grail-wish"",""lethal"",""block"",""survival""],""block"":{""damageTypes"":[""physical"",""magic""],""chance"":1.0,""fraction"":1.0,""lethalOnly"":true,""lethalBasis"":""hpAndShields"",""internalCooldown"":60}}"
ggd-sacred-grail-wish-pack@1,ggd-runtime-capabilities@1/8d30566f,技能標記機制與效果規則.md,grail-a-04,A,A級願望,gold,pivot,第三願望,固有技能・高速神言 A,[AP][CDR] 每100 AP同時提供5%冷卻縮減，最多30%。AP不會消失。,60,grail-wish | ap | cdr | stat-conversion,,,,,,,,ap,,,,,,"{""prefersAnyTag"":[""ap""]}",direct,proposal,"[{""stat"":""cdr"",""op"":""percentOf"",""value"":0.0005,""from"":""ap""}]",,,,,,,,需由全域CDR上限或內容編譯器限制本願望最多提供30%。,"[""需由全域CDR上限或內容編譯器限制本願望最多提供30%。""]","{""id"":""grail-a-04"",""name"":""固有技能・高速神言 A"",""description"":""[AP][CDR] 每100 AP同時提供5%冷卻縮減，最多30%。AP不會消失。"",""tier"":""gold"",""weight"":60,""tags"":[""grail-wish"",""ap"",""cdr"",""stat-conversion""],""modifiers"":[{""stat"":""cdr"",""op"":""percentOf"",""value"":0.0005,""from"":""ap""}]}"
ggd-sacred-grail-wish-pack@1,ggd-runtime-capabilities@1/8d30566f,技能標記機制與效果規則.md,grail-a-05,A,A級願望,gold,synergy,第一願望,固有技能・獵殺本能 A,[英雄擊殺][技能重置] 擊殺敵方英雄時，完成Q／W／E／R冷卻。45秒冷卻。,60,grail-wish | kill | cooldown-reset | snowball,all,,,,,,,,,,,,,"{""type"":""all""}",direct,proposal,,"[{""on"":""onKill"",""effects"":[{""kind"":""modifyCooldown"",""shape"":""single"",""who"":""self"",""slot"":""Q"",""mode"":""reset""},{""kind"":""modifyCooldown"",""shape"":""single"",""who"":""self"",""slot"":""W"",""mode"":""reset""},{""kind"":""modifyCooldown"",""shape"":""single"",""who"":""self"",""slot"":""E"",""mode"":""reset""},{""kind"":""modifyCooldown"",""shape"":""single"",""who"":""self"",""slot"":""R"",""mode"":""reset""}],""target"":""self"",""victim"":""enemyChampion"",""internalCooldown"":45}]",,,,,,,已展開為 Q／W／E／R 各一個 modifyCooldown(reset)。,"[""已展開為 Q／W／E／R 各一個 modifyCooldown(reset)。""]","{""id"":""grail-a-05"",""name"":""固有技能・獵殺本能 A"",""description"":""[英雄擊殺][技能重置] 擊殺敵方英雄時，完成Q／W／E／R冷卻。45秒冷卻。"",""tier"":""gold"",""weight"":60,""tags"":[""grail-wish"",""kill"",""cooldown-reset"",""snowball""],""hooks"":[{""on"":""onKill"",""effects"":[{""kind"":""modifyCooldown"",""shape"":""single"",""who"":""self"",""slot"":""Q"",""mode"":""reset""},{""kind"":""modifyCooldown"",""shape"":""single"",""who"":""self"",""slot"":""W"",""mode"":""reset""},{""kind"":""modifyCooldown"",""shape"":""single"",""who"":""self"",""slot"":""E"",""mode"":""reset""},{""kind"":""modifyCooldown"",""shape"":""single"",""who"":""self"",""slot"":""R"",""mode"":""reset""}],""target"":""self"",""victim"":""enemyChampion"",""internalCooldown"":45}]}"
ggd-sacred-grail-wish-pack@1,ggd-runtime-capabilities@1/8d30566f,技能標記機制與效果規則.md,grail-a-06,A,A級願望,gold,synergy,第一願望,職階技能・單獨行動 A,[隊友死亡][回魔][淨化] 隊友死亡時，回復25%最大魔力、淨化所有負面狀態並獲得0.75秒無敵。30秒冷卻。,60,grail-wish | ally-death | clutch | cleanse,,team,,,,,,,,,,,,"{""requiresModeFeature"":[""team""]}",direct,proposal,,"[{""on"":""onAllyDeath"",""effects"":[{""kind"":""restore"",""manaPct"":0.25,""applyTo"":""self""},{""kind"":""dispel"",""shape"":""single"",""side"":""allies"",""pools"":{""status"":true,""shields"":false,""dot"":true,""buffs"":true},""polarity"":""debuff"",""count"":50,""order"":""newest""},{""kind"":""invulnerable"",""durationSec"":0.75,""applyTo"":""self"",""blocksDamage"":""all"",""blocksTrueDamage"":true,""blocksControl"":true}],""target"":""self"",""internalCooldown"":30}]",,,,,,,,[],"{""id"":""grail-a-06"",""name"":""職階技能・單獨行動 A"",""description"":""[隊友死亡][回魔][淨化] 隊友死亡時，回復25%最大魔力、淨化所有負面狀態並獲得0.75秒無敵。30秒冷卻。"",""tier"":""gold"",""weight"":60,""tags"":[""grail-wish"",""ally-death"",""clutch"",""cleanse""],""hooks"":[{""on"":""onAllyDeath"",""effects"":[{""kind"":""restore"",""manaPct"":0.25,""applyTo"":""self""},{""kind"":""dispel"",""shape"":""single"",""side"":""allies"",""pools"":{""status"":true,""shields"":false,""dot"":true,""buffs"":true},""polarity"":""debuff"",""count"":50,""order"":""newest""},{""kind"":""invulnerable"",""durationSec"":0.75,""applyTo"":""self"",""blocksDamage"":""all"",""blocksTrueDamage"":true,""blocksControl"":true}],""target"":""self"",""internalCooldown"":30}]}"
ggd-sacred-grail-wish-pack@1,ggd-runtime-capabilities@1/8d30566f,技能標記機制與效果規則.md,grail-a-07,A,A級願望,gold,generic,第二願望,魔術・靈基修復 A,[復活][技能重置] 被復活時，完成Q／W／E／R冷卻、回滿魔力並獲得1秒無敵。,60,grail-wish | revive | cooldown-reset | invulnerable,,revive,,,,,,,,,,,,"{""requiresModeFeature"":[""revive""]}",direct,proposal,,"[{""on"":""onRevive"",""effects"":[{""kind"":""modifyCooldown"",""shape"":""single"",""who"":""self"",""slot"":""Q"",""mode"":""reset""},{""kind"":""modifyCooldown"",""shape"":""single"",""who"":""self"",""slot"":""W"",""mode"":""reset""},{""kind"":""modifyCooldown"",""shape"":""single"",""who"":""self"",""slot"":""E"",""mode"":""reset""},{""kind"":""modifyCooldown"",""shape"":""single"",""who"":""self"",""slot"":""R"",""mode"":""reset""},{""kind"":""restore"",""manaPct"":1.0,""applyTo"":""self""},{""kind"":""invulnerable"",""durationSec"":1.0,""applyTo"":""self"",""blocksDamage"":""all"",""blocksTrueDamage"":true,""blocksControl"":true}],""target"":""self""}]",,,,,,,已展開為 Q／W／E／R 各一個 modifyCooldown(reset)。,"[""已展開為 Q／W／E／R 各一個 modifyCooldown(reset)。""]","{""id"":""grail-a-07"",""name"":""魔術・靈基修復 A"",""description"":""[復活][技能重置] 被復活時，完成Q／W／E／R冷卻、回滿魔力並獲得1秒無敵。"",""tier"":""gold"",""weight"":60,""tags"":[""grail-wish"",""revive"",""cooldown-reset"",""invulnerable""],""hooks"":[{""on"":""onRevive"",""effects"":[{""kind"":""modifyCooldown"",""shape"":""single"",""who"":""self"",""slot"":""Q"",""mode"":""reset""},{""kind"":""modifyCooldown"",""shape"":""single"",""who"":""self"",""slot"":""W"",""mode"":""reset""},{""kind"":""modifyCooldown"",""shape"":""single"",""who"":""self"",""slot"":""E"",""mode"":""reset""},{""kind"":""modifyCooldown"",""shape"":""single"",""who"":""self"",""slot"":""R"",""mode"":""reset""},{""kind"":""restore"",""manaPct"":1.0,""applyTo"":""self""},{""kind"":""invulnerable"",""durationSec"":1.0,""applyTo"":""self"",""blocksDamage"":""all"",""blocksTrueDamage"":true,""blocksControl"":true}],""target"":""self""}]}"
ggd-sacred-grail-wish-pack@1,ggd-runtime-capabilities@1/8d30566f,技能標記機制與效果規則.md,grail-a-08,A,A級願望,gold,synergy,第一願望,魔術・殘響詠唱 A,[技能再演] 施放Q／W／E／R後，1.2秒後自動再施放一次相同技能，不再次消耗魔力。各技能格24秒冷卻。,60,grail-wish | ability-cast | proxy-cast | echo,,,,,,,,,Q | W | E | R,,,,,"{""requiresSafeProxySlots"":[""Q"",""W"",""E"",""R""]}",direct_with_ability_safety_validation,proposal,,"[{""on"":""onAbilityCast"",""effects"":[{""kind"":""delayed"",""shape"":""single"",""delaySec"":1.2,""count"":1,""intervalSec"":1,""effects"":[{""kind"":""proxyCast"",""shape"":""single"",""slot"":""Q"",""payCosts"":""none"",""respectCooldown"":false,""requireLearned"":true,""rankMode"":""casterRank"",""targetMode"":""reresolve"",""maxDepth"":1,""emitCastEvents"":false}]}],""target"":""self"",""abilitySlot"":""Q"",""internalCooldown"":24,""internalCooldownScope"":""perAbilitySlot""},{""on"":""onAbilityCast"",""effects"":[{""kind"":""delayed"",""shape"":""single"",""delaySec"":1.2,""count"":1,""intervalSec"":1,""effects"":[{""kind"":""proxyCast"",""shape"":""single"",""slot"":""W"",""payCosts"":""none"",""respectCooldown"":false,""requireLearned"":true,""rankMode"":""casterRank"",""targetMode"":""reresolve"",""maxDepth"":1,""emitCastEvents"":false}]}],""target"":""self"",""abilitySlot"":""W"",""internalCooldown"":24,""internalCooldownScope"":""perAbilitySlot""},{""on"":""onAbilityCast"",""effects"":[{""kind"":""delayed"",""shape"":""single"",""delaySec"":1.2,""count"":1,""intervalSec"":1,""effects"":[{""kind"":""proxyCast"",""shape"":""single"",""slot"":""E"",""payCosts"":""none"",""respectCooldown"":false,""requireLearned"":true,""rankMode"":""casterRank"",""targetMode"":""reresolve"",""maxDepth"":1,""emitCastEvents"":false}]}],""target"":""self"",""abilitySlot"":""E"",""internalCooldown"":24,""internalCooldownScope"":""perAbilitySlot""},{""on"":""onAbilityCast"",""effects"":[{""kind"":""delayed"",""shape"":""single"",""delaySec"":1.2,""count"":1,""intervalSec"":1,""effects"":[{""kind"":""proxyCast"",""shape"":""single"",""slot"":""R"",""payCosts"":""none"",""respectCooldown"":false,""requireLearned"":true,""rankMode"":""casterRank"",""targetMode"":""reresolve"",""maxDepth"":1,""emitCastEvents"":false}]}],""target"":""self"",""abilitySlot"":""R"",""internalCooldown"":24,""internalCooldownScope"":""perAbilitySlot""}]",,,,,,,需在內容匯入時排除無法安全reresolve目標或不可重入的技能。,"[""需在內容匯入時排除無法安全reresolve目標或不可重入的技能。""]","{""id"":""grail-a-08"",""name"":""魔術・殘響詠唱 A"",""description"":""[技能再演] 施放Q／W／E／R後，1.2秒後自動再施放一次相同技能，不再次消耗魔力。各技能格24秒冷卻。"",""tier"":""gold"",""weight"":60,""tags"":[""grail-wish"",""ability-cast"",""proxy-cast"",""echo""],""hooks"":[{""on"":""onAbilityCast"",""effects"":[{""kind"":""delayed"",""shape"":""single"",""delaySec"":1.2,""count"":1,""intervalSec"":1,""effects"":[{""kind"":""proxyCast"",""shape"":""single"",""slot"":""Q"",""payCosts"":""none"",""respectCooldown"":false,""requireLearned"":true,""rankMode"":""casterRank"",""targetMode"":""reresolve"",""maxDepth"":1,""emitCastEvents"":false}]}],""target"":""self"",""abilitySlot"":""Q"",""internalCooldown"":24,""internalCooldownScope"":""perAbilitySlot""},{""on"":""onAbilityCast"",""effects"":[{""kind"":""delayed"",""shape"":""single"",""delaySec"":1.2,""count"":1,""intervalSec"":1,""effects"":[{""kind"":""proxyCast"",""shape"":""single"",""slot"":""W"",""payCosts"":""none"",""respectCooldown"":false,""requireLearned"":true,""rankMode"":""casterRank"",""targetMode"":""reresolve"",""maxDepth"":1,""emitCastEvents"":false}]}],""target"":""self"",""abilitySlot"":""W"",""internalCooldown"":24,""internalCooldownScope"":""perAbilitySlot""},{""on"":""onAbilityCast"",""effects"":[{""kind"":""delayed"",""shape"":""single"",""delaySec"":1.2,""count"":1,""intervalSec"":1,""effects"":[{""kind"":""proxyCast"",""shape"":""single"",""slot"":""E"",""payCosts"":""none"",""respectCooldown"":false,""requireLearned"":true,""rankMode"":""casterRank"",""targetMode"":""reresolve"",""maxDepth"":1,""emitCastEvents"":false}]}],""target"":""self"",""abilitySlot"":""E"",""internalCooldown"":24,""internalCooldownScope"":""perAbilitySlot""},{""on"":""onAbilityCast"",""effects"":[{""kind"":""delayed"",""shape"":""single"",""delaySec"":1.2,""count"":1,""intervalSec"":1,""effects"":[{""kind"":""proxyCast"",""shape"":""single"",""slot"":""R"",""payCosts"":""none"",""respectCooldown"":false,""requireLearned"":true,""rankMode"":""casterRank"",""targetMode"":""reresolve"",""maxDepth"":1,""emitCastEvents"":false}]}],""target"":""self"",""abilitySlot"":""R"",""internalCooldown"":24,""internalCooldownScope"":""perAbilitySlot""}]}"
ggd-sacred-grail-wish-pack@1,ggd-runtime-capabilities@1/8d30566f,技能標記機制與效果規則.md,grail-a-09,A,A級願望,gold,pivot,第三願望,靈基轉換・虛數體 A,[防禦捨棄][迴避] 護甲與魔抗固定為0，迴避率固定為35%。,60,grail-wish | tradeoff | evasion | defense-sacrifice,,,,,,,,armor | mr,,,,,,"{""prefersAnyTag"":[""armor"",""mr""]}",direct,proposal,"[{""stat"":""armor"",""op"":""override"",""value"":0},{""stat"":""mr"",""op"":""override"",""value"":0},{""stat"":""evasion"",""op"":""override"",""value"":0.35}]",,,,,,,,,[],"{""id"":""grail-a-09"",""name"":""靈基轉換・虛數體 A"",""description"":""[防禦捨棄][迴避] 護甲與魔抗固定為0，迴避率固定為35%。"",""tier"":""gold"",""weight"":60,""tags"":[""grail-wish"",""tradeoff"",""evasion"",""defense-sacrifice""],""modifiers"":[{""stat"":""armor"",""op"":""override"",""value"":0},{""stat"":""mr"",""op"":""override"",""value"":0},{""stat"":""evasion"",""op"":""override"",""value"":0.35}]}"
ggd-sacred-grail-wish-pack@1,ggd-runtime-capabilities@1/8d30566f,技能標記機制與效果規則.md,grail-a-10,A,A級願望,gold,pivot,第三願望,魔術刻印・閉鎖回路 A,[回魔捨棄][傷害回魔] 魔力回復固定為0；每次對敵人造成傷害時，回復3%最大魔力。1秒冷卻。,60,grail-wish | tradeoff | mana | damage-dealt,,,,,,mana,,,,,,,,"{""requiresResource"":[""mana""]}",direct,proposal,"[{""stat"":""manaRegen"",""op"":""override"",""value"":0}]","[{""on"":""onDamageDealt"",""effects"":[{""kind"":""restore"",""manaPct"":0.03,""applyTo"":""self""}],""target"":""self"",""victim"":""enemy"",""internalCooldown"":1}]",,,,,,,,[],"{""id"":""grail-a-10"",""name"":""魔術刻印・閉鎖回路 A"",""description"":""[回魔捨棄][傷害回魔] 魔力回復固定為0；每次對敵人造成傷害時，回復3%最大魔力。1秒冷卻。"",""tier"":""gold"",""weight"":60,""tags"":[""grail-wish"",""tradeoff"",""mana"",""damage-dealt""],""modifiers"":[{""stat"":""manaRegen"",""op"":""override"",""value"":0}],""hooks"":[{""on"":""onDamageDealt"",""effects"":[{""kind"":""restore"",""manaPct"":0.03,""applyTo"":""self""}],""target"":""self"",""victim"":""enemy"",""internalCooldown"":1}]}"
ggd-sacred-grail-wish-pack@1,ggd-runtime-capabilities@1/8d30566f,技能標記機制與效果規則.md,grail-a-11,A,A級願望,gold,pivot,第三願望,魔術・魔力裝甲 A,[最大魔力][最大生命] 最大魔力的50%同時視為額外最大生命。,60,grail-wish | mana | health | stat-conversion,,,,,,mana,,,,,,,,"{""requiresResource"":[""mana""]}",direct,proposal,"[{""stat"":""maxHealth"",""op"":""percentOf"",""value"":0.5,""from"":""maxMana""}]",,,,,,,,,[],"{""id"":""grail-a-11"",""name"":""魔術・魔力裝甲 A"",""description"":""[最大魔力][最大生命] 最大魔力的50%同時視為額外最大生命。"",""tier"":""gold"",""weight"":60,""tags"":[""grail-wish"",""mana"",""health"",""stat-conversion""],""modifiers"":[{""stat"":""maxHealth"",""op"":""percentOf"",""value"":0.5,""from"":""maxMana""}]}"
ggd-sacred-grail-wish-pack@1,ggd-runtime-capabilities@1/8d30566f,技能標記機制與效果規則.md,grail-a-12,A,A級願望,gold,pivot,第三願望,魔術・術式反轉 A,[技能傷害][物理化] 所有技能傷害改為物理傷害；原本AP、AD或其他傷害係數不變。,60,grail-wish | ability | damage-type | physical,all,,,,,,,,,,,,,"{""type"":""all""}",direct,proposal,,,,,,"{""scope"":""ability"",""becomes"":""physical"",""applyAt"":""afterGates"",""impactType"":""original""}",,,,[],"{""id"":""grail-a-12"",""name"":""魔術・術式反轉 A"",""description"":""[技能傷害][物理化] 所有技能傷害改為物理傷害；原本AP、AD或其他傷害係數不變。"",""tier"":""gold"",""weight"":60,""tags"":[""grail-wish"",""ability"",""damage-type"",""physical""],""damageTypeOverride"":{""scope"":""ability"",""becomes"":""physical"",""applyAt"":""afterGates"",""impactType"":""original""}}"
ggd-sacred-grail-wish-pack@1,ggd-runtime-capabilities@1/8d30566f,技能標記機制與效果規則.md,grail-a-13,A,A級願望,gold,pivot,第三願望,固有技能・怪力 A,[AD捨棄][生命普攻] 攻擊力固定為0；每次普通攻擊額外造成自身最大生命5%的物理傷害。,60,grail-wish | tradeoff | basic-attack | max-health,,,,,,,,max-health,,,,,,"{""prefersAnyTag"":[""max-health""]}",direct,proposal,"[{""stat"":""ad"",""op"":""override"",""value"":0}]","[{""on"":""onBasicAttack"",""effects"":[{""kind"":""damage"",""damageType"":""physical"",""amount"":{""ratios"":[{""stat"":""maxHealth"",""coeff"":0.05}]},""applyTo"":""target""}],""target"":""event"",""victim"":""enemy""}]",,,,,,,,[],"{""id"":""grail-a-13"",""name"":""固有技能・怪力 A"",""description"":""[AD捨棄][生命普攻] 攻擊力固定為0；每次普通攻擊額外造成自身最大生命5%的物理傷害。"",""tier"":""gold"",""weight"":60,""tags"":[""grail-wish"",""tradeoff"",""basic-attack"",""max-health""],""modifiers"":[{""stat"":""ad"",""op"":""override"",""value"":0}],""hooks"":[{""on"":""onBasicAttack"",""effects"":[{""kind"":""damage"",""damageType"":""physical"",""amount"":{""ratios"":[{""stat"":""maxHealth"",""coeff"":0.05}]},""applyTo"":""target""}],""target"":""event"",""victim"":""enemy""}]}"
ggd-sacred-grail-wish-pack@1,ggd-runtime-capabilities@1/8d30566f,技能標記機制與效果規則.md,grail-a-14,A,A級願望,gold,synergy,第一願望,固有技能・縮地 A,[迴避][瞬移] 成功迴避敵方英雄攻擊時，瞬移至該攻擊者身旁。10秒冷卻。,60,grail-wish | evasion | blink | engage,,,evasion,,,,,,,,,,,"{""requiresAnyMechanic"":[""evasion""]}",direct,proposal,,"[{""on"":""onEvade"",""effects"":[{""kind"":""blink"",""shape"":""single"",""to"":""targetUnit"",""applyTo"":""self"",""stopShortUnits"":1}],""target"":""event"",""victim"":""enemyChampion"",""internalCooldown"":10}]",,,,,,,,[],"{""id"":""grail-a-14"",""name"":""固有技能・縮地 A"",""description"":""[迴避][瞬移] 成功迴避敵方英雄攻擊時，瞬移至該攻擊者身旁。10秒冷卻。"",""tier"":""gold"",""weight"":60,""tags"":[""grail-wish"",""evasion"",""blink"",""engage""],""hooks"":[{""on"":""onEvade"",""effects"":[{""kind"":""blink"",""shape"":""single"",""to"":""targetUnit"",""applyTo"":""self"",""stopShortUnits"":1}],""target"":""event"",""victim"":""enemyChampion"",""internalCooldown"":10}]}"
ggd-sacred-grail-wish-pack@1,ggd-runtime-capabilities@1/8d30566f,技能標記機制與效果規則.md,grail-a-15,A,A級願望,gold,generic,第二願望,固有技能・不屈之魂 A,[暈眩][淨化][無敵] 被暈眩時，淨化所有負面狀態並獲得0.75秒無敵。20秒冷卻。,60,grail-wish | stun | dispel | invulnerable,all,,,,,,,,,,,,,"{""type"":""all""}",direct,proposal,,"[{""on"":""onStunned"",""effects"":[{""kind"":""dispel"",""shape"":""single"",""side"":""allies"",""pools"":{""status"":true,""shields"":false,""dot"":true,""buffs"":true},""polarity"":""debuff"",""count"":50,""order"":""newest""},{""kind"":""invulnerable"",""durationSec"":0.75,""applyTo"":""self"",""blocksDamage"":""all"",""blocksTrueDamage"":true,""blocksControl"":true}],""target"":""self"",""internalCooldown"":20}]",,,,,,,,[],"{""id"":""grail-a-15"",""name"":""固有技能・不屈之魂 A"",""description"":""[暈眩][淨化][無敵] 被暈眩時，淨化所有負面狀態並獲得0.75秒無敵。20秒冷卻。"",""tier"":""gold"",""weight"":60,""tags"":[""grail-wish"",""stun"",""dispel"",""invulnerable""],""hooks"":[{""on"":""onStunned"",""effects"":[{""kind"":""dispel"",""shape"":""single"",""side"":""allies"",""pools"":{""status"":true,""shields"":false,""dot"":true,""buffs"":true},""polarity"":""debuff"",""count"":50,""order"":""newest""},{""kind"":""invulnerable"",""durationSec"":0.75,""applyTo"":""self"",""blocksDamage"":""all"",""blocksTrueDamage"":true,""blocksControl"":true}],""target"":""self"",""internalCooldown"":20}]}"
ggd-sacred-grail-wish-pack@1,ggd-runtime-capabilities@1/8d30566f,技能標記機制與效果規則.md,grail-a-16,A,A級願望,gold,synergy,第一願望,魔術・心象防壁 A,[AP][護盾] 施放Q／W／E／R時，獲得相當於50% AP的護盾，持續3秒。4秒冷卻。,60,grail-wish | ap | ability-cast | shield,,,,,,,,ap,,,,,,"{""prefersAnyTag"":[""ap""]}",direct,proposal,,"[{""on"":""onAbilityCast"",""effects"":[{""kind"":""shield"",""amount"":{""ratios"":[{""stat"":""ap"",""coeff"":0.5}]},""duration"":3,""absorbs"":""all""}],""target"":""self"",""internalCooldown"":4}]",,,,,,,,[],"{""id"":""grail-a-16"",""name"":""魔術・心象防壁 A"",""description"":""[AP][護盾] 施放Q／W／E／R時，獲得相當於50% AP的護盾，持續3秒。4秒冷卻。"",""tier"":""gold"",""weight"":60,""tags"":[""grail-wish"",""ap"",""ability-cast"",""shield""],""hooks"":[{""on"":""onAbilityCast"",""effects"":[{""kind"":""shield"",""amount"":{""ratios"":[{""stat"":""ap"",""coeff"":0.5}]},""duration"":3,""absorbs"":""all""}],""target"":""self"",""internalCooldown"":4}]}"
ggd-sacred-grail-wish-pack@1,ggd-runtime-capabilities@1/8d30566f,技能標記機制與效果規則.md,grail-a-17,A,A級願望,gold,synergy,第一願望,固有技能・無窮之武練 A,[普攻][技能重置] 普攻命中敵方英雄時，完成Q／W／E冷卻。8秒冷卻。,60,grail-wish | basic-attack | cooldown-reset | hybrid,,,,,,,,basic-attack | ability-damage,,,,,,"{""prefersAnyTag"":[""basic-attack"",""ability-damage""]}",direct,proposal,,"[{""on"":""onBasicAttack"",""effects"":[{""kind"":""modifyCooldown"",""shape"":""single"",""who"":""self"",""slot"":""Q"",""mode"":""reset""},{""kind"":""modifyCooldown"",""shape"":""single"",""who"":""self"",""slot"":""W"",""mode"":""reset""},{""kind"":""modifyCooldown"",""shape"":""single"",""who"":""self"",""slot"":""E"",""mode"":""reset""}],""target"":""self"",""victim"":""enemyChampion"",""internalCooldown"":8}]",,,,,,,已展開為 Q／W／E 各一個 modifyCooldown(reset)。,"[""已展開為 Q／W／E 各一個 modifyCooldown(reset)。""]","{""id"":""grail-a-17"",""name"":""固有技能・無窮之武練 A"",""description"":""[普攻][技能重置] 普攻命中敵方英雄時，完成Q／W／E冷卻。8秒冷卻。"",""tier"":""gold"",""weight"":60,""tags"":[""grail-wish"",""basic-attack"",""cooldown-reset"",""hybrid""],""hooks"":[{""on"":""onBasicAttack"",""effects"":[{""kind"":""modifyCooldown"",""shape"":""single"",""who"":""self"",""slot"":""Q"",""mode"":""reset""},{""kind"":""modifyCooldown"",""shape"":""single"",""who"":""self"",""slot"":""W"",""mode"":""reset""},{""kind"":""modifyCooldown"",""shape"":""single"",""who"":""self"",""slot"":""E"",""mode"":""reset""}],""target"":""self"",""victim"":""enemyChampion"",""internalCooldown"":8}]}"
ggd-sacred-grail-wish-pack@1,ggd-runtime-capabilities@1/8d30566f,技能標記機制與效果規則.md,grail-a-18,A,A級願望,gold,synergy,第一願望,魔術刻印・灼熱回路 A,[燃燒][技能重置] 對帶有燃燒狀態的敵方英雄造成傷害時，完成Q／W／E冷卻。10秒冷卻。,60,grail-wish | burn | damage-dealt | cooldown-reset,,,burn,,,,,,,,,,,"{""requiresAnyMechanic"":[""burn""]}",direct,proposal,,"[{""on"":""onDamageDealt"",""effects"":[{""kind"":""modifyCooldown"",""shape"":""single"",""who"":""self"",""slot"":""Q"",""mode"":""reset""},{""kind"":""modifyCooldown"",""shape"":""single"",""who"":""self"",""slot"":""W"",""mode"":""reset""},{""kind"":""modifyCooldown"",""shape"":""single"",""who"":""self"",""slot"":""E"",""mode"":""reset""}],""target"":""self"",""victim"":""enemyChampion"",""internalCooldown"":10,""condition"":{""kind"":""status"",""subject"":""target"",""tag"":""burn""}}]",,,,,,,已展開為 Q／W／E 各一個 modifyCooldown(reset)。,"[""已展開為 Q／W／E 各一個 modifyCooldown(reset)。""]","{""id"":""grail-a-18"",""name"":""魔術刻印・灼熱回路 A"",""description"":""[燃燒][技能重置] 對帶有燃燒狀態的敵方英雄造成傷害時，完成Q／W／E冷卻。10秒冷卻。"",""tier"":""gold"",""weight"":60,""tags"":[""grail-wish"",""burn"",""damage-dealt"",""cooldown-reset""],""hooks"":[{""on"":""onDamageDealt"",""effects"":[{""kind"":""modifyCooldown"",""shape"":""single"",""who"":""self"",""slot"":""Q"",""mode"":""reset""},{""kind"":""modifyCooldown"",""shape"":""single"",""who"":""self"",""slot"":""W"",""mode"":""reset""},{""kind"":""modifyCooldown"",""shape"":""single"",""who"":""self"",""slot"":""E"",""mode"":""reset""}],""target"":""self"",""victim"":""enemyChampion"",""internalCooldown"":10,""condition"":{""kind"":""status"",""subject"":""target"",""tag"":""burn""}}]}"
ggd-sacred-grail-wish-pack@1,ggd-runtime-capabilities@1/8d30566f,技能標記機制與效果規則.md,grail-a-19,A,A級願望,gold,pivot,第三願望,固有技能・自己改造 A,[技能命中][永久成長] 每次技能命中敵方英雄，永久獲得1 AP，最多60 AP。,60,grail-wish | ability-hit | scaling | ap,,,,,,,ability-damage,,,,,,,"{""requiresAnyTag"":[""ability-damage""]}",direct,proposal,,"[{""on"":""onAbilityHit"",""effects"":[{""kind"":""applyBuff"",""modifiers"":[{""stat"":""ap"",""op"":""flat"",""value"":1}],""permanent"":true,""applyTo"":""self"",""stackKey"":""grail-self-modification-a"",""maxStacks"":60,""stackVisual"":true,""dispellable"":false,""polarity"":""buff""}],""target"":""self"",""victim"":""enemyChampion""}]",,,,,,,,[],"{""id"":""grail-a-19"",""name"":""固有技能・自己改造 A"",""description"":""[技能命中][永久成長] 每次技能命中敵方英雄，永久獲得1 AP，最多60 AP。"",""tier"":""gold"",""weight"":60,""tags"":[""grail-wish"",""ability-hit"",""scaling"",""ap""],""hooks"":[{""on"":""onAbilityHit"",""effects"":[{""kind"":""applyBuff"",""modifiers"":[{""stat"":""ap"",""op"":""flat"",""value"":1}],""permanent"":true,""applyTo"":""self"",""stackKey"":""grail-self-modification-a"",""maxStacks"":60,""stackVisual"":true,""dispellable"":false,""polarity"":""buff""}],""target"":""self"",""victim"":""enemyChampion""}]}"
ggd-sacred-grail-wish-pack@1,ggd-runtime-capabilities@1/8d30566f,技能標記機制與效果規則.md,grail-a-20,A,A級願望,gold,pivot,第三願望,固有技能・千里眼 A,[技能命中][距離增幅] 技能命中英雄時追加一次魔法傷害；實際命中距離越遠，追加傷害越高。4秒冷卻。,60,grail-wish | ability-hit | distance | magic,,,,,,,,long-range | ability-damage,,,,,,"{""prefersAnyTag"":[""long-range"",""ability-damage""]}",direct,proposal,,"[{""on"":""onAbilityHit"",""effects"":[{""kind"":""damage"",""damageType"":""magic"",""amount"":{""flat"":60,""ratios"":[{""stat"":""ap"",""coeff"":0.2}]},""applyTo"":""target"",""distanceScale"":{""atRange"":12,""near"":0.5,""far"":1.5}}],""target"":""event"",""victim"":""enemyChampion"",""internalCooldown"":4}]",,,,,,,基礎60＋20% AP、近距0.5倍、12距離1.5倍為首版平衡提案。,"[""基礎60＋20% AP、近距0.5倍、12距離1.5倍為首版平衡提案。""]","{""id"":""grail-a-20"",""name"":""固有技能・千里眼 A"",""description"":""[技能命中][距離增幅] 技能命中英雄時追加一次魔法傷害；實際命中距離越遠，追加傷害越高。4秒冷卻。"",""tier"":""gold"",""weight"":60,""tags"":[""grail-wish"",""ability-hit"",""distance"",""magic""],""hooks"":[{""on"":""onAbilityHit"",""effects"":[{""kind"":""damage"",""damageType"":""magic"",""amount"":{""flat"":60,""ratios"":[{""stat"":""ap"",""coeff"":0.2}]},""applyTo"":""target"",""distanceScale"":{""atRange"":12,""near"":0.5,""far"":1.5}}],""target"":""event"",""victim"":""enemyChampion"",""internalCooldown"":4}]}"
ggd-sacred-grail-wish-pack@1,ggd-runtime-capabilities@1/8d30566f,技能標記機制與效果規則.md,grail-ex-01,EX,EX級願望,prismatic,pivot,第三願望,聖杯權能・真理改寫 EX,[技能傷害][真實傷害] 所有技能傷害改為真實傷害，並在免疫與迴避判定前完成轉換。,25,grail-wish | ability | true-damage | rule-rewrite,,,,,,,ability-damage,,,,,,,"{""requiresAnyTag"":[""ability-damage""]}",direct,proposal,,,,,,"{""scope"":""ability"",""becomes"":""true"",""applyAt"":""beforeGates"",""impactType"":""original""}",,,,[],"{""id"":""grail-ex-01"",""name"":""聖杯權能・真理改寫 EX"",""description"":""[技能傷害][真實傷害] 所有技能傷害改為真實傷害，並在免疫與迴避判定前完成轉換。"",""tier"":""prismatic"",""weight"":25,""tags"":[""grail-wish"",""ability"",""true-damage"",""rule-rewrite""],""damageTypeOverride"":{""scope"":""ability"",""becomes"":""true"",""applyAt"":""beforeGates"",""impactType"":""original""}}"
ggd-sacred-grail-wish-pack@1,ggd-runtime-capabilities@1/8d30566f,技能標記機制與效果規則.md,grail-ex-02,EX,EX級願望,prismatic,generic,第二願望,固有結界・時間神殿 EX,[時間][技能重置] 每20秒完成Q／W／E／R冷卻。EX不受影響。,25,grail-wish | interval | cooldown-reset | reality-marble,all,,,,,,,,,,,,,"{""type"":""all""}",direct,proposal,,"[{""on"":""onInterval"",""effects"":[{""kind"":""modifyCooldown"",""shape"":""single"",""who"":""self"",""slot"":""Q"",""mode"":""reset""},{""kind"":""modifyCooldown"",""shape"":""single"",""who"":""self"",""slot"":""W"",""mode"":""reset""},{""kind"":""modifyCooldown"",""shape"":""single"",""who"":""self"",""slot"":""E"",""mode"":""reset""},{""kind"":""modifyCooldown"",""shape"":""single"",""who"":""self"",""slot"":""R"",""mode"":""reset""}],""target"":""self"",""internalCooldown"":20}]",,,,,,,已展開為 Q／W／E／R 各一個 modifyCooldown(reset)。,"[""已展開為 Q／W／E／R 各一個 modifyCooldown(reset)。""]","{""id"":""grail-ex-02"",""name"":""固有結界・時間神殿 EX"",""description"":""[時間][技能重置] 每20秒完成Q／W／E／R冷卻。EX不受影響。"",""tier"":""prismatic"",""weight"":25,""tags"":[""grail-wish"",""interval"",""cooldown-reset"",""reality-marble""],""hooks"":[{""on"":""onInterval"",""effects"":[{""kind"":""modifyCooldown"",""shape"":""single"",""who"":""self"",""slot"":""Q"",""mode"":""reset""},{""kind"":""modifyCooldown"",""shape"":""single"",""who"":""self"",""slot"":""W"",""mode"":""reset""},{""kind"":""modifyCooldown"",""shape"":""single"",""who"":""self"",""slot"":""E"",""mode"":""reset""},{""kind"":""modifyCooldown"",""shape"":""single"",""who"":""self"",""slot"":""R"",""mode"":""reset""}],""target"":""self"",""internalCooldown"":20}]}"
ggd-sacred-grail-wish-pack@1,ggd-runtime-capabilities@1/8d30566f,技能標記機制與效果規則.md,grail-ex-03,EX,EX級願望,prismatic,synergy,第一願望,聖杯權能・勝利輪迴 EX,[英雄擊殺][完全重置] 擊殺敵方英雄時，完成Q／W／E／R／EX全部冷卻。60秒冷卻。,25,grail-wish | kill | full-reset | clutch,all,,,,,,,,,,,,,"{""type"":""all""}",direct,proposal,,"[{""on"":""onKill"",""effects"":[{""kind"":""modifyCooldown"",""shape"":""single"",""who"":""self"",""slot"":""Q"",""mode"":""reset""},{""kind"":""modifyCooldown"",""shape"":""single"",""who"":""self"",""slot"":""W"",""mode"":""reset""},{""kind"":""modifyCooldown"",""shape"":""single"",""who"":""self"",""slot"":""E"",""mode"":""reset""},{""kind"":""modifyCooldown"",""shape"":""single"",""who"":""self"",""slot"":""R"",""mode"":""reset""},{""kind"":""modifyCooldown"",""shape"":""single"",""who"":""self"",""slot"":""EX"",""mode"":""reset""}],""target"":""self"",""victim"":""enemyChampion"",""internalCooldown"":60}]",,,,,,,已展開為 Q／W／E／R／EX 各一個 modifyCooldown(reset)。,"[""已展開為 Q／W／E／R／EX 各一個 modifyCooldown(reset)。""]","{""id"":""grail-ex-03"",""name"":""聖杯權能・勝利輪迴 EX"",""description"":""[英雄擊殺][完全重置] 擊殺敵方英雄時，完成Q／W／E／R／EX全部冷卻。60秒冷卻。"",""tier"":""prismatic"",""weight"":25,""tags"":[""grail-wish"",""kill"",""full-reset"",""clutch""],""hooks"":[{""on"":""onKill"",""effects"":[{""kind"":""modifyCooldown"",""shape"":""single"",""who"":""self"",""slot"":""Q"",""mode"":""reset""},{""kind"":""modifyCooldown"",""shape"":""single"",""who"":""self"",""slot"":""W"",""mode"":""reset""},{""kind"":""modifyCooldown"",""shape"":""single"",""who"":""self"",""slot"":""E"",""mode"":""reset""},{""kind"":""modifyCooldown"",""shape"":""single"",""who"":""self"",""slot"":""R"",""mode"":""reset""},{""kind"":""modifyCooldown"",""shape"":""single"",""who"":""self"",""slot"":""EX"",""mode"":""reset""}],""target"":""self"",""victim"":""enemyChampion"",""internalCooldown"":60}]}"
ggd-sacred-grail-wish-pack@1,ggd-runtime-capabilities@1/8d30566f,技能標記機制與效果規則.md,grail-ex-04,EX,EX級願望,prismatic,pivot,第三願望,令咒・三重詠唱 EX,[R施放][技能代放] 主動施放R時，同時免費施放Q、W、E。45秒冷卻。,25,grail-wish | r-cast | proxy-cast | command-spell,,,,,,,,,Q | W | E,R,,,,"{""requiresSafeProxySlots"":[""Q"",""W"",""E""],""requiresAbilitySlot"":[""R""]}",direct_with_ability_safety_validation,proposal,,"[{""on"":""onAbilityCast"",""effects"":[{""kind"":""proxyCast"",""shape"":""single"",""slot"":""Q"",""payCosts"":""none"",""respectCooldown"":false,""requireLearned"":true,""rankMode"":""casterRank"",""targetMode"":""reresolve"",""maxDepth"":1,""emitCastEvents"":false},{""kind"":""proxyCast"",""shape"":""single"",""slot"":""W"",""payCosts"":""none"",""respectCooldown"":false,""requireLearned"":true,""rankMode"":""casterRank"",""targetMode"":""reresolve"",""maxDepth"":1,""emitCastEvents"":false},{""kind"":""proxyCast"",""shape"":""single"",""slot"":""E"",""payCosts"":""none"",""respectCooldown"":false,""requireLearned"":true,""rankMode"":""casterRank"",""targetMode"":""reresolve"",""maxDepth"":1,""emitCastEvents"":false}],""target"":""self"",""abilitySlot"":""R"",""internalCooldown"":45}]",,,,,,,,[],"{""id"":""grail-ex-04"",""name"":""令咒・三重詠唱 EX"",""description"":""[R施放][技能代放] 主動施放R時，同時免費施放Q、W、E。45秒冷卻。"",""tier"":""prismatic"",""weight"":25,""tags"":[""grail-wish"",""r-cast"",""proxy-cast"",""command-spell""],""hooks"":[{""on"":""onAbilityCast"",""effects"":[{""kind"":""proxyCast"",""shape"":""single"",""slot"":""Q"",""payCosts"":""none"",""respectCooldown"":false,""requireLearned"":true,""rankMode"":""casterRank"",""targetMode"":""reresolve"",""maxDepth"":1,""emitCastEvents"":false},{""kind"":""proxyCast"",""shape"":""single"",""slot"":""W"",""payCosts"":""none"",""respectCooldown"":false,""requireLearned"":true,""rankMode"":""casterRank"",""targetMode"":""reresolve"",""maxDepth"":1,""emitCastEvents"":false},{""kind"":""proxyCast"",""shape"":""single"",""slot"":""E"",""payCosts"":""none"",""respectCooldown"":false,""requireLearned"":true,""rankMode"":""casterRank"",""targetMode"":""reresolve"",""maxDepth"":1,""emitCastEvents"":false}],""target"":""self"",""abilitySlot"":""R"",""internalCooldown"":45}]}"
ggd-sacred-grail-wish-pack@1,ggd-runtime-capabilities@1/8d30566f,技能標記機制與效果規則.md,grail-ex-05,EX,EX級願望,prismatic,synergy,第一願望,寶具・二重真名解放 EX,[R施放][寶具再演] 施放R後，1.25秒後自動再施放一次R，不再次消耗魔力。60秒冷卻。,25,grail-wish | r-cast | proxy-cast | noble-phantasm,,,,,,,,,R,,,,,"{""requiresSafeProxySlots"":[""R""]}",direct_with_ability_safety_validation,proposal,,"[{""on"":""onAbilityCast"",""effects"":[{""kind"":""delayed"",""shape"":""single"",""delaySec"":1.25,""count"":1,""intervalSec"":1,""effects"":[{""kind"":""proxyCast"",""shape"":""single"",""slot"":""R"",""payCosts"":""none"",""respectCooldown"":false,""requireLearned"":true,""rankMode"":""casterRank"",""targetMode"":""reresolve"",""maxDepth"":1,""emitCastEvents"":false}]}],""target"":""self"",""abilitySlot"":""R"",""internalCooldown"":60}]",,,,,,,,[],"{""id"":""grail-ex-05"",""name"":""寶具・二重真名解放 EX"",""description"":""[R施放][寶具再演] 施放R後，1.25秒後自動再施放一次R，不再次消耗魔力。60秒冷卻。"",""tier"":""prismatic"",""weight"":25,""tags"":[""grail-wish"",""r-cast"",""proxy-cast"",""noble-phantasm""],""hooks"":[{""on"":""onAbilityCast"",""effects"":[{""kind"":""delayed"",""shape"":""single"",""delaySec"":1.25,""count"":1,""intervalSec"":1,""effects"":[{""kind"":""proxyCast"",""shape"":""single"",""slot"":""R"",""payCosts"":""none"",""respectCooldown"":false,""requireLearned"":true,""rankMode"":""casterRank"",""targetMode"":""reresolve"",""maxDepth"":1,""emitCastEvents"":false}]}],""target"":""self"",""abilitySlot"":""R"",""internalCooldown"":60}]}"
ggd-sacred-grail-wish-pack@1,ggd-runtime-capabilities@1/8d30566f,技能標記機制與效果規則.md,grail-ex-06,EX,EX級願望,prismatic,pivot,第三願望,職階技能・騎乘 EX,[飛行][地形無視] 永久進入飛行狀態，無視單位與一般障礙物碰撞，但不能離開競技場邊界。,25,grail-wish | flight | terrain | class-skill,,,,,flight-conflict,,,,,,,,,"{""excludeAnyMechanic"":[""flight-conflict""]}",direct,proposal,,,,,,,"{""hoverHeight"":1.5,""ignoreUnits"":true,""ignoreObstacles"":true,""stayInsideBoundary"":true}",,,[],"{""id"":""grail-ex-06"",""name"":""職階技能・騎乘 EX"",""description"":""[飛行][地形無視] 永久進入飛行狀態，無視單位與一般障礙物碰撞，但不能離開競技場邊界。"",""tier"":""prismatic"",""weight"":25,""tags"":[""grail-wish"",""flight"",""terrain"",""class-skill""],""flight"":{""hoverHeight"":1.5,""ignoreUnits"":true,""ignoreObstacles"":true,""stayInsideBoundary"":true}}"
ggd-sacred-grail-wish-pack@1,ggd-runtime-capabilities@1/8d30566f,技能標記機制與效果規則.md,grail-ex-07,EX,EX級願望,prismatic,generic,第二願望,固有技能・戰鬥續行 EX,[致命傷害][完全格擋] 每20秒可以完全格擋一次致命傷害，包含真實傷害。,25,grail-wish | lethal | block | survival,all,,,,,,,,,,,,,"{""type"":""all""}",direct,proposal,,,"{""damageTypes"":[""physical"",""magic"",""true""],""chance"":1.0,""fraction"":1.0,""lethalOnly"":true,""lethalBasis"":""hpAndShields"",""internalCooldown"":20}",,,,,,,[],"{""id"":""grail-ex-07"",""name"":""固有技能・戰鬥續行 EX"",""description"":""[致命傷害][完全格擋] 每20秒可以完全格擋一次致命傷害，包含真實傷害。"",""tier"":""prismatic"",""weight"":25,""tags"":[""grail-wish"",""lethal"",""block"",""survival""],""block"":{""damageTypes"":[""physical"",""magic"",""true""],""chance"":1.0,""fraction"":1.0,""lethalOnly"":true,""lethalBasis"":""hpAndShields"",""internalCooldown"":20}}"
ggd-sacred-grail-wish-pack@1,ggd-runtime-capabilities@1/8d30566f,技能標記機制與效果規則.md,grail-ex-08,EX,EX級願望,prismatic,synergy,第一願望,固有技能・無我境地 EX,[迴避][技能代放] 成功迴避敵方英雄攻擊時，從Q／W／E中隨機免費施放一個技能攻擊該敵人。12秒冷卻。,25,grail-wish | evasion | proxy-cast | counter,,,evasion,,,,,,Q | W | E,,,,,"{""requiresAnyMechanic"":[""evasion""],""requiresSafeProxySlots"":[""Q"",""W"",""E""]}",direct_with_ability_safety_validation,proposal,,"[{""on"":""onEvade"",""effects"":[{""kind"":""weightedBranch"",""shape"":""single"",""side"":""enemies"",""maxTargets"":1,""branches"":[{""weight"":1,""effects"":[{""kind"":""proxyCast"",""shape"":""single"",""slot"":""Q"",""payCosts"":""none"",""respectCooldown"":false,""requireLearned"":true,""rankMode"":""casterRank"",""targetMode"":""inherit"",""maxDepth"":1,""emitCastEvents"":false}]},{""weight"":1,""effects"":[{""kind"":""proxyCast"",""shape"":""single"",""slot"":""W"",""payCosts"":""none"",""respectCooldown"":false,""requireLearned"":true,""rankMode"":""casterRank"",""targetMode"":""inherit"",""maxDepth"":1,""emitCastEvents"":false}]},{""weight"":1,""effects"":[{""kind"":""proxyCast"",""shape"":""single"",""slot"":""E"",""payCosts"":""none"",""respectCooldown"":false,""requireLearned"":true,""rankMode"":""casterRank"",""targetMode"":""inherit"",""maxDepth"":1,""emitCastEvents"":false}]}]}],""target"":""event"",""victim"":""enemyChampion"",""internalCooldown"":12}]",,,,,,,,[],"{""id"":""grail-ex-08"",""name"":""固有技能・無我境地 EX"",""description"":""[迴避][技能代放] 成功迴避敵方英雄攻擊時，從Q／W／E中隨機免費施放一個技能攻擊該敵人。12秒冷卻。"",""tier"":""prismatic"",""weight"":25,""tags"":[""grail-wish"",""evasion"",""proxy-cast"",""counter""],""hooks"":[{""on"":""onEvade"",""effects"":[{""kind"":""weightedBranch"",""shape"":""single"",""side"":""enemies"",""maxTargets"":1,""branches"":[{""weight"":1,""effects"":[{""kind"":""proxyCast"",""shape"":""single"",""slot"":""Q"",""payCosts"":""none"",""respectCooldown"":false,""requireLearned"":true,""rankMode"":""casterRank"",""targetMode"":""inherit"",""maxDepth"":1,""emitCastEvents"":false}]},{""weight"":1,""effects"":[{""kind"":""proxyCast"",""shape"":""single"",""slot"":""W"",""payCosts"":""none"",""respectCooldown"":false,""requireLearned"":true,""rankMode"":""casterRank"",""targetMode"":""inherit"",""maxDepth"":1,""emitCastEvents"":false}]},{""weight"":1,""effects"":[{""kind"":""proxyCast"",""shape"":""single"",""slot"":""E"",""payCosts"":""none"",""respectCooldown"":false,""requireLearned"":true,""rankMode"":""casterRank"",""targetMode"":""inherit"",""maxDepth"":1,""emitCastEvents"":false}]}]}],""target"":""event"",""victim"":""enemyChampion"",""internalCooldown"":12}]}"
ggd-sacred-grail-wish-pack@1,ggd-runtime-capabilities@1/8d30566f,技能標記機制與效果規則.md,grail-ex-09,EX,EX級願望,prismatic,pivot,第三願望,聖杯權能・終末宣告 EX,[火圈][隨機轟炸] 火圈開始燃燒時，獲得1秒無敵，並在5秒內於自身附近降下10道終末星光。,25,grail-wish | fire-ring | random-area | clutch,,fire-ring,,,,,,,,,,,,"{""requiresModeFeature"":[""fire-ring""]}",direct,proposal,,"[{""on"":""onFireRingIgnite"",""effects"":[{""kind"":""invulnerable"",""durationSec"":1.0,""applyTo"":""self"",""blocksDamage"":""all"",""blocksTrueDamage"":true,""blocksControl"":true},{""kind"":""randomArea"",""who"":""self"",""count"":[10],""intervalSec"":0.5,""scatterRadius"":8,""firstAtCast"":true,""stopOnCasterDeath"":true,""effects"":[{""kind"":""damageArea"",""damageType"":""magic"",""amount"":{""flat"":100,""ratios"":[{""stat"":""ap"",""coeff"":0.2}]},""radius"":2.5,""radiusTier"":""小"",""includeOrigin"":true}]}],""target"":""self""}]",,,,,,,,[],"{""id"":""grail-ex-09"",""name"":""聖杯權能・終末宣告 EX"",""description"":""[火圈][隨機轟炸] 火圈開始燃燒時，獲得1秒無敵，並在5秒內於自身附近降下10道終末星光。"",""tier"":""prismatic"",""weight"":25,""tags"":[""grail-wish"",""fire-ring"",""random-area"",""clutch""],""hooks"":[{""on"":""onFireRingIgnite"",""effects"":[{""kind"":""invulnerable"",""durationSec"":1.0,""applyTo"":""self"",""blocksDamage"":""all"",""blocksTrueDamage"":true,""blocksControl"":true},{""kind"":""randomArea"",""who"":""self"",""count"":[10],""intervalSec"":0.5,""scatterRadius"":8,""firstAtCast"":true,""stopOnCasterDeath"":true,""effects"":[{""kind"":""damageArea"",""damageType"":""magic"",""amount"":{""flat"":100,""ratios"":[{""stat"":""ap"",""coeff"":0.2}]},""radius"":2.5,""radiusTier"":""小"",""includeOrigin"":true}]}],""target"":""self""}]}"
ggd-sacred-grail-wish-pack@1,ggd-runtime-capabilities@1/8d30566f,技能標記機制與效果規則.md,grail-ex-10,EX,EX級願望,prismatic,synergy,第一願望,契約・反魂 EX,[隊友死亡][復活] 隊友死亡時，使該隊友以20%生命復活。60秒冷卻。,25,grail-wish | ally-death | revive | contract,,team,,,,,,,,,,,,"{""requiresModeFeature"":[""team""]}",direct,proposal,,"[{""on"":""onAllyDeath"",""effects"":[{""kind"":""revive"",""hpPct"":0.2,""manaPct"":0,""side"":""ally"",""teamCharge"":""ignore""}],""target"":""event"",""internalCooldown"":60}]",,,,,,,,[],"{""id"":""grail-ex-10"",""name"":""契約・反魂 EX"",""description"":""[隊友死亡][復活] 隊友死亡時，使該隊友以20%生命復活。60秒冷卻。"",""tier"":""prismatic"",""weight"":25,""tags"":[""grail-wish"",""ally-death"",""revive"",""contract""],""hooks"":[{""on"":""onAllyDeath"",""effects"":[{""kind"":""revive"",""hpPct"":0.2,""manaPct"":0,""side"":""ally"",""teamCharge"":""ignore""}],""target"":""event"",""internalCooldown"":60}]}"
ggd-sacred-grail-wish-pack@1,ggd-runtime-capabilities@1/8d30566f,技能標記機制與效果規則.md,grail-ex-11,EX,EX級願望,prismatic,generic,第二願望,靈基再臨 EX,[復活][完全重置] 自身被復活時，完成Q／W／E／R／EX冷卻、回滿魔力並獲得1.5秒無敵。,25,grail-wish | revive | full-reset | invulnerable,,revive,,,,,,,,,,,,"{""requiresModeFeature"":[""revive""]}",direct,proposal,,"[{""on"":""onRevive"",""effects"":[{""kind"":""modifyCooldown"",""shape"":""single"",""who"":""self"",""slot"":""Q"",""mode"":""reset""},{""kind"":""modifyCooldown"",""shape"":""single"",""who"":""self"",""slot"":""W"",""mode"":""reset""},{""kind"":""modifyCooldown"",""shape"":""single"",""who"":""self"",""slot"":""E"",""mode"":""reset""},{""kind"":""modifyCooldown"",""shape"":""single"",""who"":""self"",""slot"":""R"",""mode"":""reset""},{""kind"":""modifyCooldown"",""shape"":""single"",""who"":""self"",""slot"":""EX"",""mode"":""reset""},{""kind"":""restore"",""manaPct"":1.0,""applyTo"":""self""},{""kind"":""invulnerable"",""durationSec"":1.5,""applyTo"":""self"",""blocksDamage"":""all"",""blocksTrueDamage"":true,""blocksControl"":true}],""target"":""self""}]",,,,,,,已展開為 Q／W／E／R／EX 各一個 modifyCooldown(reset)。,"[""已展開為 Q／W／E／R／EX 各一個 modifyCooldown(reset)。""]","{""id"":""grail-ex-11"",""name"":""靈基再臨 EX"",""description"":""[復活][完全重置] 自身被復活時，完成Q／W／E／R／EX冷卻、回滿魔力並獲得1.5秒無敵。"",""tier"":""prismatic"",""weight"":25,""tags"":[""grail-wish"",""revive"",""full-reset"",""invulnerable""],""hooks"":[{""on"":""onRevive"",""effects"":[{""kind"":""modifyCooldown"",""shape"":""single"",""who"":""self"",""slot"":""Q"",""mode"":""reset""},{""kind"":""modifyCooldown"",""shape"":""single"",""who"":""self"",""slot"":""W"",""mode"":""reset""},{""kind"":""modifyCooldown"",""shape"":""single"",""who"":""self"",""slot"":""E"",""mode"":""reset""},{""kind"":""modifyCooldown"",""shape"":""single"",""who"":""self"",""slot"":""R"",""mode"":""reset""},{""kind"":""modifyCooldown"",""shape"":""single"",""who"":""self"",""slot"":""EX"",""mode"":""reset""},{""kind"":""restore"",""manaPct"":1.0,""applyTo"":""self""},{""kind"":""invulnerable"",""durationSec"":1.5,""applyTo"":""self"",""blocksDamage"":""all"",""blocksTrueDamage"":true,""blocksControl"":true}],""target"":""self""}]}"
ggd-sacred-grail-wish-pack@1,ggd-runtime-capabilities@1/8d30566f,技能標記機制與效果規則.md,grail-ex-12,EX,EX級願望,prismatic,pivot,第三願望,固有結界・魔力海 EX,[最大魔力][最大生命][受傷回魔] 最大魔力的100%同時視為額外最大生命；生命損失的50%轉化為魔力。,25,grail-wish | mana | health | reality-marble,,,,,,mana,,,,,,,,"{""requiresResource"":[""mana""]}",direct,proposal,"[{""stat"":""maxHealth"",""op"":""percentOf"",""value"":1.0,""from"":""maxMana""}]","[{""on"":""onDamageTaken"",""effects"":[{""kind"":""eventValueConversion"",""shape"":""single"",""source"":""incomingDamage"",""basis"":""hpLost"",""ratio"":0.5,""to"":""mana"",""who"":""self""}],""target"":""self""}]",,,,,,,,[],"{""id"":""grail-ex-12"",""name"":""固有結界・魔力海 EX"",""description"":""[最大魔力][最大生命][受傷回魔] 最大魔力的100%同時視為額外最大生命；生命損失的50%轉化為魔力。"",""tier"":""prismatic"",""weight"":25,""tags"":[""grail-wish"",""mana"",""health"",""reality-marble""],""modifiers"":[{""stat"":""maxHealth"",""op"":""percentOf"",""value"":1.0,""from"":""maxMana""}],""hooks"":[{""on"":""onDamageTaken"",""effects"":[{""kind"":""eventValueConversion"",""shape"":""single"",""source"":""incomingDamage"",""basis"":""hpLost"",""ratio"":0.5,""to"":""mana"",""who"":""self""}],""target"":""self""}]}"
ggd-sacred-grail-wish-pack@1,ggd-runtime-capabilities@1/8d30566f,技能標記機制與效果規則.md,grail-ex-13,EX,EX級願望,prismatic,synergy,第一願望,寶具・死棘之槍 EX,[R命中][處決] R命中最大生命10%以下的敵方英雄時，直接處決目標，無視護盾。30秒冷卻。,25,grail-wish | r-hit | execute | noble-phantasm,,,,,,,,,,R,,true,,"{""requiresAbilitySlot"":[""R""],""requiresRHitEnemyChampion"":true}",direct,proposal,,"[{""on"":""onAbilityHit"",""effects"":[{""kind"":""devour"",""shape"":""single"",""thresholdPctOfMax"":[0.1],""healPct"":0,""victim"":""champion"",""throughShields"":true}],""target"":""event"",""victim"":""enemyChampion"",""abilitySlot"":""R"",""internalCooldown"":30,""condition"":{""kind"":""stat"",""subject"":""target"",""stat"":""hp"",""mode"":""percent"",""op"":""<="",""value"":0.1}}]",,,,,,,,[],"{""id"":""grail-ex-13"",""name"":""寶具・死棘之槍 EX"",""description"":""[R命中][處決] R命中最大生命10%以下的敵方英雄時，直接處決目標，無視護盾。30秒冷卻。"",""tier"":""prismatic"",""weight"":25,""tags"":[""grail-wish"",""r-hit"",""execute"",""noble-phantasm""],""hooks"":[{""on"":""onAbilityHit"",""effects"":[{""kind"":""devour"",""shape"":""single"",""thresholdPctOfMax"":[0.1],""healPct"":0,""victim"":""champion"",""throughShields"":true}],""target"":""event"",""victim"":""enemyChampion"",""abilitySlot"":""R"",""internalCooldown"":30,""condition"":{""kind"":""stat"",""subject"":""target"",""stat"":""hp"",""mode"":""percent"",""op"":""<="",""value"":0.1}}]}"
ggd-sacred-grail-wish-pack@1,ggd-runtime-capabilities@1/8d30566f,技能標記機制與效果規則.md,grail-ex-14,EX,EX級願望,prismatic,synergy,第一願望,概念武裝・起源彈 EX,[R命中][驅散][破盾] R命中敵方英雄時，移除其全部可驅散增益與全部護盾。30秒冷卻。,25,grail-wish | r-hit | dispel | shield-break,,,,,,,,,,R,,true,,"{""requiresAbilitySlot"":[""R""],""requiresRHitEnemyChampion"":true}",direct,proposal,,"[{""on"":""onAbilityHit"",""effects"":[{""kind"":""dispel"",""shape"":""single"",""side"":""enemies"",""pools"":{""status"":false,""shields"":false,""dot"":false,""buffs"":true},""polarity"":""buff"",""count"":50,""order"":""newest""},{""kind"":""shieldBreak"",""shape"":""single"",""side"":""enemies"",""count"":20,""order"":""newest""}],""target"":""event"",""victim"":""enemyChampion"",""abilitySlot"":""R"",""internalCooldown"":30}]",,,,,,,,[],"{""id"":""grail-ex-14"",""name"":""概念武裝・起源彈 EX"",""description"":""[R命中][驅散][破盾] R命中敵方英雄時，移除其全部可驅散增益與全部護盾。30秒冷卻。"",""tier"":""prismatic"",""weight"":25,""tags"":[""grail-wish"",""r-hit"",""dispel"",""shield-break""],""hooks"":[{""on"":""onAbilityHit"",""effects"":[{""kind"":""dispel"",""shape"":""single"",""side"":""enemies"",""pools"":{""status"":false,""shields"":false,""dot"":false,""buffs"":true},""polarity"":""buff"",""count"":50,""order"":""newest""},{""kind"":""shieldBreak"",""shape"":""single"",""side"":""enemies"",""count"":20,""order"":""newest""}],""target"":""event"",""victim"":""enemyChampion"",""abilitySlot"":""R"",""internalCooldown"":30}]}"
ggd-sacred-grail-wish-pack@1,ggd-runtime-capabilities@1/8d30566f,技能標記機制與效果規則.md,grail-ex-15,EX,EX級願望,prismatic,synergy,第一願望,魔術禮裝・寶石劍 EX,[技能施放][機率再演] 每次施放Q／W／E／R時，有25%機率立即免費再施放一次相同技能。再演不會再次觸發本願望。,25,grail-wish | ability-cast | proxy-cast | magic-craft,,,,,,,,,Q | W | E | R,,,,,"{""requiresSafeProxySlots"":[""Q"",""W"",""E"",""R""]}",direct_with_ability_safety_validation,proposal,,"[{""on"":""onAbilityCast"",""effects"":[{""kind"":""proxyCast"",""shape"":""single"",""slot"":""Q"",""payCosts"":""none"",""respectCooldown"":false,""requireLearned"":true,""rankMode"":""casterRank"",""targetMode"":""reresolve"",""maxDepth"":1,""emitCastEvents"":false}],""target"":""self"",""abilitySlot"":""Q"",""chance"":0.25,""internalCooldownScope"":""perAbilitySlot""},{""on"":""onAbilityCast"",""effects"":[{""kind"":""proxyCast"",""shape"":""single"",""slot"":""W"",""payCosts"":""none"",""respectCooldown"":false,""requireLearned"":true,""rankMode"":""casterRank"",""targetMode"":""reresolve"",""maxDepth"":1,""emitCastEvents"":false}],""target"":""self"",""abilitySlot"":""W"",""chance"":0.25,""internalCooldownScope"":""perAbilitySlot""},{""on"":""onAbilityCast"",""effects"":[{""kind"":""proxyCast"",""shape"":""single"",""slot"":""E"",""payCosts"":""none"",""respectCooldown"":false,""requireLearned"":true,""rankMode"":""casterRank"",""targetMode"":""reresolve"",""maxDepth"":1,""emitCastEvents"":false}],""target"":""self"",""abilitySlot"":""E"",""chance"":0.25,""internalCooldownScope"":""perAbilitySlot""},{""on"":""onAbilityCast"",""effects"":[{""kind"":""proxyCast"",""shape"":""single"",""slot"":""R"",""payCosts"":""none"",""respectCooldown"":false,""requireLearned"":true,""rankMode"":""casterRank"",""targetMode"":""reresolve"",""maxDepth"":1,""emitCastEvents"":false}],""target"":""self"",""abilitySlot"":""R"",""chance"":0.25,""internalCooldownScope"":""perAbilitySlot""}]",,,,,,,,[],"{""id"":""grail-ex-15"",""name"":""魔術禮裝・寶石劍 EX"",""description"":""[技能施放][機率再演] 每次施放Q／W／E／R時，有25%機率立即免費再施放一次相同技能。再演不會再次觸發本願望。"",""tier"":""prismatic"",""weight"":25,""tags"":[""grail-wish"",""ability-cast"",""proxy-cast"",""magic-craft""],""hooks"":[{""on"":""onAbilityCast"",""effects"":[{""kind"":""proxyCast"",""shape"":""single"",""slot"":""Q"",""payCosts"":""none"",""respectCooldown"":false,""requireLearned"":true,""rankMode"":""casterRank"",""targetMode"":""reresolve"",""maxDepth"":1,""emitCastEvents"":false}],""target"":""self"",""abilitySlot"":""Q"",""chance"":0.25,""internalCooldownScope"":""perAbilitySlot""},{""on"":""onAbilityCast"",""effects"":[{""kind"":""proxyCast"",""shape"":""single"",""slot"":""W"",""payCosts"":""none"",""respectCooldown"":false,""requireLearned"":true,""rankMode"":""casterRank"",""targetMode"":""reresolve"",""maxDepth"":1,""emitCastEvents"":false}],""target"":""self"",""abilitySlot"":""W"",""chance"":0.25,""internalCooldownScope"":""perAbilitySlot""},{""on"":""onAbilityCast"",""effects"":[{""kind"":""proxyCast"",""shape"":""single"",""slot"":""E"",""payCosts"":""none"",""respectCooldown"":false,""requireLearned"":true,""rankMode"":""casterRank"",""targetMode"":""reresolve"",""maxDepth"":1,""emitCastEvents"":false}],""target"":""self"",""abilitySlot"":""E"",""chance"":0.25,""internalCooldownScope"":""perAbilitySlot""},{""on"":""onAbilityCast"",""effects"":[{""kind"":""proxyCast"",""shape"":""single"",""slot"":""R"",""payCosts"":""none"",""respectCooldown"":false,""requireLearned"":true,""rankMode"":""casterRank"",""targetMode"":""reresolve"",""maxDepth"":1,""emitCastEvents"":false}],""target"":""self"",""abilitySlot"":""R"",""chance"":0.25,""internalCooldownScope"":""perAbilitySlot""}]}"
ggd-sacred-grail-wish-pack@1,ggd-runtime-capabilities@1/8d30566f,技能標記機制與效果規則.md,grail-ex-16,EX,EX級願望,prismatic,synergy,第一願望,秘劍・燕返 EX,[普攻][多重投影] 每次普通攻擊有30%機率產生兩次額外攻擊投影，每次造成100% AD物理傷害，但不觸發其他On-hit。,25,grail-wish | basic-attack | multi-hit | secret-sword,,,,,,,,basic-attack | ad,,,,,,"{""prefersAnyTag"":[""basic-attack"",""ad""]}",direct,proposal,,"[{""on"":""onBasicAttack"",""effects"":[{""kind"":""delayed"",""shape"":""single"",""delaySec"":0,""count"":2,""intervalSec"":0.1,""targetMode"":""frozen"",""dropDeadTargets"":true,""stopOnCasterDeath"":false,""effects"":[{""kind"":""damage"",""damageType"":""physical"",""amount"":{""ratios"":[{""stat"":""ad"",""coeff"":1.0}]},""applyTo"":""target""}]}],""target"":""event"",""victim"":""enemy"",""chance"":0.3}]",,,,,,,,[],"{""id"":""grail-ex-16"",""name"":""秘劍・燕返 EX"",""description"":""[普攻][多重投影] 每次普通攻擊有30%機率產生兩次額外攻擊投影，每次造成100% AD物理傷害，但不觸發其他On-hit。"",""tier"":""prismatic"",""weight"":25,""tags"":[""grail-wish"",""basic-attack"",""multi-hit"",""secret-sword""],""hooks"":[{""on"":""onBasicAttack"",""effects"":[{""kind"":""delayed"",""shape"":""single"",""delaySec"":0,""count"":2,""intervalSec"":0.1,""targetMode"":""frozen"",""dropDeadTargets"":true,""stopOnCasterDeath"":false,""effects"":[{""kind"":""damage"",""damageType"":""physical"",""amount"":{""ratios"":[{""stat"":""ad"",""coeff"":1.0}]},""applyTo"":""target""}]}],""target"":""event"",""victim"":""enemy"",""chance"":0.3}]}"
ggd-sacred-grail-wish-pack@1,ggd-runtime-capabilities@1/8d30566f,技能標記機制與效果規則.md,grail-ex-17,EX,EX級願望,prismatic,pivot,第三願望,靈基換裝・零距離決戰 EX,[射程捨棄][技能重置] 僅遠程英雄可選。普攻距離固定為近戰・中1.6；普攻命中英雄時完成Q／W／E／R冷卻。6秒冷卻。,25,grail-wish | ranged-only | range-sacrifice | cooldown-reset,,,,,,,,,,,,,ranged,"{""onlyAttackArchetype"":[""ranged""]}",direct,proposal,"[{""stat"":""range"",""op"":""override"",""value"":1.6}]","[{""on"":""onBasicAttack"",""effects"":[{""kind"":""modifyCooldown"",""shape"":""single"",""who"":""self"",""slot"":""Q"",""mode"":""reset""},{""kind"":""modifyCooldown"",""shape"":""single"",""who"":""self"",""slot"":""W"",""mode"":""reset""},{""kind"":""modifyCooldown"",""shape"":""single"",""who"":""self"",""slot"":""E"",""mode"":""reset""},{""kind"":""modifyCooldown"",""shape"":""single"",""who"":""self"",""slot"":""R"",""mode"":""reset""}],""target"":""self"",""victim"":""enemyChampion"",""internalCooldown"":6}]",,,,,,,已展開為 Q／W／E／R 各一個 modifyCooldown(reset)。,"[""已展開為 Q／W／E／R 各一個 modifyCooldown(reset)。""]","{""id"":""grail-ex-17"",""name"":""靈基換裝・零距離決戰 EX"",""description"":""[射程捨棄][技能重置] 僅遠程英雄可選。普攻距離固定為近戰・中1.6；普攻命中英雄時完成Q／W／E／R冷卻。6秒冷卻。"",""tier"":""prismatic"",""weight"":25,""tags"":[""grail-wish"",""ranged-only"",""range-sacrifice"",""cooldown-reset""],""modifiers"":[{""stat"":""range"",""op"":""override"",""value"":1.6}],""hooks"":[{""on"":""onBasicAttack"",""effects"":[{""kind"":""modifyCooldown"",""shape"":""single"",""who"":""self"",""slot"":""Q"",""mode"":""reset""},{""kind"":""modifyCooldown"",""shape"":""single"",""who"":""self"",""slot"":""W"",""mode"":""reset""},{""kind"":""modifyCooldown"",""shape"":""single"",""who"":""self"",""slot"":""E"",""mode"":""reset""},{""kind"":""modifyCooldown"",""shape"":""single"",""who"":""self"",""slot"":""R"",""mode"":""reset""}],""target"":""self"",""victim"":""enemyChampion"",""internalCooldown"":6}]}"
ggd-sacred-grail-wish-pack@1,ggd-runtime-capabilities@1/8d30566f,技能標記機制與效果規則.md,grail-ex-18,EX,EX級願望,prismatic,pivot,第三願望,魔術刻印・生命爐心 EX,[最大生命][最大魔力][受傷回魔] 最大生命的100%同時視為額外最大魔力；生命損失的25%轉化為魔力。,25,grail-wish | health | mana | magic-crest,,,,,,mana,,max-health,,,,,,"{""requiresResource"":[""mana""],""prefersAnyTag"":[""max-health""]}",direct,proposal,"[{""stat"":""maxMana"",""op"":""percentOf"",""value"":1.0,""from"":""maxHealth""}]","[{""on"":""onDamageTaken"",""effects"":[{""kind"":""eventValueConversion"",""shape"":""single"",""source"":""incomingDamage"",""basis"":""hpLost"",""ratio"":0.25,""to"":""mana"",""who"":""self""}],""target"":""self""}]",,,,,,,,[],"{""id"":""grail-ex-18"",""name"":""魔術刻印・生命爐心 EX"",""description"":""[最大生命][最大魔力][受傷回魔] 最大生命的100%同時視為額外最大魔力；生命損失的25%轉化為魔力。"",""tier"":""prismatic"",""weight"":25,""tags"":[""grail-wish"",""health"",""mana"",""magic-crest""],""modifiers"":[{""stat"":""maxMana"",""op"":""percentOf"",""value"":1.0,""from"":""maxHealth""}],""hooks"":[{""on"":""onDamageTaken"",""effects"":[{""kind"":""eventValueConversion"",""shape"":""single"",""source"":""incomingDamage"",""basis"":""hpLost"",""ratio"":0.25,""to"":""mana"",""who"":""self""}],""target"":""self""}]}"
ggd-sacred-grail-wish-pack@1,ggd-runtime-capabilities@1/8d30566f,技能標記機制與效果規則.md,grail-ex-19,EX,EX級願望,prismatic,pivot,第三願望,固有技能・魔力爐心（無限）EX,[技能命中][無限成長] 每次技能命中敵方英雄，永久獲得1 AP，沒有成長上限。,25,grail-wish | ability-hit | infinite-scaling | ap,,,,,,,ability-damage,,,,,,,"{""requiresAnyTag"":[""ability-damage""]}",direct,proposal,,"[{""on"":""onAbilityHit"",""effects"":[{""kind"":""applyBuff"",""modifiers"":[{""stat"":""ap"",""op"":""flat"",""value"":1}],""permanent"":true,""applyTo"":""self"",""stackKey"":""grail-infinite-mana-core-ex"",""stackVisual"":true,""dispellable"":false,""polarity"":""buff""}],""target"":""self"",""victim"":""enemyChampion""}]",,,,,,,,[],"{""id"":""grail-ex-19"",""name"":""固有技能・魔力爐心（無限）EX"",""description"":""[技能命中][無限成長] 每次技能命中敵方英雄，永久獲得1 AP，沒有成長上限。"",""tier"":""prismatic"",""weight"":25,""tags"":[""grail-wish"",""ability-hit"",""infinite-scaling"",""ap""],""hooks"":[{""on"":""onAbilityHit"",""effects"":[{""kind"":""applyBuff"",""modifiers"":[{""stat"":""ap"",""op"":""flat"",""value"":1}],""permanent"":true,""applyTo"":""self"",""stackKey"":""grail-infinite-mana-core-ex"",""stackVisual"":true,""dispellable"":false,""polarity"":""buff""}],""target"":""self"",""victim"":""enemyChampion""}]}"
ggd-sacred-grail-wish-pack@1,ggd-runtime-capabilities@1/8d30566f,技能標記機制與效果規則.md,grail-ex-20,EX,EX級願望,prismatic,pivot,第三願望,固有技能・魔力放出（雷）EX,[攻速][普攻傷害] 每次普通攻擊追加等同「60 × 當前攻速」的魔法傷害。攻速同時決定攻擊頻率與單次威力。,25,grail-wish | attack-speed | basic-attack | lightning,,,,,,,,attack-speed | basic-attack,,,,,,"{""prefersAnyTag"":[""attack-speed"",""basic-attack""]}",direct,proposal,,"[{""on"":""onBasicAttack"",""effects"":[{""kind"":""damage"",""damageType"":""magic"",""amount"":{""ratios"":[{""stat"":""as"",""coeff"":60.0}]},""applyTo"":""target""}],""target"":""event"",""victim"":""enemy""}]",,,,,,,,[],"{""id"":""grail-ex-20"",""name"":""固有技能・魔力放出（雷）EX"",""description"":""[攻速][普攻傷害] 每次普通攻擊追加等同「60 × 當前攻速」的魔法傷害。攻速同時決定攻擊頻率與單次威力。"",""tier"":""prismatic"",""weight"":25,""tags"":[""grail-wish"",""attack-speed"",""basic-attack"",""lightning""],""hooks"":[{""on"":""onBasicAttack"",""effects"":[{""kind"":""damage"",""damageType"":""magic"",""amount"":{""ratios"":[{""stat"":""as"",""coeff"":60.0}]},""applyTo"":""target""}],""target"":""event"",""victim"":""enemy""}]}"
