file,decision,reason,reviewer,reviewed_at,reference
godie-e001.wav,accept,"AudioGen 人工覆核 locked_pass (round1, record godie-e001)",workspace_user,2026-07-25,provenance/audiogen-2026-07-25/final_voice_reference_manifest.csv
godie-e002.wav,accept,"AudioGen 人工覆核 locked_pass (round2, record godie-e002)",workspace_user,2026-07-25,provenance/audiogen-2026-07-25/final_voice_reference_manifest.csv
godie-e007.wav,accept,"AudioGen 人工覆核 locked_pass (round3, record godie-e007)",workspace_user,2026-07-25,provenance/audiogen-2026-07-25/final_voice_reference_manifest.csv
godie-e008.wav,accept,"AudioGen 人工覆核 locked_pass (round2, record godie-e008)",workspace_user,2026-07-25,provenance/audiogen-2026-07-25/final_voice_reference_manifest.csv
godie-e00k.wav,accept,"AudioGen 人工覆核 locked_pass (round5, record godie-e00k)",workspace_user,2026-07-25,provenance/audiogen-2026-07-25/final_voice_reference_manifest.csv
godie-e00r.wav,accept,"AudioGen 人工覆核 locked_pass (round2, record godie-e00r)",workspace_user,2026-07-25,provenance/audiogen-2026-07-25/final_voice_reference_manifest.csv
godie-e00w.wav,accept,"AudioGen 人工覆核 locked_pass (round2, record godie-e00w)",workspace_user,2026-07-25,provenance/audiogen-2026-07-25/final_voice_reference_manifest.csv
godie-edem.wav,accept,"AudioGen 人工覆核 locked_pass (round2, record godie-edem)",workspace_user,2026-07-25,provenance/audiogen-2026-07-25/final_voice_reference_manifest.csv
godie-emfr.wav,accept,"AudioGen 人工覆核 locked_pass (round2, record godie-emfr)",workspace_user,2026-07-25,provenance/audiogen-2026-07-25/final_voice_reference_manifest.csv
godie-emns.wav,accept,"AudioGen 人工覆核 locked_pass (round2, record godie-emns)",workspace_user,2026-07-25,provenance/audiogen-2026-07-25/final_voice_reference_manifest.csv
godie-etyr.wav,accept,"AudioGen 人工覆核 locked_pass (round2, record godie-etyr)",workspace_user,2026-07-25,provenance/audiogen-2026-07-25/final_voice_reference_manifest.csv
godie-h00l.wav,accept,"AudioGen 人工覆核 locked_pass (round2, record godie-h00l)",workspace_user,2026-07-25,provenance/audiogen-2026-07-25/final_voice_reference_manifest.csv
godie-h01n.wav,accept,"AudioGen 人工覆核 locked_pass (round2, record godie-h01n)",workspace_user,2026-07-25,provenance/audiogen-2026-07-25/final_voice_reference_manifest.csv
godie-h01u.wav,accept,"AudioGen 人工覆核 locked_pass (round2, record godie-h01u)",workspace_user,2026-07-25,provenance/audiogen-2026-07-25/final_voice_reference_manifest.csv
godie-h020.wav,accept,"AudioGen 人工覆核 locked_pass (round3, record godie-h020)",workspace_user,2026-07-25,provenance/audiogen-2026-07-25/final_voice_reference_manifest.csv
godie-h02k.wav,accept,"AudioGen 人工覆核 locked_pass (round3, record godie-h02k)",workspace_user,2026-07-25,provenance/audiogen-2026-07-25/final_voice_reference_manifest.csv
godie-h02r.wav,accept,"AudioGen 人工覆核 locked_pass (round3, record godie-h02r)",workspace_user,2026-07-25,provenance/audiogen-2026-07-25/final_voice_reference_manifest.csv
godie-h02u.wav,accept,"AudioGen 人工覆核 locked_pass (round2, record godie-h02u)",workspace_user,2026-07-25,provenance/audiogen-2026-07-25/final_voice_reference_manifest.csv
godie-hapm.wav,accept,"AudioGen 人工覆核 locked_pass (round2, record godie-hapm)",workspace_user,2026-07-25,provenance/audiogen-2026-07-25/final_voice_reference_manifest.csv
godie-hart.wav,accept,"AudioGen 人工覆核 locked_pass (round3, record godie-hart)",workspace_user,2026-07-25,provenance/audiogen-2026-07-25/final_voice_reference_manifest.csv
godie-hpal.wav,accept,"AudioGen 人工覆核 locked_pass (round4, record godie-hpal)",workspace_user,2026-07-25,provenance/audiogen-2026-07-25/final_voice_reference_manifest.csv
godie-hpb1.wav,accept,"AudioGen 人工覆核 locked_pass (round5, record godie-hpb1)",workspace_user,2026-07-25,provenance/audiogen-2026-07-25/final_voice_reference_manifest.csv
godie-huth.wav,accept,"AudioGen 人工覆核 locked_pass (round2, record godie-huth)",workspace_user,2026-07-25,provenance/audiogen-2026-07-25/final_voice_reference_manifest.csv
godie-hvsh.wav,accept,"AudioGen 人工覆核 locked_pass (round2, record godie-hvsh)",workspace_user,2026-07-25,provenance/audiogen-2026-07-25/final_voice_reference_manifest.csv
godie-hvwd.wav,accept,"AudioGen 人工覆核 locked_pass (round4, record godie-hvwd)",workspace_user,2026-07-25,provenance/audiogen-2026-07-25/final_voice_reference_manifest.csv
godie-n003.wav,accept,"AudioGen 人工覆核 locked_pass (round2, record godie-n003)",workspace_user,2026-07-25,provenance/audiogen-2026-07-25/final_voice_reference_manifest.csv
godie-n00b.wav,accept,"AudioGen 人工覆核 locked_pass (round3, record godie-n00b)",workspace_user,2026-07-25,provenance/audiogen-2026-07-25/final_voice_reference_manifest.csv
godie-n00p.wav,accept,"AudioGen 人工覆核 locked_pass (round3, record godie-n00p)",workspace_user,2026-07-25,provenance/audiogen-2026-07-25/final_voice_reference_manifest.csv
godie-n01c.wav,accept,"AudioGen 人工覆核 locked_pass (round2, record godie-n01c)",workspace_user,2026-07-25,provenance/audiogen-2026-07-25/final_voice_reference_manifest.csv
godie-nplh.wav,accept,"AudioGen 人工覆核 locked_pass (round1, record godie-nplh)",workspace_user,2026-07-25,provenance/audiogen-2026-07-25/final_voice_reference_manifest.csv
godie-o00k.wav,accept,"AudioGen 人工覆核 locked_pass (round2, record godie-o00k)",workspace_user,2026-07-25,provenance/audiogen-2026-07-25/final_voice_reference_manifest.csv
godie-o00l.wav,accept,"AudioGen 人工覆核 locked_pass (round2, record godie-o00l)",workspace_user,2026-07-25,provenance/audiogen-2026-07-25/final_voice_reference_manifest.csv
godie-o00x.wav,accept,"AudioGen 人工覆核 locked_pass (round2, record godie-o00x)",workspace_user,2026-07-25,provenance/audiogen-2026-07-25/final_voice_reference_manifest.csv
godie-o02p.wav,accept,"AudioGen 人工覆核 locked_pass (round2, record godie-o02p)",workspace_user,2026-07-25,provenance/audiogen-2026-07-25/final_voice_reference_manifest.csv
godie-ofar.wav,accept,"AudioGen 人工覆核 locked_pass (round2, record godie-ofar)",workspace_user,2026-07-25,provenance/audiogen-2026-07-25/final_voice_reference_manifest.csv
godie-ogld.wav,accept,"AudioGen 人工覆核 locked_pass (round3, record godie-ogld)",workspace_user,2026-07-25,provenance/audiogen-2026-07-25/final_voice_reference_manifest.csv
godie-orkn.wav,accept,"AudioGen 人工覆核 locked_pass (round2, record godie-orkn)",workspace_user,2026-07-25,provenance/audiogen-2026-07-25/final_voice_reference_manifest.csv
godie-osam.wav,accept,"AudioGen 人工覆核 locked_pass (round1, record godie-osam)",workspace_user,2026-07-25,provenance/audiogen-2026-07-25/final_voice_reference_manifest.csv
godie-u00h.wav,accept,"AudioGen 人工覆核 locked_pass (round2, record godie-u00h)",workspace_user,2026-07-25,provenance/audiogen-2026-07-25/final_voice_reference_manifest.csv
godie-u00j.wav,accept,"AudioGen 人工覆核 locked_pass (round1, record godie-u00j)",workspace_user,2026-07-25,provenance/audiogen-2026-07-25/final_voice_reference_manifest.csv
godie-u00k.wav,accept,"AudioGen 人工覆核 locked_pass (round3, record godie-u00k)",workspace_user,2026-07-25,provenance/audiogen-2026-07-25/final_voice_reference_manifest.csv
godie-u00l.wav,accept,"AudioGen 人工覆核 locked_pass (round2, record godie-u00l)",workspace_user,2026-07-25,provenance/audiogen-2026-07-25/final_voice_reference_manifest.csv
godie-u00n.wav,accept,"AudioGen 人工覆核 locked_pass (round2, record godie-u00n)",workspace_user,2026-07-25,provenance/audiogen-2026-07-25/final_voice_reference_manifest.csv
godie-u00v.wav,accept,"AudioGen 人工覆核 locked_pass (round1, record godie-u00v)",workspace_user,2026-07-25,provenance/audiogen-2026-07-25/final_voice_reference_manifest.csv
godie-u010.wav,accept,"AudioGen 人工覆核 locked_pass (round2, record godie-u010)",workspace_user,2026-07-25,provenance/audiogen-2026-07-25/final_voice_reference_manifest.csv
godie-u01u.wav,accept,"AudioGen 人工覆核 locked_pass (round2, record godie-u01u)",workspace_user,2026-07-25,provenance/audiogen-2026-07-25/final_voice_reference_manifest.csv
godie-ubal.wav,accept,"AudioGen 人工覆核 locked_pass (round3, record godie-ubal)",workspace_user,2026-07-25,provenance/audiogen-2026-07-25/final_voice_reference_manifest.csv
godie-udea.wav,accept,"AudioGen 人工覆核 locked_pass (round4, record godie-udea)",workspace_user,2026-07-25,provenance/audiogen-2026-07-25/final_voice_reference_manifest.csv
godie-hblm.wav,accept,"AudioGen 人工覆核 locked_pass (round4, record godie-hblm)",workspace_user,2026-07-25,provenance/audiogen-2026-07-25/final_voice_reference_manifest.csv
godie-efur.wav,accept,"AudioGen 人工覆核 locked_pass (round4, record godie-efur)",workspace_user,2026-07-25,provenance/audiogen-2026-07-25/final_voice_reference_manifest.csv
godie-zombiex.wav,accept,"AudioGen 人工覆核 locked_pass (round3, record godie-no100)",workspace_user,2026-07-25,provenance/audiogen-2026-07-25/final_voice_reference_manifest.csv
