id,character,default_instruct_ja,attack_instruct_ja,ultimate_instruct_ja,hurt_instruct_ja,death_instruct_ja
godie-e001,龍宮禮奈,甘く可愛らしい少女の声。普段は明るく弾むが、一瞬で低く平坦な狂気を帯びた声に豹変する。音域の落差を最大限に使う。通常時の話し方。特定の実在人物の声を模倣しない。,甘く可愛らしい少女の声。普段は明るく弾むが、一瞬で低く平坦な狂気を帯びた声に豹変する。音域の落差を最大限に使う。攻撃の瞬間の短い掛け声。息が強く乗り、鋭く切れる。特定の実在人物の声を模倣しない。,甘く可愛らしい少女の声。普段は明るく弾むが、一瞬で低く平坦な狂気を帯びた声に豹変する。音域の落差を最大限に使う。必殺技では甘い声を捨て、低く抑揚を殺した狂気の宣告から絶叫へ雪崩れ込む。特定の実在人物の声を模倣しない。,甘く可愛らしい少女の声。普段は明るく弾むが、一瞬で低く平坦な狂気を帯びた声に豹変する。音域の落差を最大限に使う。被弾の苦痛。短い呻きで、息が詰まる。特定の実在人物の声を模倣しない。,甘く可愛らしい少女の声。普段は明るく弾むが、一瞬で低く平坦な狂気を帯びた声に豹変する。音域の落差を最大限に使う。力尽きる最後の声。震えて弱まり、途切れる。特定の実在人物の声を模倣しない。
godie-e002,Saber,凛とした中低音の若い女性の声。気品と抑制のある騎士の口調で、母音がまっすぐ揺れない。過度に柔弱にしない。通常時の話し方。特定の実在人物の声を模倣しない。,凛とした中低音の若い女性の声。気品と抑制のある騎士の口調で、母音がまっすぐ揺れない。過度に柔弱にしない。攻撃の瞬間の短い掛け声。息が強く乗り、鋭く切れる。特定の実在人物の声を模倣しない。,凛とした中低音の若い女性の声。気品と抑制のある騎士の口調で、母音がまっすぐ揺れない。過度に柔弱にしない。宝具解放。抑制を解き、張りのある堂々とした咆哮で技名を宣言する。特定の実在人物の声を模倣しない。,凛とした中低音の若い女性の声。気品と抑制のある騎士の口調で、母音がまっすぐ揺れない。過度に柔弱にしない。被弾の苦痛。短い呻きで、息が詰まる。特定の実在人物の声を模倣しない。,凛とした中低音の若い女性の声。気品と抑制のある騎士の口調で、母音がまっすぐ揺れない。過度に柔弱にしない。力尽きる最後の声。震えて弱まり、途切れる。特定の実在人物の声を模倣しない。
godie-e007,天地志狼,若く熱血な少年武将の声。語速は速く叫びに爆発力があるが、声質は軽めで厚重にしない。通常時の話し方。特定の実在人物の声を模倣しない。,若く熱血な少年武将の声。語速は速く叫びに爆発力があるが、声質は軽めで厚重にしない。攻撃の瞬間の短い掛け声。息が強く乗り、鋭く切れる。特定の実在人物の声を模倣しない。,若く熱血な少年武将の声。語速は速く叫びに爆発力があるが、声質は軽めで厚重にしない。必殺技の解放。感情・音量・音高が最大まで高まり、声を張る。特定の実在人物の声を模倣しない。,若く熱血な少年武将の声。語速は速く叫びに爆発力があるが、声質は軽めで厚重にしない。被弾の苦痛。短い呻きで、息が詰まる。特定の実在人物の声を模倣しない。,若く熱血な少年武将の声。語速は速く叫びに爆発力があるが、声質は軽めで厚重にしない。力尽きる最後の声。震えて弱まり、途切れる。特定の実在人物の声を模倣しない。
godie-e008,夏娜,鋭く張りのある高音の少女の声。短い言葉を畳みかける早口で、怒りが一気に燃え上がる。通常時の話し方。特定の実在人物の声を模倣しない。,鋭く張りのある高音の少女の声。短い言葉を畳みかける早口で、怒りが一気に燃え上がる。攻撃の瞬間の短い掛け声。息が強く乗り、鋭く切れる。特定の実在人物の声を模倣しない。,鋭く張りのある高音の少女の声。短い言葉を畳みかける早口で、怒りが一気に燃え上がる。必殺技の解放。感情・音量・音高が最大まで高まり、声を張る。特定の実在人物の声を模倣しない。,鋭く張りのある高音の少女の声。短い言葉を畳みかける早口で、怒りが一気に燃え上がる。被弾の苦痛。短い呻きで、息が詰まる。特定の実在人物の声を模倣しない。,鋭く張りのある高音の少女の声。短い言葉を畳みかける早口で、怒りが一気に燃え上がる。力尽きる最後の声。震えて弱まり、途切れる。特定の実在人物の声を模倣しない。
godie-e00k,安云,柔らかく澄んだ少女の声。普段は物静かで感情を抑えているが冷たくはなく、戦闘では静かな果断さが宿る。通常時の話し方。特定の実在人物の声を模倣しない。,柔らかく澄んだ少女の声。普段は物静かで感情を抑えているが冷たくはなく、戦闘では静かな果断さが宿る。攻撃の瞬間の短い掛け声。息が強く乗り、鋭く切れる。特定の実在人物の声を模倣しない。,柔らかく澄んだ少女の声。普段は物静かで感情を抑えているが冷たくはなく、戦闘では静かな果断さが宿る。大技でも張り上げない。澄んだ声のまま、迷いなく言い切る。特定の実在人物の声を模倣しない。,柔らかく澄んだ少女の声。普段は物静かで感情を抑えているが冷たくはなく、戦闘では静かな果断さが宿る。被弾の苦痛。短い呻きで、息が詰まる。特定の実在人物の声を模倣しない。,柔らかく澄んだ少女の声。普段は物静かで感情を抑えているが冷たくはなく、戦闘では静かな果断さが宿る。力尽きる最後の声。震えて弱まり、途切れる。特定の実在人物の声を模倣しない。
godie-e00r,初號機,人語ではない。獣の咆哮、苦痛の絶叫、荒い呼吸に機械的な共鳴が重なった巨大生物の声。普通の朗読は禁止。低い唸りと荒い機械混じりの呼吸。今にも暴れ出しそうな不穏さ。特定の実在人物の声を模倣しない。,人語ではない。獣の咆哮、苦痛の絶叫、荒い呼吸に機械的な共鳴が重なった巨大生物の声。普通の朗読は禁止。短く爆発する獣の咆哮。言葉はない。特定の実在人物の声を模倣しない。,人語ではない。獣の咆哮、苦痛の絶叫、荒い呼吸に機械的な共鳴が重なった巨大生物の声。普通の朗読は禁止。暴走。長く引き伸ばした絶叫が咆哮に変わり、理性の欠片もない。特定の実在人物の声を模倣しない。,人語ではない。獣の咆哮、苦痛の絶叫、荒い呼吸に機械的な共鳴が重なった巨大生物の声。普通の朗読は禁止。金属的な悲鳴混じりの苦痛の咆哮。特定の実在人物の声を模倣しない。,人語ではない。獣の咆哮、苦痛の絶叫、荒い呼吸に機械的な共鳴が重なった巨大生物の声。普通の朗読は禁止。力尽きて途切れ途切れになる低い唸りと荒い呼吸。特定の実在人物の声を模倣しない。
godie-e00w,櫻綻剎那,礼儀正しく生真面目な若い女剣士の声。普段は丁寧で硬質、戦闘では張り詰めた裂帛の気合いに変わる。セイバーより若い。通常時の話し方。特定の実在人物の声を模倣しない。,礼儀正しく生真面目な若い女剣士の声。普段は丁寧で硬質、戦闘では張り詰めた裂帛の気合いに変わる。セイバーより若い。攻撃の瞬間の短い掛け声。息が強く乗り、鋭く切れる。特定の実在人物の声を模倣しない。,礼儀正しく生真面目な若い女剣士の声。普段は丁寧で硬質、戦闘では張り詰めた裂帛の気合いに変わる。セイバーより若い。必殺技の解放。感情・音量・音高が最大まで高まり、声を張る。特定の実在人物の声を模倣しない。,礼儀正しく生真面目な若い女剣士の声。普段は丁寧で硬質、戦闘では張り詰めた裂帛の気合いに変わる。セイバーより若い。被弾の苦痛。短い呻きで、息が詰まる。特定の実在人物の声を模倣しない。,礼儀正しく生真面目な若い女剣士の声。普段は丁寧で硬質、戦闘では張り詰めた裂帛の気合いに変わる。セイバーより若い。力尽きる最後の声。震えて弱まり、途切れる。特定の実在人物の声を模倣しない。
godie-edem,宇智波佐助,鼻腔に響く冷たい少年の声。抑揚を抑えた短い吐き捨てで、怒りを押し殺した凄味がある。通常時の話し方。特定の実在人物の声を模倣しない。,鼻腔に響く冷たい少年の声。抑揚を抑えた短い吐き捨てで、怒りを押し殺した凄味がある。攻撃の瞬間の短い掛け声。息が強く乗り、鋭く切れる。特定の実在人物の声を模倣しない。,鼻腔に響く冷たい少年の声。抑揚を抑えた短い吐き捨てで、怒りを押し殺した凄味がある。必殺技の解放。感情・音量・音高が最大まで高まり、声を張る。特定の実在人物の声を模倣しない。,鼻腔に響く冷たい少年の声。抑揚を抑えた短い吐き捨てで、怒りを押し殺した凄味がある。被弾の苦痛。短い呻きで、息が詰まる。特定の実在人物の声を模倣しない。,鼻腔に響く冷たい少年の声。抑揚を抑えた短い吐き捨てで、怒りを押し殺した凄味がある。力尽きる最後の声。震えて弱まり、途切れる。特定の実在人物の声を模倣しない。
godie-emfr,涅吉,澄んだ少年（男の子）の声。真面目で少し緊張気味の敬語口調、詠唱で急に張りが出る。通常時の話し方。特定の実在人物の声を模倣しない。,澄んだ少年（男の子）の声。真面目で少し緊張気味の敬語口調、詠唱で急に張りが出る。攻撃の瞬間の短い掛け声。息が強く乗り、鋭く切れる。特定の実在人物の声を模倣しない。,澄んだ少年（男の子）の声。真面目で少し緊張気味の敬語口調、詠唱で急に張りが出る。必殺技の解放。感情・音量・音高が最大まで高まり、声を張る。特定の実在人物の声を模倣しない。,澄んだ少年（男の子）の声。真面目で少し緊張気味の敬語口調、詠唱で急に張りが出る。被弾の苦痛。短い呻きで、息が詰まる。特定の実在人物の声を模倣しない。,澄んだ少年（男の子）の声。真面目で少し緊張気味の敬語口調、詠唱で急に張りが出る。力尽きる最後の声。震えて弱まり、途切れる。特定の実在人物の声を模倣しない。
godie-emns,夜神月,理知的で滑らかな青年の声。冷静な推理口調から、箍の外れた甲高い高笑いまで大きく振れる。通常時の話し方。特定の実在人物の声を模倣しない。,理知的で滑らかな青年の声。冷静な推理口調から、箍の外れた甲高い高笑いまで大きく振れる。攻撃の瞬間の短い掛け声。息が強く乗り、鋭く切れる。特定の実在人物の声を模倣しない。,理知的で滑らかな青年の声。冷静な推理口調から、箍の外れた甲高い高笑いまで大きく振れる。必殺技の解放。感情・音量・音高が最大まで高まり、声を張る。特定の実在人物の声を模倣しない。,理知的で滑らかな青年の声。冷静な推理口調から、箍の外れた甲高い高笑いまで大きく振れる。被弾の苦痛。短い呻きで、息が詰まる。特定の実在人物の声を模倣しない。,理知的で滑らかな青年の声。冷静な推理口調から、箍の外れた甲高い高笑いまで大きく振れる。力尽きる最後の声。震えて弱まり、途切れる。特定の実在人物の声を模倣しない。
godie-etyr,木乃香,柔らかく温かい若い女性の声。関西弁風のゆったりした抑揚で包み込む癒やし系。高い悲鳴や叫びは使わない。通常時の話し方。特定の実在人物の声を模倣しない。,柔らかく温かい若い女性の声。関西弁風のゆったりした抑揚で包み込む癒やし系。高い悲鳴や叫びは使わない。攻撃の瞬間の短い掛け声。息が強く乗り、鋭く切れる。特定の実在人物の声を模倣しない。,柔らかく温かい若い女性の声。関西弁風のゆったりした抑揚で包み込む癒やし系。高い悲鳴や叫びは使わない。大技でも叫ばない。祈るように声を強め、温かさを保ったまま張りを増す。特定の実在人物の声を模倣しない。,柔らかく温かい若い女性の声。関西弁風のゆったりした抑揚で包み込む癒やし系。高い悲鳴や叫びは使わない。被弾の苦痛。短い呻きで、息が詰まる。特定の実在人物の声を模倣しない。,柔らかく温かい若い女性の声。関西弁風のゆったりした抑揚で包み込む癒やし系。高い悲鳴や叫びは使わない。力尽きる最後の声。震えて弱まり、途切れる。特定の実在人物の声を模倣しない。
godie-h00l,林克,台詞のない若い剣士。軽やかな中高音の短い掛け声「はっ」「せいっ」、被弾の呻き、溜めからの裂帛の気合いのみ。完全な文は話さない。静かな呼吸と小さな気合いのみ。台詞はない。特定の実在人物の声を模倣しない。,台詞のない若い剣士。軽やかな中高音の短い掛け声「はっ」「せいっ」、被弾の呻き、溜めからの裂帛の気合いのみ。完全な文は話さない。攻撃の瞬間の短い掛け声。息が強く乗り、鋭く切れる。特定の実在人物の声を模倣しない。,台詞のない若い剣士。軽やかな中高音の短い掛け声「はっ」「せいっ」、被弾の呻き、溜めからの裂帛の気合いのみ。完全な文は話さない。溜めの唸りから一気に解放する最大の裂帛の叫び。言葉はない。特定の実在人物の声を模倣しない。,台詞のない若い剣士。軽やかな中高音の短い掛け声「はっ」「せいっ」、被弾の呻き、溜めからの裂帛の気合いのみ。完全な文は話さない。被弾の苦痛。短い呻きで、息が詰まる。特定の実在人物の声を模倣しない。,台詞のない若い剣士。軽やかな中高音の短い掛け声「はっ」「せいっ」、被弾の呻き、溜めからの裂帛の気合いのみ。完全な文は話さない。力尽きる最後の声。震えて弱まり、途切れる。特定の実在人物の声を模倣しない。
godie-h01n,黑崎一護,ざらつきのある熱血な青年の声。少し掠れたハスキーで、怒鳴りに伸びがあり長い雄叫びで爆発する。通常時の話し方。特定の実在人物の声を模倣しない。,ざらつきのある熱血な青年の声。少し掠れたハスキーで、怒鳴りに伸びがあり長い雄叫びで爆発する。攻撃の瞬間の短い掛け声。息が強く乗り、鋭く切れる。特定の実在人物の声を模倣しない。,ざらつきのある熱血な青年の声。少し掠れたハスキーで、怒鳴りに伸びがあり長い雄叫びで爆発する。必殺技の解放。感情・音量・音高が最大まで高まり、声を張る。特定の実在人物の声を模倣しない。,ざらつきのある熱血な青年の声。少し掠れたハスキーで、怒鳴りに伸びがあり長い雄叫びで爆発する。被弾の苦痛。短い呻きで、息が詰まる。特定の実在人物の声を模倣しない。,ざらつきのある熱血な青年の声。少し掠れたハスキーで、怒鳴りに伸びがあり長い雄叫びで爆発する。力尽きる最後の声。震えて弱まり、途切れる。特定の実在人物の声を模倣しない。
godie-h01u,呂布奉先,胸に響く超重量級の低音の猛将。地鳴りのような威圧感で傲然と言い放ち、笑いも咆哮も分厚い。通常時の話し方。特定の実在人物の声を模倣しない。,胸に響く超重量級の低音の猛将。地鳴りのような威圧感で傲然と言い放ち、笑いも咆哮も分厚い。攻撃の瞬間の短い掛け声。息が強く乗り、鋭く切れる。特定の実在人物の声を模倣しない。,胸に響く超重量級の低音の猛将。地鳴りのような威圧感で傲然と言い放ち、笑いも咆哮も分厚い。必殺技の解放。感情・音量・音高が最大まで高まり、声を張る。特定の実在人物の声を模倣しない。,胸に響く超重量級の低音の猛将。地鳴りのような威圧感で傲然と言い放ち、笑いも咆哮も分厚い。被弾の苦痛。短い呻きで、息が詰まる。特定の実在人物の声を模倣しない。,胸に響く超重量級の低音の猛将。地鳴りのような威圧感で傲然と言い放ち、笑いも咆哮も分厚い。力尽きる最後の声。震えて弱まり、途切れる。特定の実在人物の声を模倣しない。
godie-h020,莉娜因巴斯,明るく張りのある少女のハイトーン。早口でまくし立てる高エネルギーのコメディ調と、芝居がかった壮大な詠唱の反差。通常時の話し方。特定の実在人物の声を模倣しない。,明るく張りのある少女のハイトーン。早口でまくし立てる高エネルギーのコメディ調と、芝居がかった壮大な詠唱の反差。攻撃の瞬間の短い掛け声。息が強く乗り、鋭く切れる。特定の実在人物の声を模倣しない。,明るく張りのある少女のハイトーン。早口でまくし立てる高エネルギーのコメディ調と、芝居がかった壮大な詠唱の反差。必殺技の解放。感情・音量・音高が最大まで高まり、声を張る。特定の実在人物の声を模倣しない。,明るく張りのある少女のハイトーン。早口でまくし立てる高エネルギーのコメディ調と、芝居がかった壮大な詠唱の反差。被弾の苦痛。短い呻きで、息が詰まる。特定の実在人物の声を模倣しない。,明るく張りのある少女のハイトーン。早口でまくし立てる高エネルギーのコメディ調と、芝居がかった壮大な詠唱の反差。力尽きる最後の声。震えて弱まり、途切れる。特定の実在人物の声を模倣しない。
godie-h02k,熊貓,低めで気だるく、いたずらっぽい子供っぽい声。とぼけた調子から突然の金切り声や激怒、動物じみた奇声まで振れる。可愛いだけにしない。通常時の話し方。特定の実在人物の声を模倣しない。,低めで気だるく、いたずらっぽい子供っぽい声。とぼけた調子から突然の金切り声や激怒、動物じみた奇声まで振れる。可愛いだけにしない。攻撃の瞬間の短い掛け声。息が強く乗り、鋭く切れる。特定の実在人物の声を模倣しない。,低めで気だるく、いたずらっぽい子供っぽい声。とぼけた調子から突然の金切り声や激怒、動物じみた奇声まで振れる。可愛いだけにしない。必殺技の解放。感情・音量・音高が最大まで高まり、声を張る。特定の実在人物の声を模倣しない。,低めで気だるく、いたずらっぽい子供っぽい声。とぼけた調子から突然の金切り声や激怒、動物じみた奇声まで振れる。可愛いだけにしない。被弾の苦痛。短い呻きで、息が詰まる。特定の実在人物の声を模倣しない。,低めで気だるく、いたずらっぽい子供っぽい声。とぼけた調子から突然の金切り声や激怒、動物じみた奇声まで振れる。可愛いだけにしない。力尽きる最後の声。震えて弱まり、途切れる。特定の実在人物の声を模倣しない。
godie-h02r,妙蛙花,人語ではない。低く太い生物の唸りと腹に響く咆哮。音節は少なく、名を唸るように鳴くのみ。低い鼻息と満足げな唸り。言葉はない。特定の実在人物の声を模倣しない。,人語ではない。低く太い生物の唸りと腹に響く咆哮。音節は少なく、名を唸るように鳴くのみ。攻撃の瞬間の短い掛け声。息が強く乗り、鋭く切れる。特定の実在人物の声を模倣しない。,人語ではない。低く太い生物の唸りと腹に響く咆哮。音節は少なく、名を唸るように鳴くのみ。腹の底から響かせる最大の咆哮。地響きのような持続音。特定の実在人物の声を模倣しない。,人語ではない。低く太い生物の唸りと腹に響く咆哮。音節は少なく、名を唸るように鳴くのみ。被弾の苦痛。短い呻きで、息が詰まる。特定の実在人物の声を模倣しない。,人語ではない。低く太い生物の唸りと腹に響く咆哮。音節は少なく、名を唸るように鳴くのみ。力尽きる最後の声。震えて弱まり、途切れる。特定の実在人物の声を模倣しない。
godie-h02u,草泥馬,乾いた鼻声で神経質かつ物憂げな声。メェェという鳴き声と不条理に長い笑いが混ざる。通常時の話し方。特定の実在人物の声を模倣しない。,乾いた鼻声で神経質かつ物憂げな声。メェェという鳴き声と不条理に長い笑いが混ざる。攻撃の瞬間の短い掛け声。息が強く乗り、鋭く切れる。特定の実在人物の声を模倣しない。,乾いた鼻声で神経質かつ物憂げな声。メェェという鳴き声と不条理に長い笑いが混ざる。限界まで引き伸ばした荒謬な長鳴きと哄笑。半分鳴き声、半分笑い。特定の実在人物の声を模倣しない。,乾いた鼻声で神経質かつ物憂げな声。メェェという鳴き声と不条理に長い笑いが混ざる。被弾の苦痛。短い呻きで、息が詰まる。特定の実在人物の声を模倣しない。,乾いた鼻声で神経質かつ物憂げな声。メェェという鳴き声と不条理に長い笑いが混ざる。力尽きる最後の声。震えて弱まり、途切れる。特定の実在人物の声を模倣しない。
godie-hapm,Berserker,巨躯の狂戦士。地鳴りのような咆哮、重く粗い呼吸、被弾の怒号のみで言葉はほぼ無い。初號機のような機械的野獣化はしない、あくまで巨人の肉声。重い呼吸と低い唸り。抑えきれない闘気。特定の実在人物の声を模倣しない。,巨躯の狂戦士。地鳴りのような咆哮、重く粗い呼吸、被弾の怒号のみで言葉はほぼ無い。初號機のような機械的野獣化はしない、あくまで巨人の肉声。攻撃の瞬間の短い掛け声。息が強く乗り、鋭く切れる。特定の実在人物の声を模倣しない。,巨躯の狂戦士。地鳴りのような咆哮、重く粗い呼吸、被弾の怒号のみで言葉はほぼ無い。初號機のような機械的野獣化はしない、あくまで巨人の肉声。全身全霊の長い雄叫び。岩をも砕く肉声の轟音。特定の実在人物の声を模倣しない。,巨躯の狂戦士。地鳴りのような咆哮、重く粗い呼吸、被弾の怒号のみで言葉はほぼ無い。初號機のような機械的野獣化はしない、あくまで巨人の肉声。被弾の苦痛。短い呻きで、息が詰まる。特定の実在人物の声を模倣しない。,巨躯の狂戦士。地鳴りのような咆哮、重く粗い呼吸、被弾の怒号のみで言葉はほぼ無い。初號機のような機械的野獣化はしない、あくまで巨人の肉声。力尽きる最後の声。震えて弱まり、途切れる。特定の実在人物の声を模倣しない。
godie-hart,克勞德,乾いた中低音の青年の声。口数が少なく疲れた平坦さで、感情を押し殺している。激しい尖叫はしない。通常時の話し方。特定の実在人物の声を模倣しない。,乾いた中低音の青年の声。口数が少なく疲れた平坦さで、感情を押し殺している。激しい尖叫はしない。攻撃の瞬間の短い掛け声。息が強く乗り、鋭く切れる。特定の実在人物の声を模倣しない。,乾いた中低音の青年の声。口数が少なく疲れた平坦さで、感情を押し殺している。激しい尖叫はしない。大技でも叫ばず、低く押し殺した気合いと鋭い呼気で決める。特定の実在人物の声を模倣しない。,乾いた中低音の青年の声。口数が少なく疲れた平坦さで、感情を押し殺している。激しい尖叫はしない。被弾の苦痛。短い呻きで、息が詰まる。特定の実在人物の声を模倣しない。,乾いた中低音の青年の声。口数が少なく疲れた平坦さで、感情を押し殺している。激しい尖叫はしない。力尽きる最後の声。震えて弱まり、途切れる。特定の実在人物の声を模倣しない。
godie-hpal,藤井八雲,温和で誠実な青年の声。穏やかさの中に芯の強さがあり、痛みと人間味がにじむ。不死身ゆえの悲痛を含む。通常時の話し方。特定の実在人物の声を模倣しない。,温和で誠実な青年の声。穏やかさの中に芯の強さがあり、痛みと人間味がにじむ。不死身ゆえの悲痛を含む。攻撃の瞬間の短い掛け声。息が強く乗り、鋭く切れる。特定の実在人物の声を模倣しない。,温和で誠実な青年の声。穏やかさの中に芯の強さがあり、痛みと人間味がにじむ。不死身ゆえの悲痛を含む。必殺技の解放。感情・音量・音高が最大まで高まり、声を張る。特定の実在人物の声を模倣しない。,温和で誠実な青年の声。穏やかさの中に芯の強さがあり、痛みと人間味がにじむ。不死身ゆえの悲痛を含む。被弾の苦痛。短い呻きで、息が詰まる。特定の実在人物の声を模倣しない。,温和で誠実な青年の声。穏やかさの中に芯の強さがあり、痛みと人間味がにじむ。不死身ゆえの悲痛を含む。力尽きる最後の声。震えて弱まり、途切れる。特定の実在人物の声を模倣しない。
godie-hpb1,蒼月潮,荒削りでガラッとした元気な少年の声。まっすぐ熱く、勢いで自然に声が裏返る。大人びさせない。通常時の話し方。特定の実在人物の声を模倣しない。,荒削りでガラッとした元気な少年の声。まっすぐ熱く、勢いで自然に声が裏返る。大人びさせない。攻撃の瞬間の短い掛け声。息が強く乗り、鋭く切れる。特定の実在人物の声を模倣しない。,荒削りでガラッとした元気な少年の声。まっすぐ熱く、勢いで自然に声が裏返る。大人びさせない。必殺技の解放。感情・音量・音高が最大まで高まり、声を張る。特定の実在人物の声を模倣しない。,荒削りでガラッとした元気な少年の声。まっすぐ熱く、勢いで自然に声が裏返る。大人びさせない。被弾の苦痛。短い呻きで、息が詰まる。特定の実在人物の声を模倣しない。,荒削りでガラッとした元気な少年の声。まっすぐ熱く、勢いで自然に声が裏返る。大人びさせない。力尽きる最後の声。震えて弱まり、途切れる。特定の実在人物の声を模倣しない。
godie-huth,魔人普烏,高く幼い鼻声の男の声。粘つく甘えた笑いと、無邪気なままの突然の怒りが同居する童稚で危険な声。通常時の話し方。特定の実在人物の声を模倣しない。,高く幼い鼻声の男の声。粘つく甘えた笑いと、無邪気なままの突然の怒りが同居する童稚で危険な声。攻撃の瞬間の短い掛け声。息が強く乗り、鋭く切れる。特定の実在人物の声を模倣しない。,高く幼い鼻声の男の声。粘つく甘えた笑いと、無邪気なままの突然の怒りが同居する童稚で危険な声。必殺技の解放。感情・音量・音高が最大まで高まり、声を張る。特定の実在人物の声を模倣しない。,高く幼い鼻声の男の声。粘つく甘えた笑いと、無邪気なままの突然の怒りが同居する童稚で危険な声。被弾の苦痛。短い呻きで、息が詰まる。特定の実在人物の声を模倣しない。,高く幼い鼻声の男の声。粘つく甘えた笑いと、無邪気なままの突然の怒りが同居する童稚で危険な声。力尽きる最後の声。震えて弱まり、途切れる。特定の実在人物の声を模倣しない。
godie-hvsh,Rider,成熟した低い女性の声。息を多く含んだ囁くような話し方で、静かな色気と冷たさ、危うさをまとう。通常時の話し方。特定の実在人物の声を模倣しない。,成熟した低い女性の声。息を多く含んだ囁くような話し方で、静かな色気と冷たさ、危うさをまとう。攻撃の瞬間の短い掛け声。息が強く乗り、鋭く切れる。特定の実在人物の声を模倣しない。,成熟した低い女性の声。息を多く含んだ囁くような話し方で、静かな色気と冷たさ、危うさをまとう。必殺技の解放。感情・音量・音高が最大まで高まり、声を張る。特定の実在人物の声を模倣しない。,成熟した低い女性の声。息を多く含んだ囁くような話し方で、静かな色気と冷たさ、危うさをまとう。被弾の苦痛。短い呻きで、息が詰まる。特定の実在人物の声を模倣しない。,成熟した低い女性の声。息を多く含んだ囁くような話し方で、静かな色気と冷たさ、危うさをまとう。力尽きる最後の声。震えて弱まり、途切れる。特定の実在人物の声を模倣しない。
godie-hvwd,桔梗,澄んで冷たい女性の声。感情を抑えた距離感と哀しみをたたえる。息の色気は使わない。通常時の話し方。特定の実在人物の声を模倣しない。,澄んで冷たい女性の声。感情を抑えた距離感と哀しみをたたえる。息の色気は使わない。攻撃の瞬間の短い掛け声。息が強く乗り、鋭く切れる。特定の実在人物の声を模倣しない。,澄んで冷たい女性の声。感情を抑えた距離感と哀しみをたたえる。息の色気は使わない。必殺技の解放。感情・音量・音高が最大まで高まり、声を張る。特定の実在人物の声を模倣しない。,澄んで冷たい女性の声。感情を抑えた距離感と哀しみをたたえる。息の色気は使わない。被弾の苦痛。短い呻きで、息が詰まる。特定の実在人物の声を模倣しない。,澄んで冷たい女性の声。感情を抑えた距離感と哀しみをたたえる。息の色気は使わない。力尽きる最後の声。震えて弱まり、途切れる。特定の実在人物の声を模倣しない。
godie-n003,依文潔琳,幼い少女の声色に、老成した傲慢な古風の言い回しを乗せる。嘲るような笑いと見下す囁き。通常時の話し方。特定の実在人物の声を模倣しない。,幼い少女の声色に、老成した傲慢な古風の言い回しを乗せる。嘲るような笑いと見下す囁き。攻撃の瞬間の短い掛け声。息が強く乗り、鋭く切れる。特定の実在人物の声を模倣しない。,幼い少女の声色に、老成した傲慢な古風の言い回しを乗せる。嘲るような笑いと見下す囁き。必殺技の解放。感情・音量・音高が最大まで高まり、声を張る。特定の実在人物の声を模倣しない。,幼い少女の声色に、老成した傲慢な古風の言い回しを乗せる。嘲るような笑いと見下す囁き。被弾の苦痛。短い呻きで、息が詰まる。特定の実在人物の声を模倣しない。,幼い少女の声色に、老成した傲慢な古風の言い回しを乗せる。嘲るような笑いと見下す囁き。力尽きる最後の声。震えて弱まり、途切れる。特定の実在人物の声を模倣しない。
godie-n00b,哆拉A夢,丸く鼻にかかった明るいカートゥーンの声。早口のツッコミと大きな感情の起伏、慌てると跳ねる。通常時の話し方。特定の実在人物の声を模倣しない。,丸く鼻にかかった明るいカートゥーンの声。早口のツッコミと大きな感情の起伏、慌てると跳ねる。攻撃の瞬間の短い掛け声。息が強く乗り、鋭く切れる。特定の実在人物の声を模倣しない。,丸く鼻にかかった明るいカートゥーンの声。早口のツッコミと大きな感情の起伏、慌てると跳ねる。必殺技の解放。感情・音量・音高が最大まで高まり、声を張る。特定の実在人物の声を模倣しない。,丸く鼻にかかった明るいカートゥーンの声。早口のツッコミと大きな感情の起伏、慌てると跳ねる。被弾の苦痛。短い呻きで、息が詰まる。特定の実在人物の声を模倣しない。,丸く鼻にかかった明るいカートゥーンの声。早口のツッコミと大きな感情の起伏、慌てると跳ねる。力尽きる最後の声。震えて弱まり、途切れる。特定の実在人物の声を模倣しない。
godie-n00p,南野秀一,柔らかく上品な中性的な声。丁寧な物腰の奥に危険な冷たさがあり、戦闘では声の温度が下がる。通常時の話し方。特定の実在人物の声を模倣しない。,柔らかく上品な中性的な声。丁寧な物腰の奥に危険な冷たさがあり、戦闘では声の温度が下がる。攻撃の瞬間の短い掛け声。息が強く乗り、鋭く切れる。特定の実在人物の声を模倣しない。,柔らかく上品な中性的な声。丁寧な物腰の奥に危険な冷たさがあり、戦闘では声の温度が下がる。妖狐の本性。音高を下げ、冷酷さを増した低い声で静かに宣告する。特定の実在人物の声を模倣しない。,柔らかく上品な中性的な声。丁寧な物腰の奥に危険な冷たさがあり、戦闘では声の温度が下がる。被弾の苦痛。短い呻きで、息が詰まる。特定の実在人物の声を模倣しない。,柔らかく上品な中性的な声。丁寧な物腰の奥に危険な冷たさがあり、戦闘では声の温度が下がる。力尽きる最後の声。震えて弱まり、途切れる。特定の実在人物の声を模倣しない。
godie-n01c,勇者小呆,明るく真っ直ぐな少年の声。純真で正義感が強く、必殺技で最高潮に張り上げる。通常時の話し方。特定の実在人物の声を模倣しない。,明るく真っ直ぐな少年の声。純真で正義感が強く、必殺技で最高潮に張り上げる。攻撃の瞬間の短い掛け声。息が強く乗り、鋭く切れる。特定の実在人物の声を模倣しない。,明るく真っ直ぐな少年の声。純真で正義感が強く、必殺技で最高潮に張り上げる。必殺技の解放。感情・音量・音高が最大まで高まり、声を張る。特定の実在人物の声を模倣しない。,明るく真っ直ぐな少年の声。純真で正義感が強く、必殺技で最高潮に張り上げる。被弾の苦痛。短い呻きで、息が詰まる。特定の実在人物の声を模倣しない。,明るく真っ直ぐな少年の声。純真で正義感が強く、必殺技で最高潮に張り上げる。力尽きる最後の声。震えて弱まり、途切れる。特定の実在人物の声を模倣しない。
godie-nplh,麻倉葉,力の抜けた飄々とした少年の声。何があっても気だるくのんびりで、戦闘でも熱血にならない。通常時の話し方。特定の実在人物の声を模倣しない。,力の抜けた飄々とした少年の声。何があっても気だるくのんびりで、戦闘でも熱血にならない。攻撃の瞬間の短い掛け声。息が強く乗り、鋭く切れる。特定の実在人物の声を模倣しない。,力の抜けた飄々とした少年の声。何があっても気だるくのんびりで、戦闘でも熱血にならない。必殺技もユルく言う。張り上げず、飄々としたまま少しだけ真剣さを滲ませる。特定の実在人物の声を模倣しない。,力の抜けた飄々とした少年の声。何があっても気だるくのんびりで、戦闘でも熱血にならない。被弾の苦痛。短い呻きで、息が詰まる。特定の実在人物の声を模倣しない。,力の抜けた飄々とした少年の声。何があっても気だるくのんびりで、戦闘でも熱血にならない。力尽きる最後の声。震えて弱まり、途切れる。特定の実在人物の声を模倣しない。
godie-o00k,皮卡娘,高く弾む少女の声にドSの愉悦を乗せる。悪戯っぽい笑いと嗜虐的な挑発。ツンデレ系の怒りとは違う、楽しんでいる残酷さ。通常時の話し方。特定の実在人物の声を模倣しない。,高く弾む少女の声にドSの愉悦を乗せる。悪戯っぽい笑いと嗜虐的な挑発。ツンデレ系の怒りとは違う、楽しんでいる残酷さ。攻撃の瞬間の短い掛け声。息が強く乗り、鋭く切れる。特定の実在人物の声を模倣しない。,高く弾む少女の声にドSの愉悦を乗せる。悪戯っぽい笑いと嗜虐的な挑発。ツンデレ系の怒りとは違う、楽しんでいる残酷さ。必殺技の解放。感情・音量・音高が最大まで高まり、声を張る。特定の実在人物の声を模倣しない。,高く弾む少女の声にドSの愉悦を乗せる。悪戯っぽい笑いと嗜虐的な挑発。ツンデレ系の怒りとは違う、楽しんでいる残酷さ。被弾の苦痛。短い呻きで、息が詰まる。特定の実在人物の声を模倣しない。,高く弾む少女の声にドSの愉悦を乗せる。悪戯っぽい笑いと嗜虐的な挑発。ツンデレ系の怒りとは違う、楽しんでいる残酷さ。力尽きる最後の声。震えて弱まり、途切れる。特定の実在人物の声を模倣しない。
godie-o00l,傑洛士,物腰柔らかな青年の声。語尾が軽く飄々として、笑顔のまま愉しげに脅す薄気味悪さがある。通常時の話し方。特定の実在人物の声を模倣しない。,物腰柔らかな青年の声。語尾が軽く飄々として、笑顔のまま愉しげに脅す薄気味悪さがある。攻撃の瞬間の短い掛け声。息が強く乗り、鋭く切れる。特定の実在人物の声を模倣しない。,物腰柔らかな青年の声。語尾が軽く飄々として、笑顔のまま愉しげに脅す薄気味悪さがある。必殺技の解放。感情・音量・音高が最大まで高まり、声を張る。特定の実在人物の声を模倣しない。,物腰柔らかな青年の声。語尾が軽く飄々として、笑顔のまま愉しげに脅す薄気味悪さがある。被弾の苦痛。短い呻きで、息が詰まる。特定の実在人物の声を模倣しない。,物腰柔らかな青年の声。語尾が軽く飄々として、笑顔のまま愉しげに脅す薄気味悪さがある。力尽きる最後の声。震えて弱まり、途切れる。特定の実在人物の声を模倣しない。
godie-o00x,悟空,明るく素朴な訛りのある成年男性の声。芯が強くハスキーで、戦闘では音高とエネルギーが跳ね上がる。通常時の話し方。特定の実在人物の声を模倣しない。,明るく素朴な訛りのある成年男性の声。芯が強くハスキーで、戦闘では音高とエネルギーが跳ね上がる。攻撃の瞬間の短い掛け声。息が強く乗り、鋭く切れる。特定の実在人物の声を模倣しない。,明るく素朴な訛りのある成年男性の声。芯が強くハスキーで、戦闘では音高とエネルギーが跳ね上がる。必殺技の解放。感情・音量・音高が最大まで高まり、声を張る。特定の実在人物の声を模倣しない。,明るく素朴な訛りのある成年男性の声。芯が強くハスキーで、戦闘では音高とエネルギーが跳ね上がる。被弾の苦痛。短い呻きで、息が詰まる。特定の実在人物の声を模倣しない。,明るく素朴な訛りのある成年男性の声。芯が強くハスキーで、戦闘では音高とエネルギーが跳ね上がる。力尽きる最後の声。震えて弱まり、途切れる。特定の実在人物の声を模倣しない。
godie-o02p,初音,明るく電子的な合成少女の歌声。ピッチは安定し、機械的な透明感と可憐さを持つ。電子的な透明感のある明るい声。人間らしい揺らぎは控えめ。特定の実在人物の声を模倣しない。,明るく電子的な合成少女の歌声。ピッチは安定し、機械的な透明感と可憐さを持つ。攻撃の瞬間の短い掛け声。息が強く乗り、鋭く切れる。特定の実在人物の声を模倣しない。,明るく電子的な合成少女の歌声。ピッチは安定し、機械的な透明感と可憐さを持つ。必殺技の解放。感情・音量・音高が最大まで高まり、声を張る。特定の実在人物の声を模倣しない。,明るく電子的な合成少女の歌声。ピッチは安定し、機械的な透明感と可憐さを持つ。被弾の苦痛。短い呻きで、息が詰まる。特定の実在人物の声を模倣しない。,明るく電子的な合成少女の歌声。ピッチは安定し、機械的な透明感と可憐さを持つ。力尽きる最後の声。震えて弱まり、途切れる。特定の実在人物の声を模倣しない。
godie-ofar,皮卡丘,高く短い音節の鳴き声のみ。音程と抑揚だけで喜び・警戒・痛み・放電を表現する。言葉は話さない。機嫌のよい弾む鳴き声。特定の実在人物の声を模倣しない。,高く短い音節の鳴き声のみ。音程と抑揚だけで喜び・警戒・痛み・放電を表現する。言葉は話さない。鋭く短い威嚇の鳴き声。特定の実在人物の声を模倣しない。,高く短い音節の鳴き声のみ。音程と抑揚だけで喜び・警戒・痛み・放電を表現する。言葉は話さない。放電。限界まで張り上げ引き伸ばした全力の鳴き声。特定の実在人物の声を模倣しない。,高く短い音節の鳴き声のみ。音程と抑揚だけで喜び・警戒・痛み・放電を表現する。言葉は話さない。痛みで裏返る短い鳴き声。特定の実在人物の声を模倣しない。,高く短い音節の鳴き声のみ。音程と抑揚だけで喜び・警戒・痛み・放電を表現する。言葉は話さない。力なく萎んでいく小さな鳴き声。特定の実在人物の声を模倣しない。
godie-ogld,黑人牙膏,礼儀正しく自信に満ちたプロフェッショナルな低めの男性の声。丁寧で物静かな口調の下に威圧を潜ませ、決して声を荒げない。通常時の話し方。特定の実在人物の声を模倣しない。,礼儀正しく自信に満ちたプロフェッショナルな低めの男性の声。丁寧で物静かな口調の下に威圧を潜ませ、決して声を荒げない。声を荒げず、短く鋭い一言で切り落とす。特定の実在人物の声を模倣しない。,礼儀正しく自信に満ちたプロフェッショナルな低めの男性の声。丁寧で物静かな口調の下に威圧を潜ませ、決して声を荒げない。大技でも荒げない。静かな確信のまま、逃げ場のない宣告をする。特定の実在人物の声を模倣しない。,礼儀正しく自信に満ちたプロフェッショナルな低めの男性の声。丁寧で物静かな口調の下に威圧を潜ませ、決して声を荒げない。被弾の苦痛。短い呻きで、息が詰まる。特定の実在人物の声を模倣しない。,礼儀正しく自信に満ちたプロフェッショナルな低めの男性の声。丁寧で物静かな口調の下に威圧を潜ませ、決して声を荒げない。力尽きる最後の声。震えて弱まり、途切れる。特定の実在人物の声を模倣しない。
godie-orkn,臭作,中年男の油じみた息混じりの声。作り物の親切さと下卑た含み笑い。過度にカートゥーン化しない生々しさ。通常時の話し方。特定の実在人物の声を模倣しない。,中年男の油じみた息混じりの声。作り物の親切さと下卑た含み笑い。過度にカートゥーン化しない生々しさ。攻撃の瞬間の短い掛け声。息が強く乗り、鋭く切れる。特定の実在人物の声を模倣しない。,中年男の油じみた息混じりの声。作り物の親切さと下卑た含み笑い。過度にカートゥーン化しない生々しさ。必殺技の解放。感情・音量・音高が最大まで高まり、声を張る。特定の実在人物の声を模倣しない。,中年男の油じみた息混じりの声。作り物の親切さと下卑た含み笑い。過度にカートゥーン化しない生々しさ。被弾の苦痛。短い呻きで、息が詰まる。特定の実在人物の声を模倣しない。,中年男の油じみた息混じりの声。作り物の親切さと下卑た含み笑い。過度にカートゥーン化しない生々しさ。力尽きる最後の声。震えて弱まり、途切れる。特定の実在人物の声を模倣しない。
godie-osam,殺生丸,平坦で低い男性の声。感情をほぼ出さず、短い一言だけで圧をかける貴族的な冷酷さ。長い叫びより短い台詞が効く。通常時の話し方。特定の実在人物の声を模倣しない。,平坦で低い男性の声。感情をほぼ出さず、短い一言だけで圧をかける貴族的な冷酷さ。長い叫びより短い台詞が効く。攻撃の瞬間の短い掛け声。息が強く乗り、鋭く切れる。特定の実在人物の声を模倣しない。,平坦で低い男性の声。感情をほぼ出さず、短い一言だけで圧をかける貴族的な冷酷さ。長い叫びより短い台詞が効く。大技でも声を張らない。むしろ声を低く静め、絶対零度の宣告で終わらせる。特定の実在人物の声を模倣しない。,平坦で低い男性の声。感情をほぼ出さず、短い一言だけで圧をかける貴族的な冷酷さ。長い叫びより短い台詞が効く。被弾の苦痛。短い呻きで、息が詰まる。特定の実在人物の声を模倣しない。,平坦で低い男性の声。感情をほぼ出さず、短い一言だけで圧をかける貴族的な冷酷さ。長い叫びより短い台詞が効く。力尽きる最後の声。震えて弱まり、途切れる。特定の実在人物の声を模倣しない。
godie-u00h,鬼畜狂刀KYO,粗く野性的な低音の青年の声。好戦的で邪気のある不敵な笑いを含み、一護よりも遅く構えて邪気が濃い。通常時の話し方。特定の実在人物の声を模倣しない。,粗く野性的な低音の青年の声。好戦的で邪気のある不敵な笑いを含み、一護よりも遅く構えて邪気が濃い。攻撃の瞬間の短い掛け声。息が強く乗り、鋭く切れる。特定の実在人物の声を模倣しない。,粗く野性的な低音の青年の声。好戦的で邪気のある不敵な笑いを含み、一護よりも遅く構えて邪気が濃い。必殺技の解放。感情・音量・音高が最大まで高まり、声を張る。特定の実在人物の声を模倣しない。,粗く野性的な低音の青年の声。好戦的で邪気のある不敵な笑いを含み、一護よりも遅く構えて邪気が濃い。被弾の苦痛。短い呻きで、息が詰まる。特定の実在人物の声を模倣しない。,粗く野性的な低音の青年の声。好戦的で邪気のある不敵な笑いを含み、一護よりも遅く構えて邪気が濃い。力尽きる最後の声。震えて弱まり、途切れる。特定の実在人物の声を模倣しない。
godie-u00j,賽菲洛斯,深く滑らかに共鳴する低音。優雅で遅く、囁きに底知れぬ狂気と余裕を含む神性の圧迫感。普通の戦闘怒号は使わない。通常時の話し方。特定の実在人物の声を模倣しない。,深く滑らかに共鳴する低音。優雅で遅く、囁きに底知れぬ狂気と余裕を含む神性の圧迫感。普通の戦闘怒号は使わない。攻撃の瞬間の短い掛け声。息が強く乗り、鋭く切れる。特定の実在人物の声を模倣しない。,深く滑らかに共鳴する低音。優雅で遅く、囁きに底知れぬ狂気と余裕を含む神性の圧迫感。普通の戦闘怒号は使わない。怒号ではなく、荘厳に引き伸ばした宣告。世界を見下ろす静かな圧で満たす。特定の実在人物の声を模倣しない。,深く滑らかに共鳴する低音。優雅で遅く、囁きに底知れぬ狂気と余裕を含む神性の圧迫感。普通の戦闘怒号は使わない。被弾の苦痛。短い呻きで、息が詰まる。特定の実在人物の声を模倣しない。,深く滑らかに共鳴する低音。優雅で遅く、囁きに底知れぬ狂気と余裕を含む神性の圧迫感。普通の戦闘怒号は使わない。力尽きる最後の声。震えて弱まり、途切れる。特定の実在人物の声を模倣しない。
godie-u00k,死之王,極端に低く遅い宣告調の声。宗教的な魔王の威厳で、一語一語を刻むように告げる。呂布のような猛々しさは無い、冷たい沈み込む低音。通常時の話し方。特定の実在人物の声を模倣しない。,極端に低く遅い宣告調の声。宗教的な魔王の威厳で、一語一語を刻むように告げる。呂布のような猛々しさは無い、冷たい沈み込む低音。攻撃の瞬間の短い掛け声。息が強く乗り、鋭く切れる。特定の実在人物の声を模倣しない。,極端に低く遅い宣告調の声。宗教的な魔王の威厳で、一語一語を刻むように告げる。呂布のような猛々しさは無い、冷たい沈み込む低音。死の宣告。最低音で時間が止まるほど遅く、逃れられない終わりを告げる。特定の実在人物の声を模倣しない。,極端に低く遅い宣告調の声。宗教的な魔王の威厳で、一語一語を刻むように告げる。呂布のような猛々しさは無い、冷たい沈み込む低音。被弾の苦痛。短い呻きで、息が詰まる。特定の実在人物の声を模倣しない。,極端に低く遅い宣告調の声。宗教的な魔王の威厳で、一語一語を刻むように告げる。呂布のような猛々しさは無い、冷たい沈み込む低音。力尽きる最後の声。震えて弱まり、途切れる。特定の実在人物の声を模倣しない。
godie-u00l,拳四郎,硬派な男の低く静かな声と、連続する短い裂帛の気合いの落差。冷たい一言と爆発の対比が命。通常時の話し方。特定の実在人物の声を模倣しない。,硬派な男の低く静かな声と、連続する短い裂帛の気合いの落差。冷たい一言と爆発の対比が命。高速で連続する短い気合いの連打。一音一音が鋭く弾ける。特定の実在人物の声を模倣しない。,硬派な男の低く静かな声と、連続する短い裂帛の気合いの落差。冷たい一言と爆発の対比が命。必殺技の解放。感情・音量・音高が最大まで高まり、声を張る。特定の実在人物の声を模倣しない。,硬派な男の低く静かな声と、連続する短い裂帛の気合いの落差。冷たい一言と爆発の対比が命。被弾の苦痛。短い呻きで、息が詰まる。特定の実在人物の声を模倣しない。,硬派な男の低く静かな声と、連続する短い裂帛の気合いの落差。冷たい一言と爆発の対比が命。力尽きる最後の声。震えて弱まり、途切れる。特定の実在人物の声を模倣しない。
godie-u00n,蒙其.D.魯夫,鼻にかかったハスキーで高エネルギーの少年の声。底抜けに大きな笑いと真っ直ぐな叫び。普通の可愛い子供声にはしない。通常時の話し方。特定の実在人物の声を模倣しない。,鼻にかかったハスキーで高エネルギーの少年の声。底抜けに大きな笑いと真っ直ぐな叫び。普通の可愛い子供声にはしない。攻撃の瞬間の短い掛け声。息が強く乗り、鋭く切れる。特定の実在人物の声を模倣しない。,鼻にかかったハスキーで高エネルギーの少年の声。底抜けに大きな笑いと真っ直ぐな叫び。普通の可愛い子供声にはしない。必殺技の解放。感情・音量・音高が最大まで高まり、声を張る。特定の実在人物の声を模倣しない。,鼻にかかったハスキーで高エネルギーの少年の声。底抜けに大きな笑いと真っ直ぐな叫び。普通の可愛い子供声にはしない。被弾の苦痛。短い呻きで、息が詰まる。特定の実在人物の声を模倣しない。,鼻にかかったハスキーで高エネルギーの少年の声。底抜けに大きな笑いと真っ直ぐな叫び。普通の可愛い子供声にはしない。力尽きる最後の声。震えて弱まり、途切れる。特定の実在人物の声を模倣しない。
godie-u00v,基廉列克,言葉を話さない。低い唸り、鼻息、押し殺した怒気が爆発する短い咆哮、衝撃音のような発声のみ。静かな鼻息と低い唸り。不機嫌な沈黙の圧。特定の実在人物の声を模倣しない。,言葉を話さない。低い唸り、鼻息、押し殺した怒気が爆発する短い咆哮、衝撃音のような発声のみ。攻撃の瞬間の短い掛け声。息が強く乗り、鋭く切れる。特定の実在人物の声を模倣しない。,言葉を話さない。低い唸り、鼻息、押し殺した怒気が爆発する短い咆哮、衝撃音のような発声のみ。溜め込んだ怒気の大爆発。言葉にならない轟音の咆哮。特定の実在人物の声を模倣しない。,言葉を話さない。低い唸り、鼻息、押し殺した怒気が爆発する短い咆哮、衝撃音のような発声のみ。被弾の苦痛。短い呻きで、息が詰まる。特定の実在人物の声を模倣しない。,言葉を話さない。低い唸り、鼻息、押し殺した怒気が爆発する短い咆哮、衝撃音のような発声のみ。力尽きる最後の声。震えて弱まり、途切れる。特定の実在人物の声を模倣しない。
godie-u010,飛影,高めの位置で鋭く尖った男性の声。短く傲慢な吐き捨てで、奥義の時だけ爆発的な咆哮に膨れ上がる。通常時の話し方。特定の実在人物の声を模倣しない。,高めの位置で鋭く尖った男性の声。短く傲慢な吐き捨てで、奥義の時だけ爆発的な咆哮に膨れ上がる。攻撃の瞬間の短い掛け声。息が強く乗り、鋭く切れる。特定の実在人物の声を模倣しない。,高めの位置で鋭く尖った男性の声。短く傲慢な吐き捨てで、奥義の時だけ爆発的な咆哮に膨れ上がる。必殺技の解放。感情・音量・音高が最大まで高まり、声を張る。特定の実在人物の声を模倣しない。,高めの位置で鋭く尖った男性の声。短く傲慢な吐き捨てで、奥義の時だけ爆発的な咆哮に膨れ上がる。被弾の苦痛。短い呻きで、息が詰まる。特定の実在人物の声を模倣しない。,高めの位置で鋭く尖った男性の声。短く傲慢な吐き捨てで、奥義の時だけ爆発的な咆哮に膨れ上がる。力尽きる最後の声。震えて弱まり、途切れる。特定の実在人物の声を模倣しない。
godie-u01u,索隆,低く気だるい侍の声。面倒くさげでドスの効いた平坦さと、技名を叫ぶ時の豪快な気迫の対比。通常時の話し方。特定の実在人物の声を模倣しない。,低く気だるい侍の声。面倒くさげでドスの効いた平坦さと、技名を叫ぶ時の豪快な気迫の対比。攻撃の瞬間の短い掛け声。息が強く乗り、鋭く切れる。特定の実在人物の声を模倣しない。,低く気だるい侍の声。面倒くさげでドスの効いた平坦さと、技名を叫ぶ時の豪快な気迫の対比。必殺技の解放。感情・音量・音高が最大まで高まり、声を張る。特定の実在人物の声を模倣しない。,低く気だるい侍の声。面倒くさげでドスの効いた平坦さと、技名を叫ぶ時の豪快な気迫の対比。被弾の苦痛。短い呻きで、息が詰まる。特定の実在人物の声を模倣しない。,低く気だるい侍の声。面倒くさげでドスの効いた平坦さと、技名を叫ぶ時の豪快な気迫の対比。力尽きる最後の声。震えて弱まり、途切れる。特定の実在人物の声を模倣しない。
godie-ubal,巴恩大魔王,老いて深い威厳の声。絶対の自信でゆっくり朗々と語る帝王の演説口調。荘重で決して揺るがない。通常時の話し方。特定の実在人物の声を模倣しない。,老いて深い威厳の声。絶対の自信でゆっくり朗々と語る帝王の演説口調。荘重で決して揺るがない。攻撃の瞬間の短い掛け声。息が強く乗り、鋭く切れる。特定の実在人物の声を模倣しない。,老いて深い威厳の声。絶対の自信でゆっくり朗々と語る帝王の演説口調。荘重で決して揺るがない。必殺技の解放。感情・音量・音高が最大まで高まり、声を張る。特定の実在人物の声を模倣しない。,老いて深い威厳の声。絶対の自信でゆっくり朗々と語る帝王の演説口調。荘重で決して揺るがない。被弾の苦痛。短い呻きで、息が詰まる。特定の実在人物の声を模倣しない。,老いて深い威厳の声。絶対の自信でゆっくり朗々と語る帝王の演説口調。荘重で決して揺るがない。力尽きる最後の声。震えて弱まり、途切れる。特定の実在人物の声を模倣しない。
godie-udea,飛鼠先生,鼻腔共鳴の強い尖った子供っぽい声。高速で生意気にまくし立てるツッコミと嘴砲。通常時の話し方。特定の実在人物の声を模倣しない。,鼻腔共鳴の強い尖った子供っぽい声。高速で生意気にまくし立てるツッコミと嘴砲。技を放つ瞬間だけ急に大げさで中二病的な高張力の宣言に変わる。特定の実在人物の声を模倣しない。,鼻腔共鳴の強い尖った子供っぽい声。高速で生意気にまくし立てるツッコミと嘴砲。チートコードを唱えるかのような、過剰に芝居がかった中二病全開の必殺宣言。特定の実在人物の声を模倣しない。,鼻腔共鳴の強い尖った子供っぽい声。高速で生意気にまくし立てるツッコミと嘴砲。被弾の苦痛。短い呻きで、息が詰まる。特定の実在人物の声を模倣しない。,鼻腔共鳴の強い尖った子供っぽい声。高速で生意気にまくし立てるツッコミと嘴砲。力尽きる最後の声。震えて弱まり、途切れる。特定の実在人物の声を模倣しない。
godie-hblm,慈悲的王者－賈修貝爾,明るく澄んだ天真な男の子の声。素直で真っ直ぐ、呪文の詠唱では急に力強く張りが出る。大人びさせない。通常時の話し方。特定の実在人物の声を模倣しない。,明るく澄んだ天真な男の子の声。素直で真っ直ぐ、呪文の詠唱では急に力強く張りが出る。大人びさせない。攻撃の瞬間の短い掛け声。息が強く乗り、鋭く切れる。特定の実在人物の声を模倣しない。,明るく澄んだ天真な男の子の声。素直で真っ直ぐ、呪文の詠唱では急に力強く張りが出る。大人びさせない。最大の呪文。幼さを残したまま全力で張り上げ、真っ直ぐな決意の詠唱で解き放つ。特定の実在人物の声を模倣しない。,明るく澄んだ天真な男の子の声。素直で真っ直ぐ、呪文の詠唱では急に力強く張りが出る。大人びさせない。被弾の苦痛。短い呻きで、息が詰まる。特定の実在人物の声を模倣しない。,明るく澄んだ天真な男の子の声。素直で真っ直ぐ、呪文の詠唱では急に力強く張りが出る。大人びさせない。力尽きる最後の声。震えて弱まり、途切れる。特定の実在人物の声を模倣しない。
godie-efur,揍敵客大家長－揍敵客桀諾,低く嗄れた老人の声。老練な暗殺者の家長らしく、殺気を内に収めて静かに語る。張り上げず、余裕と圧だけで威す。通常時の話し方。特定の実在人物の声を模倣しない。,低く嗄れた老人の声。老練な暗殺者の家長らしく、殺気を内に収めて静かに語る。張り上げず、余裕と圧だけで威す。攻撃の瞬間の短い掛け声。息が強く乗り、鋭く切れる。特定の実在人物の声を模倣しない。,低く嗄れた老人の声。老練な暗殺者の家長らしく、殺気を内に収めて静かに語る。張り上げず、余裕と圧だけで威す。大技でも吼えない。声を一段低く沈め、静かな確信とともに宣告する。特定の実在人物の声を模倣しない。,低く嗄れた老人の声。老練な暗殺者の家長らしく、殺気を内に収めて静かに語る。張り上げず、余裕と圧だけで威す。被弾の苦痛。短い呻きで、息が詰まる。特定の実在人物の声を模倣しない。,低く嗄れた老人の声。老練な暗殺者の家長らしく、殺気を内に収めて静かに語る。張り上げず、余裕と圧だけで威す。力尽きる最後の声。震えて弱まり、途切れる。特定の実在人物の声を模倣しない。
godie-zombiex,聖杯黑泥醬－喪標麥可,台湾語なまりの粗く高エネルギーな成人男性の声。台湾語の俚語を織り交ぜて高速でまくし立てる、誇張の大きい喜劇の勢い。他のキャラと混ざらない独自の粗さを保つ。通常時の話し方。特定の実在人物の声を模倣しない。,台湾語なまりの粗く高エネルギーな成人男性の声。台湾語の俚語を織り交ぜて高速でまくし立てる、誇張の大きい喜劇の勢い。他のキャラと混ざらない独自の粗さを保つ。台湾語のリズムで短く景気よく吼える攻撃の掛け声。特定の実在人物の声を模倣しない。,台湾語なまりの粗く高エネルギーな成人男性の声。台湾語の俚語を織り交ぜて高速でまくし立てる、誇張の大きい喜劇の勢い。他のキャラと混ざらない独自の粗さを保つ。大笑いを交えつつ、誇張全開で最大限に張り上げる必殺宣言。特定の実在人物の声を模倣しない。,台湾語なまりの粗く高エネルギーな成人男性の声。台湾語の俚語を織り交ぜて高速でまくし立てる、誇張の大きい喜劇の勢い。他のキャラと混ざらない独自の粗さを保つ。被弾の苦痛。短い呻きで、息が詰まる。特定の実在人物の声を模倣しない。,台湾語なまりの粗く高エネルギーな成人男性の声。台湾語の俚語を織り交ぜて高速でまくし立てる、誇張の大きい喜劇の勢い。他のキャラと混ざらない独自の粗さを保つ。力尽きる最後の声。震えて弱まり、途切れる。特定の実在人物の声を模倣しない。
community-review-14-20260907,殺老師,明るく軽妙な中音域の男声。鼻にかかった「ヌルフフフ」の含み笑いとコミカルな早口が基調で、生徒を諭す場面では一転して穏やかで落ち着いた教師の声に切り替わる。通常時の話し方。特定の実在人物の声を模倣しない。,明るく軽妙な中音域の男声。鼻にかかった「ヌルフフフ」の含み笑いとコミカルな早口が基調で、生徒を諭す場面では一転して穏やかで落ち着いた教師の声に切り替わる。攻撃の瞬間の短い掛け声。息が強く乗り、鋭く切れる。特定の実在人物の声を模倣しない。,明るく軽妙な中音域の男声。鼻にかかった「ヌルフフフ」の含み笑いとコミカルな早口が基調で、生徒を諭す場面では一転して穏やかで落ち着いた教師の声に切り替わる。「ヌルフフフ」の含み笑い／マッハ20で逃げる時の慌てた高い声と、諭す時の穏やかな教師声特定の実在人物の声を模倣しない。,明るく軽妙な中音域の男声。鼻にかかった「ヌルフフフ」の含み笑いとコミカルな早口が基調で、生徒を諭す場面では一転して穏やかで落ち着いた教師の声に切り替わる。被弾の苦痛。短い呻きで、息が詰まる。特定の実在人物の声を模倣しない。,明るく軽妙な中音域の男声。鼻にかかった「ヌルフフフ」の含み笑いとコミカルな早口が基調で、生徒を諭す場面では一転して穏やかで落ち着いた教師の声に切り替わる。力尽きる最後の声。震えて弱まり、途切れる。特定の実在人物の声を模倣しない。
community-review-15-20260907,比利海靈頓,実在のアメリカ人男性の低めで太いバリトン英語音声。meme では『Workout: Muscle Fantasies 3』等の英語台詞が空耳（「歪みねぇな」「新日暮里」等）として使われる、豪快で芝居がかった掛け声。通常時の話し方。特定の実在人物の声を模倣しない。,実在のアメリカ人男性の低めで太いバリトン英語音声。meme では『Workout: Muscle Fantasies 3』等の英語台詞が空耳（「歪みねぇな」「新日暮里」等）として使われる、豪快で芝居がかった掛け声。攻撃の瞬間の短い掛け声。息が強く乗り、鋭く切れる。特定の実在人物の声を模倣しない。,実在のアメリカ人男性の低めで太いバリトン英語音声。meme では『Workout: Muscle Fantasies 3』等の英語台詞が空耳（「歪みねぇな」「新日暮里」等）として使われる、豪快で芝居がかった掛け声。豪快な掛け声・挑発（空耳の元になった英語の叫び）特定の実在人物の声を模倣しない。,実在のアメリカ人男性の低めで太いバリトン英語音声。meme では『Workout: Muscle Fantasies 3』等の英語台詞が空耳（「歪みねぇな」「新日暮里」等）として使われる、豪快で芝居がかった掛け声。被弾の苦痛。短い呻きで、息が詰まる。特定の実在人物の声を模倣しない。,実在のアメリカ人男性の低めで太いバリトン英語音声。meme では『Workout: Muscle Fantasies 3』等の英語台詞が空耳（「歪みねぇな」「新日暮里」等）として使われる、豪快で芝居がかった掛け声。力尽きる最後の声。震えて弱まり、途切れる。特定の実在人物の声を模倣しない。
community-review-16-20260907,魔法少女☆伊莉雅,高く幼い少女の声。無邪気で明るく、感情がそのまま乗る素直な発声。魔法少女として戦う時は張った可愛らしい叫びになる。通常時の話し方。特定の実在人物の声を模倣しない。,高く幼い少女の声。無邪気で明るく、感情がそのまま乗る素直な発声。魔法少女として戦う時は張った可愛らしい叫びになる。攻撃の瞬間の短い掛け声。息が強く乗り、鋭く切れる。特定の実在人物の声を模倣しない。,高く幼い少女の声。無邪気で明るく、感情がそのまま乗る素直な発声。魔法少女として戦う時は張った可愛らしい叫びになる。変身・必殺技名を張り上げる元気な叫び／泣きそうな声からの決意特定の実在人物の声を模倣しない。,高く幼い少女の声。無邪気で明るく、感情がそのまま乗る素直な発声。魔法少女として戦う時は張った可愛らしい叫びになる。被弾の苦痛。短い呻きで、息が詰まる。特定の実在人物の声を模倣しない。,高く幼い少女の声。無邪気で明るく、感情がそのまま乗る素直な発声。魔法少女として戦う時は張った可愛らしい叫びになる。力尽きる最後の声。震えて弱まり、途切れる。特定の実在人物の声を模倣しない。
community-review-17-20260907,安茲·烏爾·恭,低く重厚で威圧感のある男声。支配者としてゆっくり朗々と言い放つ口調が基調で、内心のモノローグでは砕けた普通の青年声に落ちる二面性がある。通常時の話し方。特定の実在人物の声を模倣しない。,低く重厚で威圧感のある男声。支配者としてゆっくり朗々と言い放つ口調が基調で、内心のモノローグでは砕けた普通の青年声に落ちる二面性がある。攻撃の瞬間の短い掛け声。息が強く乗り、鋭く切れる。特定の実在人物の声を模倣しない。,低く重厚で威圧感のある男声。支配者としてゆっくり朗々と言い放つ口調が基調で、内心のモノローグでは砕けた普通の青年声に落ちる二面性がある。支配者としての威圧的な宣告／超位魔法名の朗唱、慌てる内心モノローグとの落差特定の実在人物の声を模倣しない。,低く重厚で威圧感のある男声。支配者としてゆっくり朗々と言い放つ口調が基調で、内心のモノローグでは砕けた普通の青年声に落ちる二面性がある。被弾の苦痛。短い呻きで、息が詰まる。特定の実在人物の声を模倣しない。,低く重厚で威圧感のある男声。支配者としてゆっくり朗々と言い放つ口調が基調で、内心のモノローグでは砕けた普通の青年声に落ちる二面性がある。力尽きる最後の声。震えて弱まり、途切れる。特定の実在人物の声を模倣しない。
community-review-18-20260907,吉爾伽美什,張りのある高慢な中高音の男声。傲岸不遜に見下す王の口調で、朗々とした宣言と高笑いが特徴。怒りに転じると低く鋭い威圧になる。通常時の話し方。特定の実在人物の声を模倣しない。,張りのある高慢な中高音の男声。傲岸不遜に見下す王の口調で、朗々とした宣言と高笑いが特徴。怒りに転じると低く鋭い威圧になる。攻撃の瞬間の短い掛け声。息が強く乗り、鋭く切れる。特定の実在人物の声を模倣しない。,張りのある高慢な中高音の男声。傲岸不遜に見下す王の口調で、朗々とした宣言と高笑いが特徴。怒りに転じると低く鋭い威圧になる。「雑種！」の嘲笑・高笑いと、宝具「エヌマ・エリシュ」発動の咆哮特定の実在人物の声を模倣しない。,張りのある高慢な中高音の男声。傲岸不遜に見下す王の口調で、朗々とした宣言と高笑いが特徴。怒りに転じると低く鋭い威圧になる。被弾の苦痛。短い呻きで、息が詰まる。特定の実在人物の声を模倣しない。,張りのある高慢な中高音の男声。傲岸不遜に見下す王の口調で、朗々とした宣言と高笑いが特徴。怒りに転じると低く鋭い威圧になる。力尽きる最後の声。震えて弱まり、途切れる。特定の実在人物の声を模倣しない。
community-review-19-20260907,桐谷和人,やや低めで落ち着いた少年〜青年声。普段は抑えた淡々とした口調だが、戦闘では一気に熱を帯び、掠れるほど張り上げて叫ぶ。通常時の話し方。特定の実在人物の声を模倣しない。,やや低めで落ち着いた少年〜青年声。普段は抑えた淡々とした口調だが、戦闘では一気に熱を帯び、掠れるほど張り上げて叫ぶ。攻撃の瞬間の短い掛け声。息が強く乗り、鋭く切れる。特定の実在人物の声を模倣しない。,やや低めで落ち着いた少年〜青年声。普段は抑えた淡々とした口調だが、戦闘では一気に熱を帯び、掠れるほど張り上げて叫ぶ。二刀流発動時の張り詰めた叫び（「スターバースト・ストリーム！」）特定の実在人物の声を模倣しない。,やや低めで落ち着いた少年〜青年声。普段は抑えた淡々とした口調だが、戦闘では一気に熱を帯び、掠れるほど張り上げて叫ぶ。被弾の苦痛。短い呻きで、息が詰まる。特定の実在人物の声を模倣しない。,やや低めで落ち着いた少年〜青年声。普段は抑えた淡々とした口調だが、戦闘では一気に熱を帯び、掠れるほど張り上げて叫ぶ。力尽きる最後の声。震えて弱まり、途切れる。特定の実在人物の声を模倣しない。
community-review-20-20260907,御坂美琴,明るくハリのある中高音の少女声。勝ち気でツンとした口調が基調で、照れると声が裏返り、怒ると勢いよく張り上げる。通常時の話し方。特定の実在人物の声を模倣しない。,明るくハリのある中高音の少女声。勝ち気でツンとした口調が基調で、照れると声が裏返り、怒ると勢いよく張り上げる。攻撃の瞬間の短い掛け声。息が強く乗り、鋭く切れる。特定の実在人物の声を模倣しない。,明るくハリのある中高音の少女声。勝ち気でツンとした口調が基調で、照れると声が裏返り、怒ると勢いよく張り上げる。超電磁砲を撃つ時の気合の一喝／「ビリビリ」と呼ばれた時の怒声特定の実在人物の声を模倣しない。,明るくハリのある中高音の少女声。勝ち気でツンとした口調が基調で、照れると声が裏返り、怒ると勢いよく張り上げる。被弾の苦痛。短い呻きで、息が詰まる。特定の実在人物の声を模倣しない。,明るくハリのある中高音の少女声。勝ち気でツンとした口調が基調で、照れると声が裏返り、怒ると勢いよく張り上げる。力尽きる最後の声。震えて弱まり、途切れる。特定の実在人物の声を模倣しない。
community-review-21-20260907,鹿目圓,柔らかく高めの少女声。控えめで優しい、息の混じった話し方が基調。決意の場面では震えながらも芯の通った声になり、泣き声との振れ幅が大きい。通常時の話し方。特定の実在人物の声を模倣しない。,柔らかく高めの少女声。控えめで優しい、息の混じった話し方が基調。決意の場面では震えながらも芯の通った声になり、泣き声との振れ幅が大きい。攻撃の瞬間の短い掛け声。息が強く乗り、鋭く切れる。特定の実在人物の声を模倣しない。,柔らかく高めの少女声。控えめで優しい、息の混じった話し方が基調。決意の場面では震えながらも芯の通った声になり、泣き声との振れ幅が大きい。静かな決意の告白（涙声からの芯のある一言）／弓を引く時の小さな気合特定の実在人物の声を模倣しない。,柔らかく高めの少女声。控えめで優しい、息の混じった話し方が基調。決意の場面では震えながらも芯の通った声になり、泣き声との振れ幅が大きい。被弾の苦痛。短い呻きで、息が詰まる。特定の実在人物の声を模倣しない。,柔らかく高めの少女声。控えめで優しい、息の混じった話し方が基調。決意の場面では震えながらも芯の通った声になり、泣き声との振れ幅が大きい。力尽きる最後の声。震えて弱まり、途切れる。特定の実在人物の声を模倣しない。
community-review-22-20260907,菜月昴,軽くよく通る中音の青年声。テンション高めの早口ツッコミ・ボケが基調だが、絶望時は掠れた絶叫や嗚咽まで振れ幅が非常に大きい。通常時の話し方。特定の実在人物の声を模倣しない。,軽くよく通る中音の青年声。テンション高めの早口ツッコミ・ボケが基調だが、絶望時は掠れた絶叫や嗚咽まで振れ幅が非常に大きい。攻撃の瞬間の短い掛け声。息が強く乗り、鋭く切れる。特定の実在人物の声を模倣しない。,軽くよく通る中音の青年声。テンション高めの早口ツッコミ・ボケが基調だが、絶望時は掠れた絶叫や嗚咽まで振れ幅が非常に大きい。「死に戻り」後の絶望の絶叫・慟哭と、立ち直った時の掠れた決意特定の実在人物の声を模倣しない。,軽くよく通る中音の青年声。テンション高めの早口ツッコミ・ボケが基調だが、絶望時は掠れた絶叫や嗚咽まで振れ幅が非常に大きい。被弾の苦痛。短い呻きで、息が詰まる。特定の実在人物の声を模倣しない。,軽くよく通る中音の青年声。テンション高めの早口ツッコミ・ボケが基調だが、絶望時は掠れた絶叫や嗚咽まで振れ幅が非常に大きい。力尽きる最後の声。震えて弱まり、途切れる。特定の実在人物の声を模倣しない。
community-review-23-20260907,坂田銀時,気だるく低めの男声。やる気のないダラけた語り口とツッコミの絶叫を行き来し、決め台詞では低く据わった真剣な声に切り替わる。通常時の話し方。特定の実在人物の声を模倣しない。,気だるく低めの男声。やる気のないダラけた語り口とツッコミの絶叫を行き来し、決め台詞では低く据わった真剣な声に切り替わる。攻撃の瞬間の短い掛け声。息が強く乗り、鋭く切れる。特定の実在人物の声を模倣しない。,気だるく低めの男声。やる気のないダラけた語り口とツッコミの絶叫を行き来し、決め台詞では低く据わった真剣な声に切り替わる。気だるいボヤキ→ツッコミの絶叫→締めの低い決め台詞という三段の落差特定の実在人物の声を模倣しない。,気だるく低めの男声。やる気のないダラけた語り口とツッコミの絶叫を行き来し、決め台詞では低く据わった真剣な声に切り替わる。被弾の苦痛。短い呻きで、息が詰まる。特定の実在人物の声を模倣しない。,気だるく低めの男声。やる気のないダラけた語り口とツッコミの絶叫を行き来し、決め台詞では低く据わった真剣な声に切り替わる。力尽きる最後の声。震えて弱まり、途切れる。特定の実在人物の声を模倣しない。
community-review-24-20260907,奇犽,少年役の女性声優によるややハスキーな中高音のボーイッシュ声。生意気で軽い口調が基調で、殺気を帯びると低く冷たく平坦になる。通常時の話し方。特定の実在人物の声を模倣しない。,少年役の女性声優によるややハスキーな中高音のボーイッシュ声。生意気で軽い口調が基調で、殺気を帯びると低く冷たく平坦になる。攻撃の瞬間の短い掛け声。息が強く乗り、鋭く切れる。特定の実在人物の声を模倣しない。,少年役の女性声優によるややハスキーな中高音のボーイッシュ声。生意気で軽い口調が基調で、殺気を帯びると低く冷たく平坦になる。「神速」発動時の低く冷たい呟き／ゴンを呼ぶ切迫した叫び特定の実在人物の声を模倣しない。,少年役の女性声優によるややハスキーな中高音のボーイッシュ声。生意気で軽い口調が基調で、殺気を帯びると低く冷たく平坦になる。被弾の苦痛。短い呻きで、息が詰まる。特定の実在人物の声を模倣しない。,少年役の女性声優によるややハスキーな中高音のボーイッシュ声。生意気で軽い口調が基調で、殺気を帯びると低く冷たく平坦になる。力尽きる最後の声。震えて弱まり、途切れる。特定の実在人物の声を模倣しない。
community-review-25-20260907,一拳超人,平坦で気の抜けた中低音の男声。感情の起伏が乏しい棒読み気味の脱力トーンが基調で、ごく稀に低く真剣な声を出す。通常時の話し方。特定の実在人物の声を模倣しない。,平坦で気の抜けた中低音の男声。感情の起伏が乏しい棒読み気味の脱力トーンが基調で、ごく稀に低く真剣な声を出す。攻撃の瞬間の短い掛け声。息が強く乗り、鋭く切れる。特定の実在人物の声を模倣しない。,平坦で気の抜けた中低音の男声。感情の起伏が乏しい棒読み気味の脱力トーンが基調で、ごく稀に低く真剣な声を出す。脱力した「マジ殴り」宣言の低い一言／無感情なツッコミ「あ、そう」特定の実在人物の声を模倣しない。,平坦で気の抜けた中低音の男声。感情の起伏が乏しい棒読み気味の脱力トーンが基調で、ごく稀に低く真剣な声を出す。被弾の苦痛。短い呻きで、息が詰まる。特定の実在人物の声を模倣しない。,平坦で気の抜けた中低音の男声。感情の起伏が乏しい棒読み気味の脱力トーンが基調で、ごく稀に低く真剣な声を出す。力尽きる最後の声。震えて弱まり、途切れる。特定の実在人物の声を模倣しない。
community-review-26-20260907,名偵探柯南,女性声優による少年声。明るく高めで子供らしい甘さがあるが、推理時は低く鋭い「探偵」の声に切り替わり、緊迫場面では叫びに張りが出る。通常時の話し方。特定の実在人物の声を模倣しない。,女性声優による少年声。明るく高めで子供らしい甘さがあるが、推理時は低く鋭い「探偵」の声に切り替わり、緊迫場面では叫びに張りが出る。攻撃の瞬間の短い掛け声。息が強く乗り、鋭く切れる。特定の実在人物の声を模倣しない。,女性声優による少年声。明るく高めで子供らしい甘さがあるが、推理時は低く鋭い「探偵」の声に切り替わり、緊迫場面では叫びに張りが出る。「真実はいつもひとつ！」の決め台詞／犯人を指す時の低く鋭い一言特定の実在人物の声を模倣しない。,女性声優による少年声。明るく高めで子供らしい甘さがあるが、推理時は低く鋭い「探偵」の声に切り替わり、緊迫場面では叫びに張りが出る。被弾の苦痛。短い呻きで、息が詰まる。特定の実在人物の声を模倣しない。,女性声優による少年声。明るく高めで子供らしい甘さがあるが、推理時は低く鋭い「探偵」の声に切り替わり、緊迫場面では叫びに張りが出る。力尽きる最後の声。震えて弱まり、途切れる。特定の実在人物の声を模倣しない。
community-review-27-20260907,庫洛魔法使,高めで柔らかく、透明感のある少女の声。語尾が上がる明るい話し方で、驚くと「はにゃーん」「ほえ〜」と抜けた声になり、魔法発動時は凛と張った詠唱になる。通常時の話し方。特定の実在人物の声を模倣しない。,高めで柔らかく、透明感のある少女の声。語尾が上がる明るい話し方で、驚くと「はにゃーん」「ほえ〜」と抜けた声になり、魔法発動時は凛と張った詠唱になる。攻撃の瞬間の短い掛け声。息が強く乗り、鋭く切れる。特定の実在人物の声を模倣しない。,高めで柔らかく、透明感のある少女の声。語尾が上がる明るい話し方で、驚くと「はにゃーん」「ほえ〜」と抜けた声になり、魔法発動時は凛と張った詠唱になる。「封印解除（レリーズ）！」の詠唱と、決意の「絶対大丈夫だよ」特定の実在人物の声を模倣しない。,高めで柔らかく、透明感のある少女の声。語尾が上がる明るい話し方で、驚くと「はにゃーん」「ほえ〜」と抜けた声になり、魔法発動時は凛と張った詠唱になる。被弾の苦痛。短い呻きで、息が詰まる。特定の実在人物の声を模倣しない。,高めで柔らかく、透明感のある少女の声。語尾が上がる明るい話し方で、驚くと「はにゃーん」「ほえ〜」と抜けた声になり、魔法発動時は凛と張った詠唱になる。力尽きる最後の声。震えて弱まり、途切れる。特定の実在人物の声を模倣しない。
community-review-28-20260907,艾莉絲·伯雷亞斯·格雷拉特,張りのある中音域の少女声で、声量が大きく攻撃的。怒鳴り・啖呵が基調だが、剣の聖地以降は低く抑えた凛々しさが加わる。加隈本人曰く「声も態度もデカくて激しい」。通常時の話し方。特定の実在人物の声を模倣しない。,張りのある中音域の少女声で、声量が大きく攻撃的。怒鳴り・啖呵が基調だが、剣の聖地以降は低く抑えた凛々しさが加わる。加隈本人曰く「声も態度もデカくて激しい」。攻撃の瞬間の短い掛け声。息が強く乗り、鋭く切れる。特定の実在人物の声を模倣しない。,張りのある中音域の少女声で、声量が大きく攻撃的。怒鳴り・啖呵が基調だが、剣の聖地以降は低く抑えた凛々しさが加わる。加隈本人曰く「声も態度もデカくて激しい」。剣を振るう気合いと怒声、「ルーデウスは凄いんだから」の啖呵特定の実在人物の声を模倣しない。,張りのある中音域の少女声で、声量が大きく攻撃的。怒鳴り・啖呵が基調だが、剣の聖地以降は低く抑えた凛々しさが加わる。加隈本人曰く「声も態度もデカくて激しい」。被弾の苦痛。短い呻きで、息が詰まる。特定の実在人物の声を模倣しない。,張りのある中音域の少女声で、声量が大きく攻撃的。怒鳴り・啖呵が基調だが、剣の聖地以降は低く抑えた凛々しさが加わる。加隈本人曰く「声も態度もデカくて激しい」。力尽きる最後の声。震えて弱まり、途切れる。特定の実在人物の声を模倣しない。
community-review-29-20260907,芙莉蓮,低めで平坦、感情の起伏を抑えた淡々とした少女声。ゆっくりした間と乾いた語尾で千年生きたエルフの達観を表し、詠唱時も声を張らず静かに放つ。通常時の話し方。特定の実在人物の声を模倣しない。,低めで平坦、感情の起伏を抑えた淡々とした少女声。ゆっくりした間と乾いた語尾で千年生きたエルフの達観を表し、詠唱時も声を張らず静かに放つ。攻撃の瞬間の短い掛け声。息が強く乗り、鋭く切れる。特定の実在人物の声を模倣しない。,低めで平坦、感情の起伏を抑えた淡々とした少女声。ゆっくりした間と乾いた語尾で千年生きたエルフの達観を表し、詠唱時も声を張らず静かに放つ。淡々とした「ゾルトラーク」の詠唱と、ぽつりと漏らす独白特定の実在人物の声を模倣しない。,低めで平坦、感情の起伏を抑えた淡々とした少女声。ゆっくりした間と乾いた語尾で千年生きたエルフの達観を表し、詠唱時も声を張らず静かに放つ。被弾の苦痛。短い呻きで、息が詰まる。特定の実在人物の声を模倣しない。,低めで平坦、感情の起伏を抑えた淡々とした少女声。ゆっくりした間と乾いた語尾で千年生きたエルフの達観を表し、詠唱時も声を張らず静かに放つ。力尽きる最後の声。震えて弱まり、途切れる。特定の実在人物の声を模倣しない。
community-review-30-20260907,尼古貓貓,気怠く脱力した中音域の女性声。だらしなく間延びした語尾（「〜にゃ」）で、タバコを吸って満足する時だけ幸福そうに緩む。通常時の話し方。特定の実在人物の声を模倣しない。,気怠く脱力した中音域の女性声。だらしなく間延びした語尾（「〜にゃ」）で、タバコを吸って満足する時だけ幸福そうに緩む。攻撃の瞬間の短い掛け声。息が強く乗り、鋭く切れる。特定の実在人物の声を模倣しない。,気怠く脱力した中音域の女性声。だらしなく間延びした語尾（「〜にゃ」）で、タバコを吸って満足する時だけ幸福そうに緩む。一服後の脱力した「うめぇにゃ」特定の実在人物の声を模倣しない。,気怠く脱力した中音域の女性声。だらしなく間延びした語尾（「〜にゃ」）で、タバコを吸って満足する時だけ幸福そうに緩む。被弾の苦痛。短い呻きで、息が詰まる。特定の実在人物の声を模倣しない。,気怠く脱力した中音域の女性声。だらしなく間延びした語尾（「〜にゃ」）で、タバコを吸って満足する時だけ幸福そうに緩む。力尽きる最後の声。震えて弱まり、途切れる。特定の実在人物の声を模倣しない。
community-review-31-20260907,SUN樂,軽快で張りのある青年の中高音。早口のツッコミと独り言が多く、戦闘中はテンションが跳ね上がって叫びと笑いが混じる。通常時の話し方。特定の実在人物の声を模倣しない。,軽快で張りのある青年の中高音。早口のツッコミと独り言が多く、戦闘中はテンションが跳ね上がって叫びと笑いが混じる。攻撃の瞬間の短い掛け声。息が強く乗り、鋭く切れる。特定の実在人物の声を模倣しない。,軽快で張りのある青年の中高音。早口のツッコミと独り言が多く、戦闘中はテンションが跳ね上がって叫びと笑いが混じる。格上に挑む時の高揚した叫びと、クソゲーへの早口ツッコミ特定の実在人物の声を模倣しない。,軽快で張りのある青年の中高音。早口のツッコミと独り言が多く、戦闘中はテンションが跳ね上がって叫びと笑いが混じる。被弾の苦痛。短い呻きで、息が詰まる。特定の実在人物の声を模倣しない。,軽快で張りのある青年の中高音。早口のツッコミと独り言が多く、戦闘中はテンションが跳ね上がって叫びと笑いが混じる。力尽きる最後の声。震えて弱まり、途切れる。特定の実在人物の声を模倣しない。
community-review-32-20260907,阿薩謝爾,ざらついた中音域のおっさん声で、下品かつハイテンション。調子に乗った大声と、殴られた後の情けない泣き言・命乞いの落差が持ち味。通常時の話し方。特定の実在人物の声を模倣しない。,ざらついた中音域のおっさん声で、下品かつハイテンション。調子に乗った大声と、殴られた後の情けない泣き言・命乞いの落差が持ち味。攻撃の瞬間の短い掛け声。息が強く乗り、鋭く切れる。特定の実在人物の声を模倣しない。,ざらついた中音域のおっさん声で、下品かつハイテンション。調子に乗った大声と、殴られた後の情けない泣き言・命乞いの落差が持ち味。調子に乗った下品な高笑いから、一転して情けない命乞い特定の実在人物の声を模倣しない。,ざらついた中音域のおっさん声で、下品かつハイテンション。調子に乗った大声と、殴られた後の情けない泣き言・命乞いの落差が持ち味。被弾の苦痛。短い呻きで、息が詰まる。特定の実在人物の声を模倣しない。,ざらついた中音域のおっさん声で、下品かつハイテンション。調子に乗った大声と、殴られた後の情けない泣き言・命乞いの落差が持ち味。力尽きる最後の声。震えて弱まり、途切れる。特定の実在人物の声を模倣しない。
community-review-33-20260907,近衛刀太,女性声優による少年声。やや低めでハスキー寄り、粗野で威勢のいい言い回し。戦闘では歯を食いしばるような気合いと不敵な笑いが出る。通常時の話し方。特定の実在人物の声を模倣しない。,女性声優による少年声。やや低めでハスキー寄り、粗野で威勢のいい言い回し。戦闘では歯を食いしばるような気合いと不敵な笑いが出る。攻撃の瞬間の短い掛け声。息が強く乗り、鋭く切れる。特定の実在人物の声を模倣しない。,女性声優による少年声。やや低めでハスキー寄り、粗野で威勢のいい言い回し。戦闘では歯を食いしばるような気合いと不敵な笑いが出る。不死身を誇る不敵な笑いと、重力剣を振り抜く気合い特定の実在人物の声を模倣しない。,女性声優による少年声。やや低めでハスキー寄り、粗野で威勢のいい言い回し。戦闘では歯を食いしばるような気合いと不敵な笑いが出る。被弾の苦痛。短い呻きで、息が詰まる。特定の実在人物の声を模倣しない。,女性声優による少年声。やや低めでハスキー寄り、粗野で威勢のいい言い回し。戦闘では歯を食いしばるような気合いと不敵な笑いが出る。力尽きる最後の声。震えて弱まり、途切れる。特定の実在人物の声を模倣しない。
community-review-34-20260907,高速婆婆,しゃがれた低音の老婆声。ドスの利いた威圧と、ふてぶてしい早口の悪態が基調で、笑うと甲高く裏返る。通常時の話し方。特定の実在人物の声を模倣しない。,しゃがれた低音の老婆声。ドスの利いた威圧と、ふてぶてしい早口の悪態が基調で、笑うと甲高く裏返る。攻撃の瞬間の短い掛け声。息が強く乗り、鋭く切れる。特定の実在人物の声を模倣しない。,しゃがれた低音の老婆声。ドスの利いた威圧と、ふてぶてしい早口の悪態が基調で、笑うと甲高く裏返る。「駆けっこで負けたら呪われる」の威圧と、「くそだらあ」の悪態特定の実在人物の声を模倣しない。,しゃがれた低音の老婆声。ドスの利いた威圧と、ふてぶてしい早口の悪態が基調で、笑うと甲高く裏返る。被弾の苦痛。短い呻きで、息が詰まる。特定の実在人物の声を模倣しない。,しゃがれた低音の老婆声。ドスの利いた威圧と、ふてぶてしい早口の悪態が基調で、笑うと甲高く裏返る。力尽きる最後の声。震えて弱まり、途切れる。特定の実在人物の声を模倣しない。
community-review-35-20260907,炭治郎,誠実で真っ直ぐな少年の中高音。普段は柔らかく丁寧だが、戦闘では喉を絞るような必死の気迫と技名の絶叫になる。通常時の話し方。特定の実在人物の声を模倣しない。,誠実で真っ直ぐな少年の中高音。普段は柔らかく丁寧だが、戦闘では喉を絞るような必死の気迫と技名の絶叫になる。攻撃の瞬間の短い掛け声。息が強く乗り、鋭く切れる。特定の実在人物の声を模倣しない。,誠実で真っ直ぐな少年の中高音。普段は柔らかく丁寧だが、戦闘では喉を絞るような必死の気迫と技名の絶叫になる。「ヒノカミ神楽！」技名の絶叫と、絞り出すような「頑張れ炭治郎」特定の実在人物の声を模倣しない。,誠実で真っ直ぐな少年の中高音。普段は柔らかく丁寧だが、戦闘では喉を絞るような必死の気迫と技名の絶叫になる。被弾の苦痛。短い呻きで、息が詰まる。特定の実在人物の声を模倣しない。,誠実で真っ直ぐな少年の中高音。普段は柔らかく丁寧だが、戦闘では喉を絞るような必死の気迫と技名の絶叫になる。力尽きる最後の声。震えて弱まり、途切れる。特定の実在人物の声を模倣しない。
community-review-36-20260907,鬼畜王蘭斯,野太く豪快な青年の中低音。「俺様」口調で傲慢・下品、笑いは大きく歯切れがよい。怒鳴りと高笑いの振れ幅が大きい。通常時の話し方。特定の実在人物の声を模倣しない。,野太く豪快な青年の中低音。「俺様」口調で傲慢・下品、笑いは大きく歯切れがよい。怒鳴りと高笑いの振れ幅が大きい。攻撃の瞬間の短い掛け声。息が強く乗り、鋭く切れる。特定の実在人物の声を模倣しない。,野太く豪快な青年の中低音。「俺様」口調で傲慢・下品、笑いは大きく歯切れがよい。怒鳴りと高笑いの振れ幅が大きい。「俺様が最強だ！」の豪快な高笑いと、突撃の怒声特定の実在人物の声を模倣しない。,野太く豪快な青年の中低音。「俺様」口調で傲慢・下品、笑いは大きく歯切れがよい。怒鳴りと高笑いの振れ幅が大きい。被弾の苦痛。短い呻きで、息が詰まる。特定の実在人物の声を模倣しない。,野太く豪快な青年の中低音。「俺様」口調で傲慢・下品、笑いは大きく歯切れがよい。怒鳴りと高笑いの振れ幅が大きい。力尽きる最後の声。震えて弱まり、途切れる。特定の実在人物の声を模倣しない。
community-review-37-20260907,吉伊卡哇,幼い子役の小さく高い声。台詞はほぼなく「ワァ」「ヤダ」「ウラ」等の一音節の鳴き声と泣き声で、怯えと喜びを表す。通常時の話し方。特定の実在人物の声を模倣しない。,幼い子役の小さく高い声。台詞はほぼなく「ワァ」「ヤダ」「ウラ」等の一音節の鳴き声と泣き声で、怯えと喜びを表す。攻撃の瞬間の短い掛け声。息が強く乗り、鋭く切れる。特定の実在人物の声を模倣しない。,幼い子役の小さく高い声。台詞はほぼなく「ワァ」「ヤダ」「ウラ」等の一音節の鳴き声と泣き声で、怯えと喜びを表す。怯えた「ワァ…」と、討伐で勇気を振り絞る「ウラー！」特定の実在人物の声を模倣しない。,幼い子役の小さく高い声。台詞はほぼなく「ワァ」「ヤダ」「ウラ」等の一音節の鳴き声と泣き声で、怯えと喜びを表す。被弾の苦痛。短い呻きで、息が詰まる。特定の実在人物の声を模倣しない。,幼い子役の小さく高い声。台詞はほぼなく「ワァ」「ヤダ」「ウラ」等の一音節の鳴き声と泣き声で、怯えと喜びを表す。力尽きる最後の声。震えて弱まり、途切れる。特定の実在人物の声を模倣しない。
b2-aladdin,阿拉丁,女性声優による無邪気な少年声。高めで明るく、丁寧語（「〜だよ」「〜ですか」）で人懐っこい。ウーゴくんを呼ぶ時や仲間を思う時に声が真っ直ぐ強くなる。通常時の話し方。特定の実在人物の声を模倣しない。,女性声優による無邪気な少年声。高めで明るく、丁寧語（「〜だよ」「〜ですか」）で人懐っこい。ウーゴくんを呼ぶ時や仲間を思う時に声が真っ直ぐ強くなる。攻撃の瞬間の短い掛け声。息が強く乗り、鋭く切れる。特定の実在人物の声を模倣しない。,女性声優による無邪気な少年声。高めで明るく、丁寧語（「〜だよ」「〜ですか」）で人懐っこい。ウーゴくんを呼ぶ時や仲間を思う時に声が真っ直ぐ強くなる。「ウーゴくん！」の呼びかけと、無邪気な笑い声特定の実在人物の声を模倣しない。,女性声優による無邪気な少年声。高めで明るく、丁寧語（「〜だよ」「〜ですか」）で人懐っこい。ウーゴくんを呼ぶ時や仲間を思う時に声が真っ直ぐ強くなる。被弾の苦痛。短い呻きで、息が詰まる。特定の実在人物の声を模倣しない。,女性声優による無邪気な少年声。高めで明るく、丁寧語（「〜だよ」「〜ですか」）で人懐っこい。ウーゴくんを呼ぶ時や仲間を思う時に声が真っ直ぐ強くなる。力尽きる最後の声。震えて弱まり、途切れる。特定の実在人物の声を模倣しない。
b2-albus,阿爾巴斯,（提案）感情を削ぎ落とした早口の青年声。36周目の勇者としてNPC台詞をスキップする効率厨の淡々さと、時折漏れる焦燥。通常時の話し方。特定の実在人物の声を模倣しない。,（提案）感情を削ぎ落とした早口の青年声。36周目の勇者としてNPC台詞をスキップする効率厨の淡々さと、時折漏れる焦燥。攻撃の瞬間の短い掛け声。息が強く乗り、鋭く切れる。特定の実在人物の声を模倣しない。,（提案）感情を削ぎ落とした早口の青年声。36周目の勇者としてNPC台詞をスキップする効率厨の淡々さと、時折漏れる焦燥。（提案）「スキップ」の即断と、間に合わない焦りの一言特定の実在人物の声を模倣しない。,（提案）感情を削ぎ落とした早口の青年声。36周目の勇者としてNPC台詞をスキップする効率厨の淡々さと、時折漏れる焦燥。被弾の苦痛。短い呻きで、息が詰まる。特定の実在人物の声を模倣しない。,（提案）感情を削ぎ落とした早口の青年声。36周目の勇者としてNPC台詞をスキップする効率厨の淡々さと、時折漏れる焦燥。力尽きる最後の声。震えて弱まり、途切れる。特定の実在人物の声を模倣しない。
b2-bojji,波吉,ボッジは耳が聞こえず言葉も話せない設定のため、台詞はほぼ「あう」「うー」などの母音・息だけの発声。高くて細く、幼く柔らかい少年声で、笑い声・泣き声・驚きの息遣いだけで感情を伝える。通常時の話し方。特定の実在人物の声を模倣しない。,ボッジは耳が聞こえず言葉も話せない設定のため、台詞はほぼ「あう」「うー」などの母音・息だけの発声。高くて細く、幼く柔らかい少年声で、笑い声・泣き声・驚きの息遣いだけで感情を伝える。攻撃の瞬間の短い掛け声。息が強く乗り、鋭く切れる。特定の実在人物の声を模倣しない。,ボッジは耳が聞こえず言葉も話せない設定のため、台詞はほぼ「あう」「うー」などの母音・息だけの発声。高くて細く、幼く柔らかい少年声で、笑い声・泣き声・驚きの息遣いだけで感情を伝える。泣きじゃくりながらも立ち上がる健気さ／嬉しくて飛び跳ねる「あうっ！」特定の実在人物の声を模倣しない。,ボッジは耳が聞こえず言葉も話せない設定のため、台詞はほぼ「あう」「うー」などの母音・息だけの発声。高くて細く、幼く柔らかい少年声で、笑い声・泣き声・驚きの息遣いだけで感情を伝える。被弾の苦痛。短い呻きで、息が詰まる。特定の実在人物の声を模倣しない。,ボッジは耳が聞こえず言葉も話せない設定のため、台詞はほぼ「あう」「うー」などの母音・息だけの発声。高くて細く、幼く柔らかい少年声で、笑い声・泣き声・驚きの息遣いだけで感情を伝える。力尽きる最後の声。震えて弱まり、途切れる。特定の実在人物の声を模倣しない。
b2-boxxo,阿箱＋拉蜜絲,本渡楓のラッミスは中高音の明るく元気な少女声で、素直でまっすぐ、気合いの入った掛け声が映える。ハッコン（福山潤）は自販機の定型音声のみ（「いらっしゃいませ」「ざんねん」など）で、平板な機械アナウンス調。通常時の話し方。特定の実在人物の声を模倣しない。,本渡楓のラッミスは中高音の明るく元気な少女声で、素直でまっすぐ、気合いの入った掛け声が映える。ハッコン（福山潤）は自販機の定型音声のみ（「いらっしゃいませ」「ざんねん」など）で、平板な機械アナウンス調。攻撃の瞬間の短い掛け声。息が強く乗り、鋭く切れる。特定の実在人物の声を模倣しない。,本渡楓のラッミスは中高音の明るく元気な少女声で、素直でまっすぐ、気合いの入った掛け声が映える。ハッコン（福山潤）は自販機の定型音声のみ（「いらっしゃいませ」「ざんねん」など）で、平板な機械アナウンス調。ハッコンを背負って元気いっぱいに突っ走る気合い／「ハッコン、行くよ！」の明るさ特定の実在人物の声を模倣しない。,本渡楓のラッミスは中高音の明るく元気な少女声で、素直でまっすぐ、気合いの入った掛け声が映える。ハッコン（福山潤）は自販機の定型音声のみ（「いらっしゃいませ」「ざんねん」など）で、平板な機械アナウンス調。被弾の苦痛。短い呻きで、息が詰まる。特定の実在人物の声を模倣しない。,本渡楓のラッミスは中高音の明るく元気な少女声で、素直でまっすぐ、気合いの入った掛け声が映える。ハッコン（福山潤）は自販機の定型音声のみ（「いらっしゃいませ」「ざんねん」など）で、平板な機械アナウンス調。力尽きる最後の声。震えて弱まり、途切れる。特定の実在人物の声を模倣しない。
b2-elma,艾爾瑪,大塚剛央の落ち着いた中低音。取り乱さず淡々と状況を分析する青年の声で、抑えた語り口の中に静かな自信がある。通常時の話し方。特定の実在人物の声を模倣しない。,大塚剛央の落ち着いた中低音。取り乱さず淡々と状況を分析する青年の声で、抑えた語り口の中に静かな自信がある。攻撃の瞬間の短い掛け声。息が強く乗り、鋭く切れる。特定の実在人物の声を模倣しない。,大塚剛央の落ち着いた中低音。取り乱さず淡々と状況を分析する青年の声で、抑えた語り口の中に静かな自信がある。「ゲーム知識」で冷静に戦況を読み切る静かな確信特定の実在人物の声を模倣しない。,大塚剛央の落ち着いた中低音。取り乱さず淡々と状況を分析する青年の声で、抑えた語り口の中に静かな自信がある。被弾の苦痛。短い呻きで、息が詰まる。特定の実在人物の声を模倣しない。,大塚剛央の落ち着いた中低音。取り乱さず淡々と状況を分析する青年の声で、抑えた語り口の中に静かな自信がある。力尽きる最後の声。震えて弱まり、途切れる。特定の実在人物の声を模倣しない。
b2-fushi,不死,川島零士の柔らかい中高音の少年声。序盤は覚えたての言葉をぎこちなく区切って話し、成長に伴い滑らかで芯のある声に変わる。感情は抑え気味だが喪失の場面では剥き出しの慟哭になる。通常時の話し方。特定の実在人物の声を模倣しない。,川島零士の柔らかい中高音の少年声。序盤は覚えたての言葉をぎこちなく区切って話し、成長に伴い滑らかで芯のある声に変わる。感情は抑え気味だが喪失の場面では剥き出しの慟哭になる。攻撃の瞬間の短い掛け声。息が強く乗り、鋭く切れる。特定の実在人物の声を模倣しない。,川島零士の柔らかい中高音の少年声。序盤は覚えたての言葉をぎこちなく区切って話し、成長に伴い滑らかで芯のある声に変わる。感情は抑え気味だが喪失の場面では剥き出しの慟哭になる。覚えたての言葉をたどたどしく呼ぶ「マーチ…」／仲間を失った時の慟哭特定の実在人物の声を模倣しない。,川島零士の柔らかい中高音の少年声。序盤は覚えたての言葉をぎこちなく区切って話し、成長に伴い滑らかで芯のある声に変わる。感情は抑え気味だが喪失の場面では剥き出しの慟哭になる。被弾の苦痛。短い呻きで、息が詰まる。特定の実在人物の声を模倣しない。,川島零士の柔らかい中高音の少年声。序盤は覚えたての言葉をぎこちなく区切って話し、成長に伴い滑らかで芯のある声に変わる。感情は抑え気味だが喪失の場面では剥き出しの慟哭になる。力尽きる最後の声。震えて弱まり、途切れる。特定の実在人物の声を模倣しない。
b2-goblin,哥布林殺手,梅原裕一郎の極めて低く、抑揚を殺した平板な声。「そうか」「ゴブリンだ」のような短い言い切りが中心で、感情をほとんど乗せない無機質な淡々さが特徴。通常時の話し方。特定の実在人物の声を模倣しない。,梅原裕一郎の極めて低く、抑揚を殺した平板な声。「そうか」「ゴブリンだ」のような短い言い切りが中心で、感情をほとんど乗せない無機質な淡々さが特徴。攻撃の瞬間の短い掛け声。息が強く乗り、鋭く切れる。特定の実在人物の声を模倣しない。,梅原裕一郎の極めて低く、抑揚を殺した平板な声。「そうか」「ゴブリンだ」のような短い言い切りが中心で、感情をほとんど乗せない無機質な淡々さが特徴。感情を殺して淡々と「ゴブリンは殺す」特定の実在人物の声を模倣しない。,梅原裕一郎の極めて低く、抑揚を殺した平板な声。「そうか」「ゴブリンだ」のような短い言い切りが中心で、感情をほとんど乗せない無機質な淡々さが特徴。被弾の苦痛。短い呻きで、息が詰まる。特定の実在人物の声を模倣しない。,梅原裕一郎の極めて低く、抑揚を殺した平板な声。「そうか」「ゴブリンだ」のような短い言い切りが中心で、感情をほとんど乗せない無機質な淡々さが特徴。力尽きる最後の声。震えて弱まり、途切れる。特定の実在人物の声を模倣しない。
b2-guts,凱茲,岩永洋昭の深く重い低音。ざらついた荒々しい声質で、言葉少なに吐き捨てる台詞と、戦闘時の獣のような咆哮・唸り声が特徴。通常時の話し方。特定の実在人物の声を模倣しない。,岩永洋昭の深く重い低音。ざらついた荒々しい声質で、言葉少なに吐き捨てる台詞と、戦闘時の獣のような咆哮・唸り声が特徴。攻撃の瞬間の短い掛け声。息が強く乗り、鋭く切れる。特定の実在人物の声を模倣しない。,岩永洋昭の深く重い低音。ざらついた荒々しい声質で、言葉少なに吐き捨てる台詞と、戦闘時の獣のような咆哮・唸り声が特徴。怒りに任せてドラゴンころしを振り抜く咆哮特定の実在人物の声を模倣しない。,岩永洋昭の深く重い低音。ざらついた荒々しい声質で、言葉少なに吐き捨てる台詞と、戦闘時の獣のような咆哮・唸り声が特徴。被弾の苦痛。短い呻きで、息が詰まる。特定の実在人物の声を模倣しない。,岩永洋昭の深く重い低音。ざらついた荒々しい声質で、言葉少なに吐き捨てる台詞と、戦闘時の獣のような咆哮・唸り声が特徴。力尽きる最後の声。震えて弱まり、途切れる。特定の実在人物の声を模倣しない。
b2-haga,羽賀,石川界人の落ち着いた中音域。デバッガーらしく感情を抑えた乾いた事務的な語り口で、淡々とした中に皮肉っぽいユーモアが混じる。通常時の話し方。特定の実在人物の声を模倣しない。,石川界人の落ち着いた中音域。デバッガーらしく感情を抑えた乾いた事務的な語り口で、淡々とした中に皮肉っぽいユーモアが混じる。攻撃の瞬間の短い掛け声。息が強く乗り、鋭く切れる。特定の実在人物の声を模倣しない。,石川界人の落ち着いた中音域。デバッガーらしく感情を抑えた乾いた事務的な語り口で、淡々とした中に皮肉っぽいユーモアが混じる。バグを見つけて淡々と「これは仕様じゃない、バグだ」特定の実在人物の声を模倣しない。,石川界人の落ち着いた中音域。デバッガーらしく感情を抑えた乾いた事務的な語り口で、淡々とした中に皮肉っぽいユーモアが混じる。被弾の苦痛。短い呻きで、息が詰まる。特定の実在人物の声を模倣しない。,石川界人の落ち着いた中音域。デバッガーらしく感情を抑えた乾いた事務的な語り口で、淡々とした中に皮肉っぽいユーモアが混じる。力尽きる最後の声。震えて弱まり、途切れる。特定の実在人物の声を模倣しない。
b2-kaede,楓,公式音声なし。原作設定は 21 歳の大学生ゲーマーで、冷静・合理的な語り口のチート魔法剣士。キャスティング時は落ち着いた青年声を想定。通常時の話し方。特定の実在人物の声を模倣しない。,公式音声なし。原作設定は 21 歳の大学生ゲーマーで、冷静・合理的な語り口のチート魔法剣士。キャスティング時は落ち着いた青年声を想定。攻撃の瞬間の短い掛け声。息が強く乗り、鋭く切れる。特定の実在人物の声を模倣しない。,公式音声なし。原作設定は 21 歳の大学生ゲーマーで、冷静・合理的な語り口のチート魔法剣士。キャスティング時は落ち着いた青年声を想定。淡々とチート性能を確認しながら「まあ、こんなものか」特定の実在人物の声を模倣しない。,公式音声なし。原作設定は 21 歳の大学生ゲーマーで、冷静・合理的な語り口のチート魔法剣士。キャスティング時は落ち着いた青年声を想定。被弾の苦痛。短い呻きで、息が詰まる。特定の実在人物の声を模倣しない。,公式音声なし。原作設定は 21 歳の大学生ゲーマーで、冷静・合理的な語り口のチート魔法剣士。キャスティング時は落ち着いた青年声を想定。力尽きる最後の声。震えて弱まり、途切れる。特定の実在人物の声を模倣しない。
b2-kaiji,伊藤開司,萩原聖人のかすれた中低音。普段は情けなく弱気な泣き言、追い詰められると歯を食いしばった絶叫や震える独白に振れ、感情の振れ幅が極端に大きい。通常時の話し方。特定の実在人物の声を模倣しない。,萩原聖人のかすれた中低音。普段は情けなく弱気な泣き言、追い詰められると歯を食いしばった絶叫や震える独白に振れ、感情の振れ幅が極端に大きい。攻撃の瞬間の短い掛け声。息が強く乗り、鋭く切れる。特定の実在人物の声を模倣しない。,萩原聖人のかすれた中低音。普段は情けなく弱気な泣き言、追い詰められると歯を食いしばった絶叫や震える独白に振れ、感情の振れ幅が極端に大きい。土壇場で歯を食いしばる絶叫「クズは…俺だ…！」／逆転した瞬間の震える歓喜特定の実在人物の声を模倣しない。,萩原聖人のかすれた中低音。普段は情けなく弱気な泣き言、追い詰められると歯を食いしばった絶叫や震える独白に振れ、感情の振れ幅が極端に大きい。被弾の苦痛。短い呻きで、息が詰まる。特定の実在人物の声を模倣しない。,萩原聖人のかすれた中低音。普段は情けなく弱気な泣き言、追い詰められると歯を食いしばった絶叫や震える独白に振れ、感情の振れ幅が極端に大きい。力尽きる最後の声。震えて弱まり、途切れる。特定の実在人物の声を模倣しない。
b2-keyaru,凱亞爾,保住有哉の中高音の青年声。やり直し前（ケヤル）は気弱で震えた声、やり直し後（ケヤルガ）は低めに抑えた冷たく滑らかな声で、嘲るような余裕と憎悪を滲ませる。通常時の話し方。特定の実在人物の声を模倣しない。,保住有哉の中高音の青年声。やり直し前（ケヤル）は気弱で震えた声、やり直し後（ケヤルガ）は低めに抑えた冷たく滑らかな声で、嘲るような余裕と憎悪を滲ませる。攻撃の瞬間の短い掛け声。息が強く乗り、鋭く切れる。特定の実在人物の声を模倣しない。,保住有哉の中高音の青年声。やり直し前（ケヤル）は気弱で震えた声、やり直し後（ケヤルガ）は低めに抑えた冷たく滑らかな声で、嘲るような余裕と憎悪を滲ませる。冷たく嘲笑しながら「やり直しだ」特定の実在人物の声を模倣しない。,保住有哉の中高音の青年声。やり直し前（ケヤル）は気弱で震えた声、やり直し後（ケヤルガ）は低めに抑えた冷たく滑らかな声で、嘲るような余裕と憎悪を滲ませる。被弾の苦痛。短い呻きで、息が詰まる。特定の実在人物の声を模倣しない。,保住有哉の中高音の青年声。やり直し前（ケヤル）は気弱で震えた声、やり直し後（ケヤルガ）は低めに抑えた冷たく滑らかな声で、嘲るような余裕と憎悪を滲ませる。力尽きる最後の声。震えて弱まり、途切れる。特定の実在人物の声を模倣しない。
b2-kisaragi,如月電車,公式音声なし。キャラは擬人化されていない電車のため、台詞ではなく警笛・走行音・車内アナウンス風の合成音声で表現する想定。通常時の話し方。特定の実在人物の声を模倣しない。,公式音声なし。キャラは擬人化されていない電車のため、台詞ではなく警笛・走行音・車内アナウンス風の合成音声で表現する想定。攻撃の瞬間の短い掛け声。息が強く乗り、鋭く切れる。特定の実在人物の声を模倣しない。,公式音声なし。キャラは擬人化されていない電車のため、台詞ではなく警笛・走行音・車内アナウンス風の合成音声で表現する想定。誤点して突っ込んでくる警笛と、無機質な「次は…きさらぎ…」アナウンス特定の実在人物の声を模倣しない。,公式音声なし。キャラは擬人化されていない電車のため、台詞ではなく警笛・走行音・車内アナウンス風の合成音声で表現する想定。被弾の苦痛。短い呻きで、息が詰まる。特定の実在人物の声を模倣しない。,公式音声なし。キャラは擬人化されていない電車のため、台詞ではなく警笛・走行音・車内アナウンス風の合成音声で表現する想定。力尽きる最後の声。震えて弱まり、途切れる。特定の実在人物の声を模倣しない。
b2-klaus,克勞斯,公式音声なし。原作設定は 15 歳の駆け出し冒険者で、腐らずに努力する素直で明るい少年。キャスティング時は澄んだ少年〜青年声を想定。通常時の話し方。特定の実在人物の声を模倣しない。,公式音声なし。原作設定は 15 歳の駆け出し冒険者で、腐らずに努力する素直で明るい少年。キャスティング時は澄んだ少年〜青年声を想定。攻撃の瞬間の短い掛け声。息が強く乗り、鋭く切れる。特定の実在人物の声を模倣しない。,公式音声なし。原作設定は 15 歳の駆け出し冒険者で、腐らずに努力する素直で明るい少年。キャスティング時は澄んだ少年〜青年声を想定。「自動機能」が覚醒した瞬間の驚きと歓喜特定の実在人物の声を模倣しない。,公式音声なし。原作設定は 15 歳の駆け出し冒険者で、腐らずに努力する素直で明るい少年。キャスティング時は澄んだ少年〜青年声を想定。被弾の苦痛。短い呻きで、息が詰まる。特定の実在人物の声を模倣しない。,公式音声なし。原作設定は 15 歳の駆け出し冒険者で、腐らずに努力する素直で明るい少年。キャスティング時は澄んだ少年〜青年声を想定。力尽きる最後の声。震えて弱まり、途切れる。特定の実在人物の声を模倣しない。
b2-kumoko,蜘蛛子,悠木碧の高めで軽い声による超早口の独り言モノローグ。テンポの速いツッコミ・悲鳴・ノリの良い自己完結が特徴で、並列意思 4 体もすべて同氏が演じ分ける。通常時の話し方。特定の実在人物の声を模倣しない。,悠木碧の高めで軽い声による超早口の独り言モノローグ。テンポの速いツッコミ・悲鳴・ノリの良い自己完結が特徴で、並列意思 4 体もすべて同氏が演じ分ける。攻撃の瞬間の短い掛け声。息が強く乗り、鋭く切れる。特定の実在人物の声を模倣しない。,悠木碧の高めで軽い声による超早口の独り言モノローグ。テンポの速いツッコミ・悲鳴・ノリの良い自己完結が特徴で、並列意思 4 体もすべて同氏が演じ分ける。早口でまくし立てるセルフツッコミ「マジかー！？」／毒に悶える悲鳴特定の実在人物の声を模倣しない。,悠木碧の高めで軽い声による超早口の独り言モノローグ。テンポの速いツッコミ・悲鳴・ノリの良い自己完結が特徴で、並列意思 4 体もすべて同氏が演じ分ける。被弾の苦痛。短い呻きで、息が詰まる。特定の実在人物の声を模倣しない。,悠木碧の高めで軽い声による超早口の独り言モノローグ。テンポの速いツッコミ・悲鳴・ノリの良い自己完結が特徴で、並列意思 4 体もすべて同氏が演じ分ける。力尽きる最後の声。震えて弱まり、途切れる。特定の実在人物の声を模倣しない。
b2-luckyman,幸運超人,田中真弓による少年声。鼻にかかったハスキーで元気な中高音域、間の抜けた脱力した台詞回しと突然の絶叫が同居するギャグ芝居。通常時の話し方。特定の実在人物の声を模倣しない。,田中真弓による少年声。鼻にかかったハスキーで元気な中高音域、間の抜けた脱力した台詞回しと突然の絶叫が同居するギャグ芝居。攻撃の瞬間の短い掛け声。息が強く乗り、鋭く切れる。特定の実在人物の声を模倣しない。,田中真弓による少年声。鼻にかかったハスキーで元気な中高音域、間の抜けた脱力した台詞回しと突然の絶叫が同居するギャグ芝居。運だけで勝ってしまい「ラッキー！」と調子に乗るハイテンションと、ピンチで情けなく泣きつく落差。特定の実在人物の声を模倣しない。,田中真弓による少年声。鼻にかかったハスキーで元気な中高音域、間の抜けた脱力した台詞回しと突然の絶叫が同居するギャグ芝居。被弾の苦痛。短い呻きで、息が詰まる。特定の実在人物の声を模倣しない。,田中真弓による少年声。鼻にかかったハスキーで元気な中高音域、間の抜けた脱力した台詞回しと突然の絶叫が同居するギャグ芝居。力尽きる最後の声。震えて弱まり、途切れる。特定の実在人物の声を模倣しない。
b2-makoto,深澄真,花江夏樹の柔らかい中高音。朴訥で少し脱力した常識人のモノローグ調、驚きや呆れで声が裏返る温度感、戦闘時はやや低く据わる。通常時の話し方。特定の実在人物の声を模倣しない。,花江夏樹の柔らかい中高音。朴訥で少し脱力した常識人のモノローグ調、驚きや呆れで声が裏返る温度感、戦闘時はやや低く据わる。攻撃の瞬間の短い掛け声。息が強く乗り、鋭く切れる。特定の実在人物の声を模倣しない。,花江夏樹の柔らかい中高音。朴訥で少し脱力した常識人のモノローグ調、驚きや呆れで声が裏返る温度感、戦闘時はやや低く据わる。自分の規格外の力に周囲がドン引きして「え、俺そんな変なこと言った？」と困惑する脱力ツッコミ。特定の実在人物の声を模倣しない。,花江夏樹の柔らかい中高音。朴訥で少し脱力した常識人のモノローグ調、驚きや呆れで声が裏返る温度感、戦闘時はやや低く据わる。被弾の苦痛。短い呻きで、息が詰まる。特定の実在人物の声を模倣しない。,花江夏樹の柔らかい中高音。朴訥で少し脱力した常識人のモノローグ調、驚きや呆れで声が裏返る温度感、戦闘時はやや低く据わる。力尽きる最後の声。震えて弱まり、途切れる。特定の実在人物の声を模倣しない。
b2-maomao,貓貓,悠木碧の落ち着いた中低音。感情を抑えた乾いた平坦なモノローグ、毒や薬の話題になると一気に早口で熱を帯びる。ジト目の低い相槌「はぁ」が特徴。通常時の話し方。特定の実在人物の声を模倣しない。,悠木碧の落ち着いた中低音。感情を抑えた乾いた平坦なモノローグ、毒や薬の話題になると一気に早口で熱を帯びる。ジト目の低い相槌「はぁ」が特徴。攻撃の瞬間の短い掛け声。息が強く乗り、鋭く切れる。特定の実在人物の声を模倣しない。,悠木碧の落ち着いた中低音。感情を抑えた乾いた平坦なモノローグ、毒や薬の話題になると一気に早口で熱を帯びる。ジト目の低い相槌「はぁ」が特徴。「毒でございますか」と目を輝かせる薬オタクの熱と、壬氏に向ける冷めた低い「はぁ」の落差。特定の実在人物の声を模倣しない。,悠木碧の落ち着いた中低音。感情を抑えた乾いた平坦なモノローグ、毒や薬の話題になると一気に早口で熱を帯びる。ジト目の低い相槌「はぁ」が特徴。被弾の苦痛。短い呻きで、息が詰まる。特定の実在人物の声を模倣しない。,悠木碧の落ち着いた中低音。感情を抑えた乾いた平坦なモノローグ、毒や薬の話題になると一気に早口で熱を帯びる。ジト目の低い相槌「はぁ」が特徴。力尽きる最後の声。震えて弱まり、途切れる。特定の実在人物の声を模倣しない。
b2-maple,梅普露,本渡楓の明るく丸い高音。素直でのんびりしたテンポ、語尾が柔らかく上がる天然系。戦闘中も緊張感が薄く楽しそうに驚く。通常時の話し方。特定の実在人物の声を模倣しない。,本渡楓の明るく丸い高音。素直でのんびりしたテンポ、語尾が柔らかく上がる天然系。戦闘中も緊張感が薄く楽しそうに驚く。攻撃の瞬間の短い掛け声。息が強く乗り、鋭く切れる。特定の実在人物の声を模倣しない。,本渡楓の明るく丸い高音。素直でのんびりしたテンポ、語尾が柔らかく上がる天然系。戦闘中も緊張感が薄く楽しそうに驚く。「痛いのは嫌だから防御力に極振り！」と無邪気に宣言し、新スキル獲得で「わぁ！」と喜ぶほのぼの。特定の実在人物の声を模倣しない。,本渡楓の明るく丸い高音。素直でのんびりしたテンポ、語尾が柔らかく上がる天然系。戦闘中も緊張感が薄く楽しそうに驚く。被弾の苦痛。短い呻きで、息が詰まる。特定の実在人物の声を模倣しない。,本渡楓の明るく丸い高音。素直でのんびりしたテンポ、語尾が柔らかく上がる天然系。戦闘中も緊張感が薄く楽しそうに驚く。力尽きる最後の声。震えて弱まり、途切れる。特定の実在人物の声を模倣しない。
b2-matthias,馬提亞斯,女性声優による少年声。澄んだ中高音で淡々と落ち着いた口調、感情の起伏が小さく理知的。驚く周囲に対して当然のように解説するクールさ。通常時の話し方。特定の実在人物の声を模倣しない。,女性声優による少年声。澄んだ中高音で淡々と落ち着いた口調、感情の起伏が小さく理知的。驚く周囲に対して当然のように解説するクールさ。攻撃の瞬間の短い掛け声。息が強く乗り、鋭く切れる。特定の実在人物の声を模倣しない。,女性声優による少年声。澄んだ中高音で淡々と落ち着いた口調、感情の起伏が小さく理知的。驚く周囲に対して当然のように解説するクールさ。「この程度、失格紋なら当然だ」と涼しい顔で常識を覆す淡々とした自信。特定の実在人物の声を模倣しない。,女性声優による少年声。澄んだ中高音で淡々と落ち着いた口調、感情の起伏が小さく理知的。驚く周囲に対して当然のように解説するクールさ。被弾の苦痛。短い呻きで、息が詰まる。特定の実在人物の声を模倣しない。,女性声優による少年声。澄んだ中高音で淡々と落ち着いた口調、感情の起伏が小さく理知的。驚く周囲に対して当然のように解説するクールさ。力尽きる最後の声。震えて弱まり、途切れる。特定の実在人物の声を模倣しない。
b2-misery,米瑟利,（公式音源なし・想定）妖艶で落ち着いた女性の低め中音域。感情を見せない静かな語り部口調で、皮肉を含んだ微笑を声に乗せる。通常時の話し方。特定の実在人物の声を模倣しない。,（公式音源なし・想定）妖艶で落ち着いた女性の低め中音域。感情を見せない静かな語り部口調で、皮肉を含んだ微笑を声に乗せる。攻撃の瞬間の短い掛け声。息が強く乗り、鋭く切れる。特定の実在人物の声を模倣しない。,（公式音源なし・想定）妖艶で落ち着いた女性の低め中音域。感情を見せない静かな語り部口調で、皮肉を含んだ微笑を声に乗せる。「ようこそ、アウターゾーンへ」— 静かな微笑で代償を告げる冷ややかな語り。特定の実在人物の声を模倣しない。,（公式音源なし・想定）妖艶で落ち着いた女性の低め中音域。感情を見せない静かな語り部口調で、皮肉を含んだ微笑を声に乗せる。被弾の苦痛。短い呻きで、息が詰まる。特定の実在人物の声を模倣しない。,（公式音源なし・想定）妖艶で落ち着いた女性の低め中音域。感情を見せない静かな語り部口調で、皮肉を含んだ微笑を声に乗せる。力尽きる最後の声。震えて弱まり、途切れる。特定の実在人物の声を模倣しない。
b2-naofumi,岩谷尚文,石川界人の低めの青年声。不信と苛立ちを押し殺した低い唸り、皮肉っぽい吐き捨て。仲間を守る場面では張りのある怒号に転じる。通常時の話し方。特定の実在人物の声を模倣しない。,石川界人の低めの青年声。不信と苛立ちを押し殺した低い唸り、皮肉っぽい吐き捨て。仲間を守る場面では張りのある怒号に転じる。攻撃の瞬間の短い掛け声。息が強く乗り、鋭く切れる。特定の実在人物の声を模倣しない。,石川界人の低めの青年声。不信と苛立ちを押し殺した低い唸り、皮肉っぽい吐き捨て。仲間を守る場面では張りのある怒号に転じる。「俺は盾の勇者だ。守るものは絶対に守る」— 裏切られた怨嗟から腹の底からの怒りと決意へ。特定の実在人物の声を模倣しない。,石川界人の低めの青年声。不信と苛立ちを押し殺した低い唸り、皮肉っぽい吐き捨て。仲間を守る場面では張りのある怒号に転じる。被弾の苦痛。短い呻きで、息が詰まる。特定の実在人物の声を模倣しない。,石川界人の低めの青年声。不信と苛立ちを押し殺した低い唸り、皮肉っぽい吐き捨て。仲間を守る場面では張りのある怒号に転じる。力尽きる最後の声。震えて弱まり、途切れる。特定の実在人物の声を模倣しない。
b2-ned,青蛙劍士 Ned,（公式音源なし・想定）がっしりした中低音の戦士声。寡黙で朴訥、時折カエルらしい濁った響きを混ぜる。通常時の話し方。特定の実在人物の声を模倣しない。,（公式音源なし・想定）がっしりした中低音の戦士声。寡黙で朴訥、時折カエルらしい濁った響きを混ぜる。攻撃の瞬間の短い掛け声。息が強く乗り、鋭く切れる。特定の実在人物の声を模倣しない。,（公式音源なし・想定）がっしりした中低音の戦士声。寡黙で朴訥、時折カエルらしい濁った響きを混ぜる。神を前にしても淡々と剣を構える静かな覚悟。特定の実在人物の声を模倣しない。,（公式音源なし・想定）がっしりした中低音の戦士声。寡黙で朴訥、時折カエルらしい濁った響きを混ぜる。被弾の苦痛。短い呻きで、息が詰まる。特定の実在人物の声を模倣しない。,（公式音源なし・想定）がっしりした中低音の戦士声。寡黙で朴訥、時折カエルらしい濁った響きを混ぜる。力尽きる最後の声。震えて弱まり、途切れる。特定の実在人物の声を模倣しない。
b2-noor,諾爾,濱野大輝のやや低く太い青年声。真面目で素朴、自己評価の低い謙虚な語り口。戦闘中も「パリイ！」と淡々と力強く言い切る。通常時の話し方。特定の実在人物の声を模倣しない。,濱野大輝のやや低く太い青年声。真面目で素朴、自己評価の低い謙虚な語り口。戦闘中も「パリイ！」と淡々と力強く言い切る。攻撃の瞬間の短い掛け声。息が強く乗り、鋭く切れる。特定の実在人物の声を模倣しない。,濱野大輝のやや低く太い青年声。真面目で素朴、自己評価の低い謙虚な語り口。戦闘中も「パリイ！」と淡々と力強く言い切る。「俺はパリイしかできない男です」と本気で謙遜しながら千の剣を弾く、天然の逆勘違い。特定の実在人物の声を模倣しない。,濱野大輝のやや低く太い青年声。真面目で素朴、自己評価の低い謙虚な語り口。戦闘中も「パリイ！」と淡々と力強く言い切る。被弾の苦痛。短い呻きで、息が詰まる。特定の実在人物の声を模倣しない。,濱野大輝のやや低く太い青年声。真面目で素朴、自己評価の低い謙虚な語り口。戦闘中も「パリイ！」と淡々と力強く言い切る。力尽きる最後の声。震えて弱まり、途切れる。特定の実在人物の声を模倣しない。
b2-nube,鵺野鳴介,置鮎龍太郎の艶のある低音バリトン。普段は間の抜けた明るいおどけ声、霊と対峙すると一転して重く張った気迫の声。「鬼の手」解放時の絶叫。通常時の話し方。特定の実在人物の声を模倣しない。,置鮎龍太郎の艶のある低音バリトン。普段は間の抜けた明るいおどけ声、霊と対峙すると一転して重く張った気迫の声。「鬼の手」解放時の絶叫。攻撃の瞬間の短い掛け声。息が強く乗り、鋭く切れる。特定の実在人物の声を模倣しない。,置鮎龍太郎の艶のある低音バリトン。普段は間の抜けた明るいおどけ声、霊と対峙すると一転して重く張った気迫の声。「鬼の手」解放時の絶叫。「俺の生徒に手を出すな〜〜！！」— 生徒を守るための怒りの咆哮。特定の実在人物の声を模倣しない。,置鮎龍太郎の艶のある低音バリトン。普段は間の抜けた明るいおどけ声、霊と対峙すると一転して重く張った気迫の声。「鬼の手」解放時の絶叫。被弾の苦痛。短い呻きで、息が詰まる。特定の実在人物の声を模倣しない。,置鮎龍太郎の艶のある低音バリトン。普段は間の抜けた明るいおどけ声、霊と対峙すると一転して重く張った気迫の声。「鬼の手」解放時の絶叫。力尽きる最後の声。震えて弱まり、途切れる。特定の実在人物の声を模倣しない。
b2-orphen,歐菲,森久保祥太郎の荒っぽい中音域。ぶっきらぼうで喧嘩腰の早口ツッコミ、呪文詠唱では低く凛と張った声に切り替わる。通常時の話し方。特定の実在人物の声を模倣しない。,森久保祥太郎の荒っぽい中音域。ぶっきらぼうで喧嘩腰の早口ツッコミ、呪文詠唱では低く凛と張った声に切り替わる。攻撃の瞬間の短い掛け声。息が強く乗り、鋭く切れる。特定の実在人物の声を模倣しない。,森久保祥太郎の荒っぽい中音域。ぶっきらぼうで喧嘩腰の早口ツッコミ、呪文詠唱では低く凛と張った声に切り替わる。「我は放つ光の白刃！」— 悪態から一転、詠唱で凛と張る決め台詞。特定の実在人物の声を模倣しない。,森久保祥太郎の荒っぽい中音域。ぶっきらぼうで喧嘩腰の早口ツッコミ、呪文詠唱では低く凛と張った声に切り替わる。被弾の苦痛。短い呻きで、息が詰まる。特定の実在人物の声を模倣しない。,森久保祥太郎の荒っぽい中音域。ぶっきらぼうで喧嘩腰の早口ツッコミ、呪文詠唱では低く凛と張った声に切り替わる。力尽きる最後の声。震えて弱まり、途切れる。特定の実在人物の声を模倣しない。
b2-popp,何布,豊永利行の軽妙な中高音。お調子者の早口、情けなく震える弱音から、覚悟を決めた時の張り詰めた叫びまで振れ幅が大きい。通常時の話し方。特定の実在人物の声を模倣しない。,豊永利行の軽妙な中高音。お調子者の早口、情けなく震える弱音から、覚悟を決めた時の張り詰めた叫びまで振れ幅が大きい。攻撃の瞬間の短い掛け声。息が強く乗り、鋭く切れる。特定の実在人物の声を模倣しない。,豊永利行の軽妙な中高音。お調子者の早口、情けなく震える弱音から、覚悟を決めた時の張り詰めた叫びまで振れ幅が大きい。逃げ腰の弱音を振り切り仲間の前に立つ覚悟の叫び（第30話「ポップの覚悟」）。特定の実在人物の声を模倣しない。,豊永利行の軽妙な中高音。お調子者の早口、情けなく震える弱音から、覚悟を決めた時の張り詰めた叫びまで振れ幅が大きい。被弾の苦痛。短い呻きで、息が詰まる。特定の実在人物の声を模倣しない。,豊永利行の軽妙な中高音。お調子者の早口、情けなく震える弱音から、覚悟を決めた時の張り詰めた叫びまで振れ幅が大きい。力尽きる最後の声。震えて弱まり、途切れる。特定の実在人物の声を模倣しない。
b2-rem,蕾姆,水瀬いのりの澄んだ高めの声。丁寧語の落ち着いた抑揚で、感情を抑えた冷たい淡々さと、スバルへ向ける甘く震える献身の熱の二面性。通常時の話し方。特定の実在人物の声を模倣しない。,水瀬いのりの澄んだ高めの声。丁寧語の落ち着いた抑揚で、感情を抑えた冷たい淡々さと、スバルへ向ける甘く震える献身の熱の二面性。攻撃の瞬間の短い掛け声。息が強く乗り、鋭く切れる。特定の実在人物の声を模倣しない。,水瀬いのりの澄んだ高めの声。丁寧語の落ち着いた抑揚で、感情を抑えた冷たい淡々さと、スバルへ向ける甘く震える献身の熱の二面性。「レムは、スバルくんを愛しています」— 静かな丁寧語のまま溢れる献身。特定の実在人物の声を模倣しない。,水瀬いのりの澄んだ高めの声。丁寧語の落ち着いた抑揚で、感情を抑えた冷たい淡々さと、スバルへ向ける甘く震える献身の熱の二面性。被弾の苦痛。短い呻きで、息が詰まる。特定の実在人物の声を模倣しない。,水瀬いのりの澄んだ高めの声。丁寧語の落ち着いた抑揚で、感情を抑えた冷たい淡々さと、スバルへ向ける甘く震える献身の熱の二面性。力尽きる最後の声。震えて弱まり、途切れる。特定の実在人物の声を模倣しない。
b2-rin,遠坂凜,張りのある中音域の少女声。優等生然としたキリッとした滑舌で、ツンとした早口の説教口調から油断した瞬間の素の砕けた声まで振れ幅が大きい。通常時の話し方。特定の実在人物の声を模倣しない。,張りのある中音域の少女声。優等生然としたキリッとした滑舌で、ツンとした早口の説教口調から油断した瞬間の素の砕けた声まで振れ幅が大きい。攻撃の瞬間の短い掛け声。息が強く乗り、鋭く切れる。特定の実在人物の声を模倣しない。,張りのある中音域の少女声。優等生然としたキリッとした滑舌で、ツンとした早口の説教口調から油断した瞬間の素の砕けた声まで振れ幅が大きい。ツンデレ的な取り繕い：自信満々に啖呵を切った直後に失敗して「……ま、まあ、悪くないじゃない」と強がる照れ隠し。特定の実在人物の声を模倣しない。,張りのある中音域の少女声。優等生然としたキリッとした滑舌で、ツンとした早口の説教口調から油断した瞬間の素の砕けた声まで振れ幅が大きい。被弾の苦痛。短い呻きで、息が詰まる。特定の実在人物の声を模倣しない。,張りのある中音域の少女声。優等生然としたキリッとした滑舌で、ツンとした早口の説教口調から油断した瞬間の素の砕けた声まで振れ幅が大きい。力尽きる最後の声。震えて弱まり、途切れる。特定の実在人物の声を模倣しない。
b2-shadow,闇影,シド時は軽い青年のモブ声だが、シャドウ時は喉を絞った低音で芝居がかった重厚なナレーション調に切り替わる。意図的な中二病の大仰さと、内心の軽薄なツッコミの二層構造。通常時の話し方。特定の実在人物の声を模倣しない。,シド時は軽い青年のモブ声だが、シャドウ時は喉を絞った低音で芝居がかった重厚なナレーション調に切り替わる。意図的な中二病の大仰さと、内心の軽薄なツッコミの二層構造。攻撃の瞬間の短い掛け声。息が強く乗り、鋭く切れる。特定の実在人物の声を模倣しない。,シド時は軽い青年のモブ声だが、シャドウ時は喉を絞った低音で芝居がかった重厚なナレーション調に切り替わる。意図的な中二病の大仰さと、内心の軽薄なツッコミの二層構造。決め台詞「アイ・アム・アトミック」——静かに溜めてから世界を焼き払う陶酔の低音。特定の実在人物の声を模倣しない。,シド時は軽い青年のモブ声だが、シャドウ時は喉を絞った低音で芝居がかった重厚なナレーション調に切り替わる。意図的な中二病の大仰さと、内心の軽薄なツッコミの二層構造。被弾の苦痛。短い呻きで、息が詰まる。特定の実在人物の声を模倣しない。,シド時は軽い青年のモブ声だが、シャドウ時は喉を絞った低音で芝居がかった重厚なナレーション調に切り替わる。意図的な中二病の大仰さと、内心の軽薄なツッコミの二層構造。力尽きる最後の声。震えて弱まり、途切れる。特定の実在人物の声を模倣しない。
b2-shinchan,野原新之助,鼻にかかったハスキーで低めの5歳児声。間延びした「オラ〜」の語尾と、大人びた言い回しをのんびり平坦に言う脱力感。通常時の話し方。特定の実在人物の声を模倣しない。,鼻にかかったハスキーで低めの5歳児声。間延びした「オラ〜」の語尾と、大人びた言い回しをのんびり平坦に言う脱力感。攻撃の瞬間の短い掛け声。息が強く乗り、鋭く切れる。特定の実在人物の声を模倣しない。,鼻にかかったハスキーで低めの5歳児声。間延びした「オラ〜」の語尾と、大人びた言い回しをのんびり平坦に言う脱力感。能天気なマイペース：「オラ、しんのすけ！」の自己紹介やお尻を出しての「ぶりぶり〜」のふざけた上機嫌。特定の実在人物の声を模倣しない。,鼻にかかったハスキーで低めの5歳児声。間延びした「オラ〜」の語尾と、大人びた言い回しをのんびり平坦に言う脱力感。被弾の苦痛。短い呻きで、息が詰まる。特定の実在人物の声を模倣しない。,鼻にかかったハスキーで低めの5歳児声。間延びした「オラ〜」の語尾と、大人びた言い回しをのんびり平坦に言う脱力感。力尽きる最後の声。震えて弱まり、途切れる。特定の実在人物の声を模倣しない。
b2-sinbad,辛巴達,艶のある低音のバリトン。王者らしい余裕と包容力のある語り、酔っぱらいや軽口ではくだけた愛嬌ある調子に崩れる。通常時の話し方。特定の実在人物の声を模倣しない。,艶のある低音のバリトン。王者らしい余裕と包容力のある語り、酔っぱらいや軽口ではくだけた愛嬌ある調子に崩れる。攻撃の瞬間の短い掛け声。息が強く乗り、鋭く切れる。特定の実在人物の声を模倣しない。,艶のある低音のバリトン。王者らしい余裕と包容力のある語り、酔っぱらいや軽口ではくだけた愛嬌ある調子に崩れる。宴会で人を懐柔する豪快な笑いと、王として決断を下す時の静かな威圧。特定の実在人物の声を模倣しない。,艶のある低音のバリトン。王者らしい余裕と包容力のある語り、酔っぱらいや軽口ではくだけた愛嬌ある調子に崩れる。被弾の苦痛。短い呻きで、息が詰まる。特定の実在人物の声を模倣しない。,艶のある低音のバリトン。王者らしい余裕と包容力のある語り、酔っぱらいや軽口ではくだけた愛嬌ある調子に崩れる。力尽きる最後の声。震えて弱まり、途切れる。特定の実在人物の声を模倣しない。
b2-takopi,章魚嗶,極端に高い甲高いマスコット声。語尾の「〜っピ」で無邪気にはしゃぐ一方、事態を理解できず戸惑う時の震える幼い声。通常時の話し方。特定の実在人物の声を模倣しない。,極端に高い甲高いマスコット声。語尾の「〜っピ」で無邪気にはしゃぐ一方、事態を理解できず戸惑う時の震える幼い声。攻撃の瞬間の短い掛け声。息が強く乗り、鋭く切れる。特定の実在人物の声を模倣しない。,極端に高い甲高いマスコット声。語尾の「〜っピ」で無邪気にはしゃぐ一方、事態を理解できず戸惑う時の震える幼い声。「ハッピーにするっピ！」の純真な張り切りと、取り返しのつかない結果を前にした泣き声混じりの困惑。特定の実在人物の声を模倣しない。,極端に高い甲高いマスコット声。語尾の「〜っピ」で無邪気にはしゃぐ一方、事態を理解できず戸惑う時の震える幼い声。被弾の苦痛。短い呻きで、息が詰まる。特定の実在人物の声を模倣しない。,極端に高い甲高いマスコット声。語尾の「〜っピ」で無邪気にはしゃぐ一方、事態を理解できず戸惑う時の震える幼い声。力尽きる最後の声。震えて弱まり、途切れる。特定の実在人物の声を模倣しない。
b2-touka,托卡・史考特,加藤渉：軽薄で調子のいい農夫の少年声、スケベな欲望を隠さないハイテンションな喚き。土岐隼一：勇者シオンの体に入った後の、爽やかな勇者声で中身の下品さを喋る落差。通常時の話し方。特定の実在人物の声を模倣しない。,加藤渉：軽薄で調子のいい農夫の少年声、スケベな欲望を隠さないハイテンションな喚き。土岐隼一：勇者シオンの体に入った後の、爽やかな勇者声で中身の下品さを喋る落差。攻撃の瞬間の短い掛け声。息が強く乗り、鋭く切れる。特定の実在人物の声を模倣しない。,加藤渉：軽薄で調子のいい農夫の少年声、スケベな欲望を隠さないハイテンションな喚き。土岐隼一：勇者シオンの体に入った後の、爽やかな勇者声で中身の下品さを喋る落差。落とし穴に勇者を落として慌てふためく絶叫と、ニーソックスへの執着を熱弁する開き直り。特定の実在人物の声を模倣しない。,加藤渉：軽薄で調子のいい農夫の少年声、スケベな欲望を隠さないハイテンションな喚き。土岐隼一：勇者シオンの体に入った後の、爽やかな勇者声で中身の下品さを喋る落差。被弾の苦痛。短い呻きで、息が詰まる。特定の実在人物の声を模倣しない。,加藤渉：軽薄で調子のいい農夫の少年声、スケベな欲望を隠さないハイテンションな喚き。土岐隼一：勇者シオンの体に入った後の、爽やかな勇者声で中身の下品さを喋る落差。力尽きる最後の声。震えて弱まり、途切れる。特定の実在人物の声を模倣しない。
b2-uncle,異世界舅舅,子安武人の艶のある中低音を、覇気のない鼻声気味のボソボソした喋りに崩した中年声。セガ愛を語る時だけ早口で熱がこもる。通常時の話し方。特定の実在人物の声を模倣しない。,子安武人の艶のある中低音を、覇気のない鼻声気味のボソボソした喋りに崩した中年声。セガ愛を語る時だけ早口で熱がこもる。攻撃の瞬間の短い掛け声。息が強く乗り、鋭く切れる。特定の実在人物の声を模倣しない。,子安武人の艶のある中低音を、覇気のない鼻声気味のボソボソした喋りに崩した中年声。セガ愛を語る時だけ早口で熱がこもる。エルフの好意にまったく気づかず淡々と客対応するズレた鈍感さと、セガサターンを語る時の唐突な熱弁。特定の実在人物の声を模倣しない。,子安武人の艶のある中低音を、覇気のない鼻声気味のボソボソした喋りに崩した中年声。セガ愛を語る時だけ早口で熱がこもる。被弾の苦痛。短い呻きで、息が詰まる。特定の実在人物の声を模倣しない。,子安武人の艶のある中低音を、覇気のない鼻声気味のボソボソした喋りに崩した中年声。セガ愛を語る時だけ早口で熱がこもる。力尽きる最後の声。震えて弱まり、途切れる。特定の実在人物の声を模倣しない。
b2-yogiri,高遠夜霧,気怠げで抑揚の少ない低めの青年声。眠そうな脱力した独り言調で、感情を乗せずに「死ね」と言い切る冷たさ。通常時の話し方。特定の実在人物の声を模倣しない。,気怠げで抑揚の少ない低めの青年声。眠そうな脱力した独り言調で、感情を乗せずに「死ね」と言い切る冷たさ。攻撃の瞬間の短い掛け声。息が強く乗り、鋭く切れる。特定の実在人物の声を模倣しない。,気怠げで抑揚の少ない低めの青年声。眠そうな脱力した独り言調で、感情を乗せずに「死ね」と言い切る冷たさ。欠伸混じりの無関心のまま、脅威に対して淡々と「死ね」と告げる瞬間。特定の実在人物の声を模倣しない。,気怠げで抑揚の少ない低めの青年声。眠そうな脱力した独り言調で、感情を乗せずに「死ね」と言い切る冷たさ。被弾の苦痛。短い呻きで、息が詰まる。特定の実在人物の声を模倣しない。,気怠げで抑揚の少ない低めの青年声。眠そうな脱力した独り言調で、感情を乗せずに「死ね」と言い切る冷たさ。力尽きる最後の声。震えて弱まり、途切れる。特定の実在人物の声を模倣しない。
b2-zenitsu,我妻善逸,喉を裂くような甲高い泣き喚きと早口の弱音が基本。眠って戦う時は一転して低く静かな呼吸音混じりの落ち着いた声。通常時の話し方。特定の実在人物の声を模倣しない。,喉を裂くような甲高い泣き喚きと早口の弱音が基本。眠って戦う時は一転して低く静かな呼吸音混じりの落ち着いた声。攻撃の瞬間の短い掛け声。息が強く乗り、鋭く切れる。特定の実在人物の声を模倣しない。,喉を裂くような甲高い泣き喚きと早口の弱音が基本。眠って戦う時は一転して低く静かな呼吸音混じりの落ち着いた声。「死にたくない！」の情けない絶叫から、気絶後の「雷の呼吸 壱ノ型 霹靂一閃」の静かな集中への急転。特定の実在人物の声を模倣しない。,喉を裂くような甲高い泣き喚きと早口の弱音が基本。眠って戦う時は一転して低く静かな呼吸音混じりの落ち着いた声。被弾の苦痛。短い呻きで、息が詰まる。特定の実在人物の声を模倣しない。,喉を裂くような甲高い泣き喚きと早口の弱音が基本。眠って戦う時は一転して低く静かな呼吸音混じりの落ち着いた声。力尽きる最後の声。震えて弱まり、途切れる。特定の実在人物の声を模倣しない。
community-review-01-20260907,武藤遊戲,表の遊戯は柔らかく高めの少年声、闇遊戯（アテム）は同じ声優が喉を落とした張りのある中低音。デュエル中は一語一語を区切って言い切る、決め台詞型の演劇的な口調。通常時の話し方。特定の実在人物の声を模倣しない。,表の遊戯は柔らかく高めの少年声、闇遊戯（アテム）は同じ声優が喉を落とした張りのある中低音。デュエル中は一語一語を区切って言い切る、決め台詞型の演劇的な口調。攻撃の瞬間の短い掛け声。息が強く乗り、鋭く切れる。特定の実在人物の声を模倣しない。,表の遊戯は柔らかく高めの少年声、闇遊戯（アテム）は同じ声優が喉を落とした張りのある中低音。デュエル中は一語一語を区切って言い切る、決め台詞型の演劇的な口調。闇遊戯の「俺のターン、ドロー！」／「ブラック・マジシャン！」の召喚宣言特定の実在人物の声を模倣しない。,表の遊戯は柔らかく高めの少年声、闇遊戯（アテム）は同じ声優が喉を落とした張りのある中低音。デュエル中は一語一語を区切って言い切る、決め台詞型の演劇的な口調。被弾の苦痛。短い呻きで、息が詰まる。特定の実在人物の声を模倣しない。,表の遊戯は柔らかく高めの少年声、闇遊戯（アテム）は同じ声優が喉を落とした張りのある中低音。デュエル中は一語一語を区切って言い切る、決め台詞型の演劇的な口調。力尽きる最後の声。震えて弱まり、途切れる。特定の実在人物の声を模倣しない。
community-review-02-20260907,八神庵,掠れた低音で吐き捨てるような荒々しい男声。抑えた唸りから一気に爆発する狂気じみた高笑い、言葉は短く冷たい。通常時の話し方。特定の実在人物の声を模倣しない。,掠れた低音で吐き捨てるような荒々しい男声。抑えた唸りから一気に爆発する狂気じみた高笑い、言葉は短く冷たい。攻撃の瞬間の短い掛け声。息が強く乗り、鋭く切れる。特定の実在人物の声を模倣しない。,掠れた低音で吐き捨てるような荒々しい男声。抑えた唸りから一気に爆発する狂気じみた高笑い、言葉は短く冷たい。「泣け！叫べ！そして死ね！」の狂気の咆哮／勝利時の嘲笑特定の実在人物の声を模倣しない。,掠れた低音で吐き捨てるような荒々しい男声。抑えた唸りから一気に爆発する狂気じみた高笑い、言葉は短く冷たい。被弾の苦痛。短い呻きで、息が詰まる。特定の実在人物の声を模倣しない。,掠れた低音で吐き捨てるような荒々しい男声。抑えた唸りから一気に爆発する狂気じみた高笑い、言葉は短く冷たい。力尽きる最後の声。震えて弱まり、途切れる。特定の実在人物の声を模倣しない。
community-review-03-20260907,不知火舞,艶のある明るい中音域の女性声。語尾を伸ばす色っぽい甘さと、くノ一らしい快活で勝ち気な張りが同居する。通常時の話し方。特定の実在人物の声を模倣しない。,艶のある明るい中音域の女性声。語尾を伸ばす色っぽい甘さと、くノ一らしい快活で勝ち気な張りが同居する。攻撃の瞬間の短い掛け声。息が強く乗り、鋭く切れる。特定の実在人物の声を模倣しない。,艶のある明るい中音域の女性声。語尾を伸ばす色っぽい甘さと、くノ一らしい快活で勝ち気な張りが同居する。「日本一！」の勝利ポーズ／「超必殺忍蜂！」の技名叫び特定の実在人物の声を模倣しない。,艶のある明るい中音域の女性声。語尾を伸ばす色っぽい甘さと、くノ一らしい快活で勝ち気な張りが同居する。被弾の苦痛。短い呻きで、息が詰まる。特定の実在人物の声を模倣しない。,艶のある明るい中音域の女性声。語尾を伸ばす色っぽい甘さと、くノ一らしい快活で勝ち気な張りが同居する。力尽きる最後の声。震えて弱まり、途切れる。特定の実在人物の声を模倣しない。
community-review-04-20260907,空條承太郎,腹に響く深い低音の男声。感情を殺した無愛想で短い言い回しから、ラッシュ時の「オラオラ」で一気に張り上げる。通常時の話し方。特定の実在人物の声を模倣しない。,腹に響く深い低音の男声。感情を殺した無愛想で短い言い回しから、ラッシュ時の「オラオラ」で一気に張り上げる。攻撃の瞬間の短い掛け声。息が強く乗り、鋭く切れる。特定の実在人物の声を模倣しない。,腹に響く深い低音の男声。感情を殺した無愛想で短い言い回しから、ラッシュ時の「オラオラ」で一気に張り上げる。「やれやれだぜ」の低い呟き／「スタープラチナ・ザ・ワールド！」の時止め宣言特定の実在人物の声を模倣しない。,腹に響く深い低音の男声。感情を殺した無愛想で短い言い回しから、ラッシュ時の「オラオラ」で一気に張り上げる。被弾の苦痛。短い呻きで、息が詰まる。特定の実在人物の声を模倣しない。,腹に響く深い低音の男声。感情を殺した無愛想で短い言い回しから、ラッシュ時の「オラオラ」で一気に張り上げる。力尽きる最後の声。震えて弱まり、途切れる。特定の実在人物の声を模倣しない。
community-review-05-20260907,洛克人,女性声優による少年ロボットの声。澄んだ高めの中音で、素直でまっすぐな明るさと決意のこもった張り。通常時の話し方。特定の実在人物の声を模倣しない。,女性声優による少年ロボットの声。澄んだ高めの中音で、素直でまっすぐな明るさと決意のこもった張り。攻撃の瞬間の短い掛け声。息が強く乗り、鋭く切れる。特定の実在人物の声を模倣しない。,女性声優による少年ロボットの声。澄んだ高めの中音で、素直でまっすぐな明るさと決意のこもった張り。「行くぞ、ワイリー！」の出撃宣言／チャージショット発射時の気合特定の実在人物の声を模倣しない。,女性声優による少年ロボットの声。澄んだ高めの中音で、素直でまっすぐな明るさと決意のこもった張り。被弾の苦痛。短い呻きで、息が詰まる。特定の実在人物の声を模倣しない。,女性声優による少年ロボットの声。澄んだ高めの中音で、素直でまっすぐな明るさと決意のこもった張り。力尽きる最後の声。震えて弱まり、途切れる。特定の実在人物の声を模倣しない。
community-review-06-20260907,卡比,幼児のような甲高くまるい声。言葉はほぼ無く「ぽよ」「ハーイ」「ぴょい」といった短い発声と掛け声で感情を表す。通常時の話し方。特定の実在人物の声を模倣しない。,幼児のような甲高くまるい声。言葉はほぼ無く「ぽよ」「ハーイ」「ぴょい」といった短い発声と掛け声で感情を表す。攻撃の瞬間の短い掛け声。息が強く乗り、鋭く切れる。特定の実在人物の声を模倣しない。,幼児のような甲高くまるい声。言葉はほぼ無く「ぽよ」「ハーイ」「ぴょい」といった短い発声と掛け声で感情を表す。吸い込み時の「んー…ぷはっ」／コピー能力発動の「ハイッ！」特定の実在人物の声を模倣しない。,幼児のような甲高くまるい声。言葉はほぼ無く「ぽよ」「ハーイ」「ぴょい」といった短い発声と掛け声で感情を表す。被弾の苦痛。短い呻きで、息が詰まる。特定の実在人物の声を模倣しない。,幼児のような甲高くまるい声。言葉はほぼ無く「ぽよ」「ハーイ」「ぴょい」といった短い発声と掛け声で感情を表す。力尽きる最後の声。震えて弱まり、途切れる。特定の実在人物の声を模倣しない。
community-review-07-20260907,西索,粘りつくように甘い中音の男声。語尾を「♦」「♠」で遊ぶような妖しい抑揚と、興奮すると裏返る恍惚の吐息。通常時の話し方。特定の実在人物の声を模倣しない。,粘りつくように甘い中音の男声。語尾を「♦」「♠」で遊ぶような妖しい抑揚と、興奮すると裏返る恍惚の吐息。攻撃の瞬間の短い掛け声。息が強く乗り、鋭く切れる。特定の実在人物の声を模倣しない。,粘りつくように甘い中音の男声。語尾を「♦」「♠」で遊ぶような妖しい抑揚と、興奮すると裏返る恍惚の吐息。「ゾクゾクするねぇ…♥」の恍惚／「バンジーガム」の技名を囁く特定の実在人物の声を模倣しない。,粘りつくように甘い中音の男声。語尾を「♦」「♠」で遊ぶような妖しい抑揚と、興奮すると裏返る恍惚の吐息。被弾の苦痛。短い呻きで、息が詰まる。特定の実在人物の声を模倣しない。,粘りつくように甘い中音の男声。語尾を「♦」「♠」で遊ぶような妖しい抑揚と、興奮すると裏返る恍惚の吐息。力尽きる最後の声。震えて弱まり、途切れる。特定の実在人物の声を模倣しない。
community-review-08-20260907,米卡莎,感情を抑えた落ち着いた低めの女性声。平坦でぶっきらぼうな短文が基調で、エレンが絡むと一気に切迫した叫びに変わる。通常時の話し方。特定の実在人物の声を模倣しない。,感情を抑えた落ち着いた低めの女性声。平坦でぶっきらぼうな短文が基調で、エレンが絡むと一気に切迫した叫びに変わる。攻撃の瞬間の短い掛け声。息が強く乗り、鋭く切れる。特定の実在人物の声を模倣しない。,感情を抑えた落ち着いた低めの女性声。平坦でぶっきらぼうな短文が基調で、エレンが絡むと一気に切迫した叫びに変わる。「エレン…」の押し殺した呼びかけ／「行ってらっしゃい、エレン」特定の実在人物の声を模倣しない。,感情を抑えた落ち着いた低めの女性声。平坦でぶっきらぼうな短文が基調で、エレンが絡むと一気に切迫した叫びに変わる。被弾の苦痛。短い呻きで、息が詰まる。特定の実在人物の声を模倣しない。,感情を抑えた落ち着いた低めの女性声。平坦でぶっきらぼうな短文が基調で、エレンが絡むと一気に切迫した叫びに変わる。力尽きる最後の声。震えて弱まり、途切れる。特定の実在人物の声を模倣しない。
community-review-09-20260907,赫蘿,気品と余裕のある柔らかな中音の女性声。「わっち」「〜ぬし」の古風な花魁言葉で、からかうような甘えと賢狼の威厳を行き来する。通常時の話し方。特定の実在人物の声を模倣しない。,気品と余裕のある柔らかな中音の女性声。「わっち」「〜ぬし」の古風な花魁言葉で、からかうような甘えと賢狼の威厳を行き来する。攻撃の瞬間の短い掛け声。息が強く乗り、鋭く切れる。特定の実在人物の声を模倣しない。,気品と余裕のある柔らかな中音の女性声。「わっち」「〜ぬし」の古風な花魁言葉で、からかうような甘えと賢狼の威厳を行き来する。「わっちは賢狼ホロじゃ」の誇り高い名乗り／ロレンスをからかう含み笑い特定の実在人物の声を模倣しない。,気品と余裕のある柔らかな中音の女性声。「わっち」「〜ぬし」の古風な花魁言葉で、からかうような甘えと賢狼の威厳を行き来する。被弾の苦痛。短い呻きで、息が詰まる。特定の実在人物の声を模倣しない。,気品と余裕のある柔らかな中音の女性声。「わっち」「〜ぬし」の古風な花魁言葉で、からかうような甘えと賢狼の威厳を行き来する。力尽きる最後の声。震えて弱まり、途切れる。特定の実在人物の声を模倣しない。
community-review-10-20260907,魯路修,よく通る張りのある中音の若い男声。理知的で芝居がかった演説口調、ゼロとしては朗々と命令し、追い詰められると高笑いに転じる。通常時の話し方。特定の実在人物の声を模倣しない。,よく通る張りのある中音の若い男声。理知的で芝居がかった演説口調、ゼロとしては朗々と命令し、追い詰められると高笑いに転じる。攻撃の瞬間の短い掛け声。息が強く乗り、鋭く切れる。特定の実在人物の声を模倣しない。,よく通る張りのある中音の若い男声。理知的で芝居がかった演説口調、ゼロとしては朗々と命令し、追い詰められると高笑いに転じる。「ルルーシュ・ヴィ・ブリタニアが命じる——撃て！」のギアス命令特定の実在人物の声を模倣しない。,よく通る張りのある中音の若い男声。理知的で芝居がかった演説口調、ゼロとしては朗々と命令し、追い詰められると高笑いに転じる。被弾の苦痛。短い呻きで、息が詰まる。特定の実在人物の声を模倣しない。,よく通る張りのある中音の若い男声。理知的で芝居がかった演説口調、ゼロとしては朗々と命令し、追い詰められると高笑いに転じる。力尽きる最後の声。震えて弱まり、途切れる。特定の実在人物の声を模倣しない。
community-review-11-20260907,利姆路,少年とも少女ともつかない中性的で明るい中音。気さくなツッコミ口調と、魔王として低く凄む声を切り替える。通常時の話し方。特定の実在人物の声を模倣しない。,少年とも少女ともつかない中性的で明るい中音。気さくなツッコミ口調と、魔王として低く凄む声を切り替える。攻撃の瞬間の短い掛け声。息が強く乗り、鋭く切れる。特定の実在人物の声を模倣しない。,少年とも少女ともつかない中性的で明るい中音。気さくなツッコミ口調と、魔王として低く凄む声を切り替える。「大賢者、解析！」の指示／魔王覚醒時の静かな凄み特定の実在人物の声を模倣しない。,少年とも少女ともつかない中性的で明るい中音。気さくなツッコミ口調と、魔王として低く凄む声を切り替える。被弾の苦痛。短い呻きで、息が詰まる。特定の実在人物の声を模倣しない。,少年とも少女ともつかない中性的で明るい中音。気さくなツッコミ口調と、魔王として低く凄む声を切り替える。力尽きる最後の声。震えて弱まり、途切れる。特定の実在人物の声を模倣しない。
community-review-12-20260907,衛宮士郎,素朴で少し掠れた中音の若い男声。愚直な真面目さと、詠唱では淡々と抑えた語りから絞り出す気迫。通常時の話し方。特定の実在人物の声を模倣しない。,素朴で少し掠れた中音の若い男声。愚直な真面目さと、詠唱では淡々と抑えた語りから絞り出す気迫。攻撃の瞬間の短い掛け声。息が強く乗り、鋭く切れる。特定の実在人物の声を模倣しない。,素朴で少し掠れた中音の若い男声。愚直な真面目さと、詠唱では淡々と抑えた語りから絞り出す気迫。「投影、開始（トレース・オン）」の詠唱／「I am the bone of my sword」の宝具詠唱特定の実在人物の声を模倣しない。,素朴で少し掠れた中音の若い男声。愚直な真面目さと、詠唱では淡々と抑えた語りから絞り出す気迫。被弾の苦痛。短い呻きで、息が詰まる。特定の実在人物の声を模倣しない。,素朴で少し掠れた中音の若い男声。愚直な真面目さと、詠唱では淡々と抑えた語りから絞り出す気迫。力尽きる最後の声。震えて弱まり、途切れる。特定の実在人物の声を模倣しない。
community-review-13-20260907,朝田詩乃,クールで冷静な低めの女性声。感情を抑えた淡々とした狙撃手の口調に、ときおり照れや脆さがにじむ。通常時の話し方。特定の実在人物の声を模倣しない。,クールで冷静な低めの女性声。感情を抑えた淡々とした狙撃手の口調に、ときおり照れや脆さがにじむ。攻撃の瞬間の短い掛け声。息が強く乗り、鋭く切れる。特定の実在人物の声を模倣しない。,クールで冷静な低めの女性声。感情を抑えた淡々とした狙撃手の口調に、ときおり照れや脆さがにじむ。「ヘカートII」構え時の静かな集中／照れ隠しの「別に、あんたのためじゃない」特定の実在人物の声を模倣しない。,クールで冷静な低めの女性声。感情を抑えた淡々とした狙撃手の口調に、ときおり照れや脆さがにじむ。被弾の苦痛。短い呻きで、息が詰まる。特定の実在人物の声を模倣しない。,クールで冷静な低めの女性声。感情を抑えた淡々とした狙撃手の口調に、ときおり照れや脆さがにじむ。力尽きる最後の声。震えて弱まり、途切れる。特定の実在人物の声を模倣しない。
