championId,verdict,refImage,bands,rawRuns,maxPairwiseDeltaE,foregroundRatio,bboxHeightRatio,framesDropped,hash,duplicateOf,bandHexes,reasons
godie-e001,PASS,godie-e001.png,11,22,81.21,0.9797,1.0000,0,10003f5fd23d1778,,hair=#24291f hatBand=#c0ccc9 hatBrim=#121f19 face=#b08252 collar=#000000 chestTrim=#c7c2a7 top=#000000 waist=#8b5f3d pants=#000000 shin=#646367 shoe=#131501,sleeve 與 faceColors 無法從中軸條碼推得：草稿為 long + 最暗帶，需人工確認 ｜ 反鋸齒/漸層：3815 種像素顏色收斂成 11 條帶，3804 種中間色被眾數 + ΔE<12 併段吸收（自動修）
godie-e002,PASS,godie-e002.png,11,29,99.92,0.9883,1.0000,0,dc2bc9fe08aabf19,,hair=#202914 hatBand=#ffffff hatBrim=#fcfff5 face=#753564 collar=#f6fffb chestTrim=#723765 top=#00d0ff waist=#000005 pants=#ffffff shin=#0176fa shoe=#6b6668,sleeve 與 faceColors 無法從中軸條碼推得：草稿為 long + 最暗帶，需人工確認 ｜ 反鋸齒/漸層：3799 種像素顏色收斂成 11 條帶，3788 種中間色被眾數 + ΔE<12 併段吸收（自動修）
godie-e007,PASS,godie-e007.png,11,29,91.71,0.9736,1.0000,0,5333a7cf4c60eb88,,hair=#342a1a hatBand=#d8d7dd hatBrim=#5c3b32 face=#242a22 collar=#fff5f8 chestTrim=#b3b0b5 top=#fffcf8 waist=#96969b pants=#312424 shin=#6f6d6f shoe=#11190e,sleeve 與 faceColors 無法從中軸條碼推得：草稿為 long + 最暗帶，需人工確認 ｜ 反鋸齒/漸層：3820 種像素顏色收斂成 11 條帶，3809 種中間色被眾數 + ΔE<12 併段吸收（自動修）
godie-e008,PASS,godie-e008.png,11,36,100.47,0.9856,1.0000,0,c367a7a93a70e25e,,hair=#20241c hatBand=#e0d5db hatBrim=#130801 face=#ed3439 collar=#3a000e chestTrim=#f33231 top=#150109 waist=#9f0000 pants=#14271a shin=#c40000 shoe=#fd9fa3,sleeve 與 faceColors 無法從中軸條碼推得：草稿為 long + 最暗帶，需人工確認 ｜ 反鋸齒/漸層：3711 種像素顏色收斂成 11 條帶，3700 種中間色被眾數 + ΔE<12 併段吸收（自動修）
godie-e00j,PASS,godie-e00j.png,11,17,85.13,0.9749,1.0000,0,ce6761f9fa1d750e,,hair=#2c3025 hatBand=#c2cdc7 hatBrim=#574d42 face=#000000 collar=#800000 chestTrim=#974949 top=#c1c1c1 waist=#c1c1c1 pants=#000000 shin=#68635e shoe=#12000f,sleeve 與 faceColors 無法從中軸條碼推得：草稿為 long + 最暗帶，需人工確認 ｜ 反鋸齒/漸層：2042 種像素顏色收斂成 11 條帶，2031 種中間色被眾數 + ΔE<12 併段吸收（自動修）
godie-e00k,PASS,godie-e00k.png,11,36,100.88,0.9768,1.0000,0,4d3db2f76a6952d0,,hair=#202916 hatBand=#c3c4c3 hatBrim=#1c0000 face=#f6d294 collar=#210000 chestTrim=#fdf1d4 top=#000000 waist=#ffffff pants=#040d00 shin=#f2d6b2 shoe=#000021,sleeve 與 faceColors 無法從中軸條碼推得：草稿為 long + 最暗帶，需人工確認 ｜ 反鋸齒/漸層：3881 種像素顏色收斂成 11 條帶，3870 種中間色被眾數 + ΔE<12 併段吸收（自動修）
godie-e00l,DUPLICATE,godie-e00l.png,11,29,99.92,0.9883,1.0000,0,dc2bc9fe08aabf19,godie-e002,hair=#202914 hatBand=#ffffff hatBrim=#fcfff5 face=#753564 collar=#f6fffb chestTrim=#723765 top=#00d0ff waist=#000005 pants=#ffffff shin=#0176fa shoe=#6b6668,sleeve 與 faceColors 無法從中軸條碼推得：草稿為 long + 最暗帶，需人工確認 ｜ 反鋸齒/漸層：3799 種像素顏色收斂成 11 條帶，3788 種中間色被眾數 + ΔE<12 併段吸收（自動修） ｜ 條碼 hash dc2bc9fe08aabf19 與 godie-e002 相同 —— 圖示重複，強制人工
godie-e00n,DUPLICATE,godie-e00n.png,11,22,81.21,0.9797,1.0000,0,10003f5fd23d1778,godie-e001,hair=#24291f hatBand=#c0ccc9 hatBrim=#121f19 face=#b08252 collar=#000000 chestTrim=#c7c2a7 top=#000000 waist=#8b5f3d pants=#000000 shin=#646367 shoe=#131501,sleeve 與 faceColors 無法從中軸條碼推得：草稿為 long + 最暗帶，需人工確認 ｜ 反鋸齒/漸層：3815 種像素顏色收斂成 11 條帶，3804 種中間色被眾數 + ΔE<12 併段吸收（自動修） ｜ 條碼 hash 10003f5fd23d1778 與 godie-e001 相同 —— 圖示重複，強制人工
godie-e00q,DUPLICATE,godie-e00q.png,11,29,99.92,0.9883,1.0000,0,dc2bc9fe08aabf19,godie-e002,hair=#202914 hatBand=#ffffff hatBrim=#fcfff5 face=#753564 collar=#f6fffb chestTrim=#723765 top=#00d0ff waist=#000005 pants=#ffffff shin=#0176fa shoe=#6b6668,sleeve 與 faceColors 無法從中軸條碼推得：草稿為 long + 最暗帶，需人工確認 ｜ 反鋸齒/漸層：3799 種像素顏色收斂成 11 條帶，3788 種中間色被眾數 + ΔE<12 併段吸收（自動修） ｜ 條碼 hash dc2bc9fe08aabf19 與 godie-e002 相同 —— 圖示重複，強制人工
godie-e00r,PASS,godie-e00r.png,11,37,93.73,0.9768,1.0000,0,16ad898fa46253b8,,hair=#33291d hatBand=#d5d8d6 hatBrim=#4e4e47 face=#34197d collar=#24322a chestTrim=#3e4eac top=#23341f waist=#944d35 pants=#3342a3 shin=#965835 shoe=#242f2f,sleeve 與 faceColors 無法從中軸條碼推得：草稿為 long + 最暗帶，需人工確認 ｜ 反鋸齒/漸層：3775 種像素顏色收斂成 11 條帶，3764 種中間色被眾數 + ΔE<12 併段吸收（自動修）
godie-e00s,FAIL,godie-e00s.webp,0,0,0.00,0.0000,0.0000,0,,,,解碼失敗：不是 PNG（.webp）—— 目前只支援 PNG 參考圖
godie-e00t,FAIL,godie-e00t.webp,0,0,0.00,0.0000,0.0000,0,,,,解碼失敗：不是 PNG（.webp）—— 目前只支援 PNG 參考圖
godie-e00u,FAIL,godie-e00u.webp,0,0,0.00,0.0000,0.0000,0,,,,解碼失敗：不是 PNG（.webp）—— 目前只支援 PNG 參考圖
godie-e00v,FAIL,godie-e00v.webp,0,0,0.00,0.0000,0.0000,0,,,,解碼失敗：不是 PNG（.webp）—— 目前只支援 PNG 參考圖
godie-e00w,PASS,godie-e00w.png,11,16,100.00,0.9622,1.0000,0,bb2cc7327866a965,,hair=#001616 hatBand=#f0ffff hatBrim=#030f1f face=#ffffff collar=#21303a chestTrim=#f8ca9a top=#000000 waist=#f7a385 pants=#000000 shin=#ffa585 shoe=#000000,sleeve 與 faceColors 無法從中軸條碼推得：草稿為 long + 最暗帶，需人工確認 ｜ 反鋸齒/漸層：3664 種像素顏色收斂成 11 條帶，3653 種中間色被眾數 + ΔE<12 併段吸收（自動修）
godie-e00x,DUPLICATE,godie-e00x.png,11,16,100.00,0.9622,1.0000,0,bb2cc7327866a965,godie-e00w,hair=#001616 hatBand=#f0ffff hatBrim=#030f1f face=#ffffff collar=#21303a chestTrim=#f8ca9a top=#000000 waist=#f7a385 pants=#000000 shin=#ffa585 shoe=#000000,sleeve 與 faceColors 無法從中軸條碼推得：草稿為 long + 最暗帶，需人工確認 ｜ 反鋸齒/漸層：3664 種像素顏色收斂成 11 條帶，3653 種中間色被眾數 + ΔE<12 併段吸收（自動修） ｜ 條碼 hash bb2cc7327866a965 與 godie-e00w 相同 —— 圖示重複，強制人工
godie-e00z,DUPLICATE,godie-e00z.png,11,36,100.88,0.9768,1.0000,0,4d3db2f76a6952d0,godie-e00k,hair=#202916 hatBand=#c3c4c3 hatBrim=#1c0000 face=#f6d294 collar=#210000 chestTrim=#fdf1d4 top=#000000 waist=#ffffff pants=#040d00 shin=#f2d6b2 shoe=#000021,sleeve 與 faceColors 無法從中軸條碼推得：草稿為 long + 最暗帶，需人工確認 ｜ 反鋸齒/漸層：3881 種像素顏色收斂成 11 條帶，3870 種中間色被眾數 + ΔE<12 併段吸收（自動修） ｜ 條碼 hash 4d3db2f76a6952d0 與 godie-e00k 相同 —— 圖示重複，強制人工
godie-e012,PASS,godie-e012.png,11,31,92.38,0.9758,1.0000,0,1278c15c0b8145ab,,hair=#233020 hatBand=#c4cccd hatBrim=#201a15 face=#912219 collar=#251e1d chestTrim=#fbfffb top=#323128 waist=#fdf3f3 pants=#011e12 shin=#ffffff shoe=#201e19,sleeve 與 faceColors 無法從中軸條碼推得：草稿為 long + 最暗帶，需人工確認 ｜ 反鋸齒/漸層：3853 種像素顏色收斂成 11 條帶，3842 種中間色被眾數 + ΔE<12 併段吸收（自動修）
godie-e015,DUPLICATE,godie-e015.png,11,17,85.13,0.9749,1.0000,0,ce6761f9fa1d750e,godie-e00j,hair=#2c3025 hatBand=#c2cdc7 hatBrim=#574d42 face=#000000 collar=#800000 chestTrim=#974949 top=#c1c1c1 waist=#c1c1c1 pants=#000000 shin=#68635e shoe=#12000f,sleeve 與 faceColors 無法從中軸條碼推得：草稿為 long + 最暗帶，需人工確認 ｜ 反鋸齒/漸層：2042 種像素顏色收斂成 11 條帶，2031 種中間色被眾數 + ΔE<12 併段吸收（自動修） ｜ 條碼 hash ce6761f9fa1d750e 與 godie-e00j 相同 —— 圖示重複，強制人工
godie-ecen,FAIL,godie-ecen.webp,0,0,0.00,0.0000,0.0000,0,,,,解碼失敗：不是 PNG（.webp）—— 目前只支援 PNG 參考圖
godie-edem,PASS,godie-edem.png,11,21,100.00,0.9788,1.0000,0,e33fe3f97867c48e,,hair=#000000 hatBand=#ffffff hatBrim=#000000 face=#fdfdfd collar=#000000 chestTrim=#ffffff top=#000000 waist=#ffffff pants=#000000 shin=#ffffff shoe=#000000,sleeve 與 faceColors 無法從中軸條碼推得：草稿為 long + 最暗帶，需人工確認 ｜ 反鋸齒/漸層：2555 種像素顏色收斂成 11 條帶，2544 種中間色被眾數 + ΔE<12 併段吸收（自動修）
godie-efur,FAIL,godie-efur.webp,0,0,0.00,0.0000,0.0000,0,,,,解碼失敗：不是 PNG（.webp）—— 目前只支援 PNG 參考圖
godie-ekee,FAIL,godie-ekee.webp,0,0,0.00,0.0000,0.0000,0,,,,解碼失敗：不是 PNG（.webp）—— 目前只支援 PNG 參考圖
godie-emfr,PASS,godie-emfr.png,11,37,101.06,0.9790,1.0000,0,418399c407732253,,hair=#392c21 hatBand=#82020f hatBrim=#fcf8dd face=#c01c1d collar=#fff8fb chestTrim=#7d0700 top=#e6eec5 waist=#000000 pants=#ffffd8 shin=#000000 shoe=#ffffff,sleeve 與 faceColors 無法從中軸條碼推得：草稿為 long + 最暗帶，需人工確認 ｜ 反鋸齒/漸層：3897 種像素顏色收斂成 11 條帶，3886 種中間色被眾數 + ΔE<12 併段吸收（自動修）
godie-emns,PASS,godie-emns.png,11,33,93.66,0.9768,1.0000,0,5674b05cc744cebb,,hair=#34251c hatBand=#c5d6d5 hatBrim=#354336 face=#b06540 collar=#ffffff chestTrim=#f8bc9e top=#ffffff waist=#f8bc9e pants=#fdfdfd shin=#656a66 shoe=#131609,sleeve 與 faceColors 無法從中軸條碼推得：草稿為 long + 最暗帶，需人工確認 ｜ 反鋸齒/漸層：3567 種像素顏色收斂成 11 條帶，3556 種中間色被眾數 + ΔE<12 併段吸收（自動修）
godie-etyr,PASS,godie-etyr.png,11,19,107.77,0.9751,1.0000,0,dba6a63985afab3e,,hair=#111401 hatBand=#ffffff hatBrim=#614338 face=#fcfff9 collar=#614334 chestTrim=#fffff4 top=#000000 waist=#a09462 pants=#fbf19d shin=#b1b0a9 shoe=#000016,sleeve 與 faceColors 無法從中軸條碼推得：草稿為 long + 最暗帶，需人工確認 ｜ 反鋸齒/漸層：3688 種像素顏色收斂成 11 條帶，3677 種中間色被眾數 + ΔE<12 併段吸收（自動修）
godie-ewar,DUPLICATE,godie-ewar.png,11,29,91.71,0.9736,1.0000,0,5333a7cf4c60eb88,godie-e007,hair=#342a1a hatBand=#d8d7dd hatBrim=#5c3b32 face=#242a22 collar=#fff5f8 chestTrim=#b3b0b5 top=#fffcf8 waist=#96969b pants=#312424 shin=#6f6d6f shoe=#11190e,sleeve 與 faceColors 無法從中軸條碼推得：草稿為 long + 最暗帶，需人工確認 ｜ 反鋸齒/漸層：3820 種像素顏色收斂成 11 條帶，3809 種中間色被眾數 + ΔE<12 併段吸收（自動修） ｜ 條碼 hash 5333a7cf4c60eb88 與 godie-e007 相同 —— 圖示重複，強制人工
godie-ewrd,PASS,godie-ewrd.png,11,22,103.92,0.9819,1.0000,0,61102ac591a54fb2,,hair=#2d251a hatBand=#000000 hatBrim=#f7701b face=#000c09 collar=#d0c9e7 chestTrim=#000000 top=#ffffff waist=#001313 pants=#ffffff shin=#171f14 shoe=#ffffff,sleeve 與 faceColors 無法從中軸條碼推得：草稿為 long + 最暗帶，需人工確認 ｜ 反鋸齒/漸層：3735 種像素顏色收斂成 11 條帶，3724 種中間色被眾數 + ΔE<12 併段吸收（自動修）
godie-h001,PASS,godie-h001.png,11,35,96.68,0.9827,1.0000,0,9891777cf770c0ab,,hair=#2b211c hatBand=#cac4c2 hatBrim=#1a191f face=#d8d3b1 collar=#f8f5f0 chestTrim=#655846 top=#f1f4ec waist=#b09774 pants=#000000 shin=#b0a782 shoe=#50535c,sleeve 與 faceColors 無法從中軸條碼推得：草稿為 long + 最暗帶，需人工確認 ｜ 反鋸齒/漸層：3789 種像素顏色收斂成 11 條帶，3778 種中間色被眾數 + ΔE<12 併段吸收（自動修）
godie-h00l,PASS,godie-h00l.png,11,39,100.00,0.9924,1.0000,0,3d1581dc9b6c3b3b,,hair=#708b34 hatBand=#000000 hatBrim=#f4edf0 face=#220a0f collar=#008ce4 chestTrim=#000000 top=#f8b595 waist=#003100 pants=#f3917b shin=#00582b shoe=#ffffff,sleeve 與 faceColors 無法從中軸條碼推得：草稿為 long + 最暗帶，需人工確認 ｜ 反鋸齒/漸層：3992 種像素顏色收斂成 11 條帶，3981 種中間色被眾數 + ΔE<12 併段吸收（自動修）
godie-h01n,PASS,godie-h01n.png,10,10,89.20,0.9863,1.0000,0,c1496591e7082cce,,hair=#202413 hatBand=#a8cdcc hatBrim=#d8e2e1 face=#100000 collar=#752622 chestTrim=#450808 waist=#802d20 pants=#000000 shin=#6a6b67 shoe=#19150f,sleeve 與 faceColors 無法從中軸條碼推得：草稿為 long + 最暗帶，需人工確認 ｜ 反鋸齒/漸層：3266 種像素顏色收斂成 10 條帶，3256 種中間色被眾數 + ΔE<12 併段吸收（自動修）
godie-h01o,DUPLICATE,godie-h01o.png,10,10,89.20,0.9863,1.0000,0,c1496591e7082cce,godie-h01n,hair=#202413 hatBand=#a8cdcc hatBrim=#d8e2e1 face=#100000 collar=#752622 chestTrim=#450808 waist=#802d20 pants=#000000 shin=#6a6b67 shoe=#19150f,sleeve 與 faceColors 無法從中軸條碼推得：草稿為 long + 最暗帶，需人工確認 ｜ 反鋸齒/漸層：3266 種像素顏色收斂成 10 條帶，3256 種中間色被眾數 + ΔE<12 併段吸收（自動修） ｜ 條碼 hash c1496591e7082cce 與 godie-h01n 相同 —— 圖示重複，強制人工
godie-h01u,PASS,godie-h01u.png,11,25,89.63,0.9836,1.0000,0,7cc79985eb7ac2f2,,hair=#262e14 hatBand=#d5d6e0 hatBrim=#000000 face=#404247 collar=#404249 chestTrim=#000000 top=#d2a948 waist=#555554 pants=#000000 shin=#61666e shoe=#132200,sleeve 與 faceColors 無法從中軸條碼推得：草稿為 long + 最暗帶，需人工確認 ｜ 反鋸齒/漸層：3836 種像素顏色收斂成 11 條帶，3825 種中間色被眾數 + ΔE<12 併段吸收（自動修）
godie-h020,PASS,godie-h020.png,11,21,107.80,0.9790,1.0000,0,291ab8ba6f7ddfcd,,hair=#030303 hatBand=#fc8700 hatBrim=#000000 face=#e44705 collar=#000000 chestTrim=#e88f26 top=#000000 waist=#f1e2d4 pants=#000000 shin=#f2e3d1 shoe=#000000,sleeve 與 faceColors 無法從中軸條碼推得：草稿為 long + 最暗帶，需人工確認 ｜ 反鋸齒/漸層：3675 種像素顏色收斂成 11 條帶，3664 種中間色被眾數 + ΔE<12 併段吸收（自動修）
godie-h021,PASS,godie-h021.png,11,34,133.95,0.9854,1.0000,0,1fa09dc2aab6a995,,hair=#000000 hatBand=#120400 hatBrim=#ffff29 face=#000000 collar=#ffffff chestTrim=#000000 top=#f4ffe6 waist=#300604 pants=#f7f4c1 shin=#260000 shoe=#ffffff,sleeve 與 faceColors 無法從中軸條碼推得：草稿為 long + 最暗帶，需人工確認 ｜ 反鋸齒/漸層：3636 種像素顏色收斂成 11 條帶，3625 種中間色被眾數 + ΔE<12 併段吸收（自動修）
godie-h022,DUPLICATE,godie-h022.png,11,37,101.06,0.9790,1.0000,0,418399c407732253,godie-emfr,hair=#392c21 hatBand=#82020f hatBrim=#fcf8dd face=#c01c1d collar=#fff8fb chestTrim=#7d0700 top=#e6eec5 waist=#000000 pants=#ffffd8 shin=#000000 shoe=#ffffff,sleeve 與 faceColors 無法從中軸條碼推得：草稿為 long + 最暗帶，需人工確認 ｜ 反鋸齒/漸層：3897 種像素顏色收斂成 11 條帶，3886 種中間色被眾數 + ΔE<12 併段吸收（自動修） ｜ 條碼 hash 418399c407732253 與 godie-emfr 相同 —— 圖示重複，強制人工
godie-h02k,FAIL,godie-h02k.webp,0,0,0.00,0.0000,0.0000,0,,,,解碼失敗：不是 PNG（.webp）—— 目前只支援 PNG 參考圖
godie-h02n,FAIL,godie-h02n.webp,0,0,0.00,0.0000,0.0000,0,,,,解碼失敗：不是 PNG（.webp）—— 目前只支援 PNG 參考圖
godie-h02r,FAIL,godie-h02r.webp,0,0,0.00,0.0000,0.0000,0,,,,解碼失敗：不是 PNG（.webp）—— 目前只支援 PNG 參考圖
godie-h02s,FAIL,godie-h02s.webp,0,0,0.00,0.0000,0.0000,0,,,,解碼失敗：不是 PNG（.webp）—— 目前只支援 PNG 參考圖
godie-h02u,FAIL,godie-h02u.webp,0,0,0.00,0.0000,0.0000,0,,,,解碼失敗：不是 PNG（.webp）—— 目前只支援 PNG 參考圖
godie-h02v,FAIL,godie-h02v.webp,0,0,0.00,0.0000,0.0000,0,,,,解碼失敗：不是 PNG（.webp）—— 目前只支援 PNG 參考圖
godie-h02y,PASS,godie-h02y.png,9,10,99.30,0.9690,1.0000,1,777b403a821fb5cd,,hair=#dddbd7 hatBand=#424140 face=#ffffff chestTrim=#67cfce top=#ffffff waist=#ffffee pants=#201817 shin=#585653 shoe=#100009,外框 #2d2c2a：丟棄 1 條與框色 ΔE < 10 的首/末帶（自動修） ｜ sleeve 與 faceColors 無法從中軸條碼推得：草稿為 long + 最暗帶，需人工確認 ｜ 反鋸齒/漸層：3594 種像素顏色收斂成 9 條帶，3584 種中間色被眾數 + ΔE<12 併段吸收（自動修）
godie-h02z,FAIL,godie-h02z.webp,0,0,0.00,0.0000,0.0000,0,,,,解碼失敗：不是 PNG（.webp）—— 目前只支援 PNG 參考圖
godie-hapm,PASS,godie-hapm.png,11,41,100.00,0.9827,1.0000,0,e85431bd7144eb5a,,hair=#212a19 hatBand=#d1dcdf hatBrim=#000000 face=#ffffff collar=#613d46 chestTrim=#ffffff top=#955c51 waist=#ffffff pants=#914643 shin=#ffffff shoe=#101908,sleeve 與 faceColors 無法從中軸條碼推得：草稿為 long + 最暗帶，需人工確認 ｜ 反鋸齒/漸層：3928 種像素顏色收斂成 11 條帶，3917 種中間色被眾數 + ΔE<12 併段吸收（自動修）
godie-harf,DUPLICATE,godie-harf.png,11,17,85.13,0.9749,1.0000,0,ce6761f9fa1d750e,godie-e00j,hair=#2c3025 hatBand=#c2cdc7 hatBrim=#574d42 face=#000000 collar=#800000 chestTrim=#974949 top=#c1c1c1 waist=#c1c1c1 pants=#000000 shin=#68635e shoe=#12000f,sleeve 與 faceColors 無法從中軸條碼推得：草稿為 long + 最暗帶，需人工確認 ｜ 反鋸齒/漸層：2042 種像素顏色收斂成 11 條帶，2031 種中間色被眾數 + ΔE<12 併段吸收（自動修） ｜ 條碼 hash ce6761f9fa1d750e 與 godie-e00j 相同 —— 圖示重複，強制人工
godie-hart,PASS,godie-hart.png,11,22,72.71,0.9775,1.0000,0,7444a10ec2d25fa9,,hair=#36372d hatBand=#c8c2c3 hatBrim=#23241d face=#bea48b collar=#766c58 chestTrim=#b1ae8c top=#89786b waist=#68606d pants=#a09184 shin=#616061 shoe=#15150b,sleeve 與 faceColors 無法從中軸條碼推得：草稿為 long + 最暗帶，需人工確認 ｜ 反鋸齒/漸層：3742 種像素顏色收斂成 11 條帶，3731 種中間色被眾數 + ΔE<12 併段吸收（自動修）
godie-hblm,DUPLICATE,godie-hblm.png,11,34,133.95,0.9854,1.0000,0,1fa09dc2aab6a995,godie-h021,hair=#000000 hatBand=#120400 hatBrim=#ffff29 face=#000000 collar=#ffffff chestTrim=#000000 top=#f4ffe6 waist=#300604 pants=#f7f4c1 shin=#260000 shoe=#ffffff,sleeve 與 faceColors 無法從中軸條碼推得：草稿為 long + 最暗帶，需人工確認 ｜ 反鋸齒/漸層：3636 種像素顏色收斂成 11 條帶，3625 種中間色被眾數 + ΔE<12 併段吸收（自動修） ｜ 條碼 hash 1fa09dc2aab6a995 與 godie-h021 相同 —— 圖示重複，強制人工
godie-hgam,FAIL,godie-hgam.webp,0,0,0.00,0.0000,0.0000,0,,,,解碼失敗：不是 PNG（.webp）—— 目前只支援 PNG 參考圖
godie-hjai,DUPLICATE,godie-hjai.png,11,21,107.80,0.9790,1.0000,0,291ab8ba6f7ddfcd,godie-h020,hair=#030303 hatBand=#fc8700 hatBrim=#000000 face=#e44705 collar=#000000 chestTrim=#e88f26 top=#000000 waist=#f1e2d4 pants=#000000 shin=#f2e3d1 shoe=#000000,sleeve 與 faceColors 無法從中軸條碼推得：草稿為 long + 最暗帶，需人工確認 ｜ 反鋸齒/漸層：3675 種像素顏色收斂成 11 條帶，3664 種中間色被眾數 + ΔE<12 併段吸收（自動修） ｜ 條碼 hash 291ab8ba6f7ddfcd 與 godie-h020 相同 —— 圖示重複，強制人工
godie-hlgr,PASS,godie-hlgr.png,11,35,100.00,0.9824,1.0000,0,fb0aa6dd4f8c784a,,hair=#262b15 hatBand=#e6eaef hatBrim=#000000 face=#ffffff collar=#000000 chestTrim=#ffffff top=#000000 waist=#ffffff pants=#000000 shin=#ffffff shoe=#000000,sleeve 與 faceColors 無法從中軸條碼推得：草稿為 long + 最暗帶，需人工確認 ｜ 反鋸齒/漸層：3865 種像素顏色收斂成 11 條帶，3854 種中間色被眾數 + ΔE<12 併段吸收（自動修）
godie-hpal,PASS,godie-hpal.png,11,16,85.51,0.9751,1.0000,0,9b446085825da002,,hair=#30301f hatBand=#c4c4cb hatBrim=#515141 face=#262626 collar=#f0e0bd chestTrim=#a16626 top=#fddab2 waist=#a2a5a4 pants=#212419 shin=#6d6c68 shoe=#151305,sleeve 與 faceColors 無法從中軸條碼推得：草稿為 long + 最暗帶，需人工確認 ｜ 反鋸齒/漸層：3087 種像素顏色收斂成 11 條帶，3076 種中間色被眾數 + ΔE<12 併段吸收（自動修）
godie-hpb1,PASS,godie-hpb1.png,11,42,82.86,0.9780,1.0000,0,cb7bc9e33e86a034,,hair=#362720 hatBand=#d4d4d0 hatBrim=#322322 face=#f49d78 collar=#32332f chestTrim=#ffe7d4 top=#20202c waist=#f0e4dc pants=#432a21 shin=#d16a5b shoe=#606460,sleeve 與 faceColors 無法從中軸條碼推得：草稿為 long + 最暗帶，需人工確認 ｜ 反鋸齒/漸層：3972 種像素顏色收斂成 11 條帶，3961 種中間色被眾數 + ΔE<12 併段吸收（自動修）
godie-huth,PASS,godie-huth.png,11,30,71.89,0.9751,1.0000,0,12c9240d791b0ffa,,hair=#30251b hatBand=#c7c9c5 hatBrim=#1c2121 face=#d48796 collar=#282821 chestTrim=#e3919a top=#52b9e3 waist=#573885 pants=#e2aba9 shin=#7152a6 shoe=#606365,sleeve 與 faceColors 無法從中軸條碼推得：草稿為 long + 最暗帶，需人工確認 ｜ 反鋸齒/漸層：3301 種像素顏色收斂成 11 條帶，3290 種中間色被眾數 + ΔE<12 併段吸收（自動修）
godie-hvsh,PASS,godie-hvsh.png,11,29,85.15,0.9763,1.0000,0,4c3c8d0cff58ac7b,,hair=#302f2f hatBand=#d3d4d1 hatBrim=#a05897 face=#ffffff collar=#c781bf chestTrim=#d5d8d6 top=#b777af waist=#ffffff pants=#2a2721 shin=#ffffff shoe=#232626,sleeve 與 faceColors 無法從中軸條碼推得：草稿為 long + 最暗帶，需人工確認 ｜ 反鋸齒/漸層：3875 種像素顏色收斂成 11 條帶，3864 種中間色被眾數 + ΔE<12 併段吸收（自動修）
godie-hvwd,PASS,godie-hvwd.png,11,20,100.00,0.9773,1.0000,0,d4bc2ad6c2e4ebc1,,hair=#2f2a1f hatBand=#d0dade hatBrim=#2b2b21 face=#000000 collar=#646657 chestTrim=#ffffff top=#302f25 waist=#fee2d7 pants=#272820 shin=#61626c shoe=#101200,sleeve 與 faceColors 無法從中軸條碼推得：草稿為 long + 最暗帶，需人工確認 ｜ 反鋸齒/漸層：3180 種像素顏色收斂成 11 條帶，3169 種中間色被眾數 + ΔE<12 併段吸收（自動修）
godie-n003,PASS,godie-n003.png,11,33,114.78,0.9995,1.0000,0,755db664a62a1853,,hair=#222426 hatBand=#c7cfc2 hatBrim=#000000 face=#ffff90 collar=#86653a chestTrim=#ffff98 top=#00000d waist=#ffffff pants=#f5f689 shin=#f6f2ff shoe=#000000,sleeve 與 faceColors 無法從中軸條碼推得：草稿為 long + 最暗帶，需人工確認 ｜ 反鋸齒/漸層：3880 種像素顏色收斂成 11 條帶，3869 種中間色被眾數 + ΔE<12 併段吸收（自動修）
godie-n00b,FAIL,godie-n00b.webp,0,0,0.00,0.0000,0.0000,0,,,,解碼失敗：不是 PNG（.webp）—— 目前只支援 PNG 參考圖
godie-n00p,PASS,godie-n00p.png,11,43,82.24,0.9797,1.0000,0,166b3e8d2321691a,,hair=#262119 hatBand=#d4d7da hatBrim=#434243 face=#7378ac collar=#232338 chestTrim=#616faa top=#434221 waist=#a96f35 pants=#3e3456 shin=#eeeedf shoe=#5e5a61,sleeve 與 faceColors 無法從中軸條碼推得：草稿為 long + 最暗帶，需人工確認 ｜ 反鋸齒/漸層：3854 種像素顏色收斂成 11 條帶，3843 種中間色被眾數 + ΔE<12 併段吸收（自動修）
godie-n01c,PASS,godie-n01c.png,11,35,100.00,0.9880,1.0000,0,0606f4ab6b1ea97c,,hair=#000000 hatBand=#ffffff hatBrim=#000000 face=#fbfefa collar=#000000 chestTrim=#ffffff top=#000000 waist=#ffffff pants=#000000 shin=#ffffff shoe=#000000,sleeve 與 faceColors 無法從中軸條碼推得：草稿為 long + 最暗帶，需人工確認 ｜ 反鋸齒/漸層：3815 種像素顏色收斂成 11 條帶，3804 種中間色被眾數 + ΔE<12 併段吸收（自動修）
godie-n01g,DUPLICATE,godie-n01g.png,11,33,114.78,0.9995,1.0000,0,755db664a62a1853,godie-n003,hair=#222426 hatBand=#c7cfc2 hatBrim=#000000 face=#ffff90 collar=#86653a chestTrim=#ffff98 top=#00000d waist=#ffffff pants=#f5f689 shin=#f6f2ff shoe=#000000,sleeve 與 faceColors 無法從中軸條碼推得：草稿為 long + 最暗帶，需人工確認 ｜ 反鋸齒/漸層：3880 種像素顏色收斂成 11 條帶，3869 種中間色被眾數 + ΔE<12 併段吸收（自動修） ｜ 條碼 hash 755db664a62a1853 與 godie-n003 相同 —— 圖示重複，強制人工
godie-n01l,FAIL,godie-n01l.webp,0,0,0.00,0.0000,0.0000,0,,,,解碼失敗：不是 PNG（.webp）—— 目前只支援 PNG 參考圖
godie-naka,PASS,godie-naka.png,8,8,79.04,0.9758,1.0000,0,fe08f21c898f4b6b,,hair=#303019 hatBand=#ccc9ca hatBrim=#3d383e face=#121c2b top=#080808 waist=#252515 shin=#636469 shoe=#161100,sleeve 與 faceColors 無法從中軸條碼推得：草稿為 long + 最暗帶，需人工確認 ｜ 反鋸齒/漸層：2845 種像素顏色收斂成 8 條帶，2837 種中間色被眾數 + ΔE<12 併段吸收（自動修）
godie-nbbc,DUPLICATE,godie-nbbc.png,11,35,100.00,0.9880,1.0000,0,0606f4ab6b1ea97c,godie-n01c,hair=#000000 hatBand=#ffffff hatBrim=#000000 face=#fbfefa collar=#000000 chestTrim=#ffffff top=#000000 waist=#ffffff pants=#000000 shin=#ffffff shoe=#000000,sleeve 與 faceColors 無法從中軸條碼推得：草稿為 long + 最暗帶，需人工確認 ｜ 反鋸齒/漸層：3815 種像素顏色收斂成 11 條帶，3804 種中間色被眾數 + ΔE<12 併段吸收（自動修） ｜ 條碼 hash 0606f4ab6b1ea97c 與 godie-n01c 相同 —— 圖示重複，強制人工
godie-nbst,PASS,godie-nbst.png,11,25,97.37,0.9805,1.0000,0,22eeb1e25abe3615,,hair=#2e291e hatBand=#bbb6bc hatBrim=#000000 face=#c0a6af collar=#000006 chestTrim=#f6eee4 top=#756682 waist=#f4f8e8 pants=#000600 shin=#bd9999 shoe=#000000,sleeve 與 faceColors 無法從中軸條碼推得：草稿為 long + 最暗帶，需人工確認 ｜ 反鋸齒/漸層：3744 種像素顏色收斂成 11 條帶，3733 種中間色被眾數 + ΔE<12 併段吸收（自動修）
godie-nman,PASS,godie-nman.png,11,33,96.32,0.9741,1.0000,0,f06a1096d5ed8301,,hair=#2c271d hatBand=#121524 hatBrim=#faffff face=#ff864a collar=#ffffff chestTrim=#f8704b top=#ffffff waist=#ff6a46 pants=#321225 shin=#f06a4d shoe=#696b6d,sleeve 與 faceColors 無法從中軸條碼推得：草稿為 long + 最暗帶，需人工確認 ｜ 反鋸齒/漸層：3612 種像素顏色收斂成 11 條帶，3601 種中間色被眾數 + ΔE<12 併段吸收（自動修）
godie-nplh,PASS,godie-nplh.png,11,19,97.23,0.9768,1.0000,0,5cee4e271946ad90,,hair=#2e2224 hatBand=#d9d6d5 hatBrim=#030303 face=#fbcc7f collar=#000009 chestTrim=#e39355 top=#000000 waist=#e79d4d pants=#000000 shin=#f0c27a shoe=#6b676a,sleeve 與 faceColors 無法從中軸條碼推得：草稿為 long + 最暗帶，需人工確認 ｜ 反鋸齒/漸層：3605 種像素顏色收斂成 11 條帶，3594 種中間色被眾數 + ΔE<12 併段吸收（自動修）
godie-nsjs,DUPLICATE,godie-nsjs.png,11,43,82.24,0.9797,1.0000,0,166b3e8d2321691a,godie-n00p,hair=#262119 hatBand=#d4d7da hatBrim=#434243 face=#7378ac collar=#232338 chestTrim=#616faa top=#434221 waist=#a96f35 pants=#3e3456 shin=#eeeedf shoe=#5e5a61,sleeve 與 faceColors 無法從中軸條碼推得：草稿為 long + 最暗帶，需人工確認 ｜ 反鋸齒/漸層：3854 種像素顏色收斂成 11 條帶，3843 種中間色被眾數 + ΔE<12 併段吸收（自動修） ｜ 條碼 hash 166b3e8d2321691a 與 godie-n00p 相同 —— 圖示重複，強制人工
godie-ntin,PASS,godie-ntin.png,11,22,102.25,0.9841,1.0000,0,127fa5f9f03636fe,,hair=#2e241c hatBand=#c0c2c8 hatBrim=#e4c658 face=#170113 collar=#d1ae46 chestTrim=#050414 top=#d0aa41 waist=#100000 pants=#d2a956 shin=#000000 shoe=#ead9d1,sleeve 與 faceColors 無法從中軸條碼推得：草稿為 long + 最暗帶，需人工確認 ｜ 反鋸齒/漸層：3921 種像素顏色收斂成 11 條帶，3910 種中間色被眾數 + ΔE<12 併段吸收（自動修）
godie-o00k,PASS,godie-o00k.png,11,24,208.88,0.9778,1.0000,0,67fce2a723c4bf50,,hair=#302719 hatBand=#c3c6c7 hatBrim=#ffffff face=#fdfd00 collar=#000000 chestTrim=#b0b000 top=#0000b3 waist=#fff0bc pants=#d1d400 shin=#ffffff shoe=#141500,sleeve 與 faceColors 無法從中軸條碼推得：草稿為 long + 最暗帶，需人工確認 ｜ 反鋸齒/漸層：3247 種像素顏色收斂成 11 條帶，3236 種中間色被眾數 + ΔE<12 併段吸收（自動修）
godie-o00l,PASS,godie-o00l.png,11,41,100.00,0.9888,1.0000,0,e98a6cf6065d4fa1,,hair=#000000 hatBand=#fbffff hatBrim=#111017 face=#ffffff collar=#000000 chestTrim=#ffffff top=#000000 waist=#ffffff pants=#141319 shin=#ffffff shoe=#131616,sleeve 與 faceColors 無法從中軸條碼推得：草稿為 long + 最暗帶，需人工確認 ｜ 反鋸齒/漸層：3846 種像素顏色收斂成 11 條帶，3835 種中間色被眾數 + ΔE<12 併段吸收（自動修）
godie-o00x,PASS,godie-o00x.png,11,26,105.36,0.9800,1.0000,0,336b03c491b92133,,hair=#30301a hatBand=#d5d6e3 hatBrim=#001c1e face=#ffffff collar=#584822 chestTrim=#ffffff top=#ff8028 waist=#f8ffae pants=#ff8332 shin=#ffffbe shoe=#202714,sleeve 與 faceColors 無法從中軸條碼推得：草稿為 long + 最暗帶，需人工確認 ｜ 反鋸齒/漸層：3047 種像素顏色收斂成 11 條帶，3036 種中間色被眾數 + ΔE<12 併段吸收（自動修）
godie-o01z,PASS,godie-o01z.png,11,32,113.19,0.9856,1.0000,0,f7363bbc9c735f2b,,hair=#000001 hatBand=#ffffff hatBrim=#000060 face=#a0200a collar=#ffffff chestTrim=#000000 top=#ffffff waist=#000006 pants=#ffffff shin=#000000 shoe=#ffffff,sleeve 與 faceColors 無法從中軸條碼推得：草稿為 long + 最暗帶，需人工確認 ｜ 反鋸齒/漸層：3862 種像素顏色收斂成 11 條帶，3851 種中間色被眾數 + ΔE<12 併段吸收（自動修）
godie-o02l,PASS,godie-o02l.png,11,31,123.39,0.9817,1.0000,0,696ab6c6c0302151,,hair=#2a2527 hatBand=#f8e528 hatBrim=#b0b7be face=#f5e73b collar=#760500 chestTrim=#f2f041 top=#ffffff waist=#f4d622 pants=#fbffff shin=#e8c50d shoe=#000000,sleeve 與 faceColors 無法從中軸條碼推得：草稿為 long + 最暗帶，需人工確認 ｜ 反鋸齒/漸層：3820 種像素顏色收斂成 11 條帶，3809 種中間色被眾數 + ΔE<12 併段吸收（自動修）
godie-o02n,DUPLICATE,godie-o02n.png,11,31,123.39,0.9817,1.0000,0,696ab6c6c0302151,godie-o02l,hair=#2a2527 hatBand=#f8e528 hatBrim=#b0b7be face=#f5e73b collar=#760500 chestTrim=#f2f041 top=#ffffff waist=#f4d622 pants=#fbffff shin=#e8c50d shoe=#000000,sleeve 與 faceColors 無法從中軸條碼推得：草稿為 long + 最暗帶，需人工確認 ｜ 反鋸齒/漸層：3820 種像素顏色收斂成 11 條帶，3809 種中間色被眾數 + ΔE<12 併段吸收（自動修） ｜ 條碼 hash 696ab6c6c0302151 與 godie-o02l 相同 —— 圖示重複，強制人工
godie-o02o,DUPLICATE,godie-o02o.png,11,31,123.39,0.9817,1.0000,0,696ab6c6c0302151,godie-o02l,hair=#2a2527 hatBand=#f8e528 hatBrim=#b0b7be face=#f5e73b collar=#760500 chestTrim=#f2f041 top=#ffffff waist=#f4d622 pants=#fbffff shin=#e8c50d shoe=#000000,sleeve 與 faceColors 無法從中軸條碼推得：草稿為 long + 最暗帶，需人工確認 ｜ 反鋸齒/漸層：3820 種像素顏色收斂成 11 條帶，3809 種中間色被眾數 + ΔE<12 併段吸收（自動修） ｜ 條碼 hash 696ab6c6c0302151 與 godie-o02l 相同 —— 圖示重複，強制人工
godie-o02p,DUPLICATE,godie-o02p.png,9,10,99.30,0.9690,1.0000,1,777b403a821fb5cd,godie-h02y,hair=#dddbd7 hatBand=#424140 face=#ffffff chestTrim=#67cfce top=#ffffff waist=#ffffee pants=#201817 shin=#585653 shoe=#100009,外框 #2d2c2a：丟棄 1 條與框色 ΔE < 10 的首/末帶（自動修） ｜ sleeve 與 faceColors 無法從中軸條碼推得：草稿為 long + 最暗帶，需人工確認 ｜ 反鋸齒/漸層：3594 種像素顏色收斂成 9 條帶，3584 種中間色被眾數 + ΔE<12 併段吸收（自動修） ｜ 條碼 hash 777b403a821fb5cd 與 godie-h02y 相同 —— 圖示重複，強制人工
godie-o02s,DUPLICATE,godie-o02s.png,11,41,100.00,0.9888,1.0000,0,e98a6cf6065d4fa1,godie-o00l,hair=#000000 hatBand=#fbffff hatBrim=#111017 face=#ffffff collar=#000000 chestTrim=#ffffff top=#000000 waist=#ffffff pants=#141319 shin=#ffffff shoe=#131616,sleeve 與 faceColors 無法從中軸條碼推得：草稿為 long + 最暗帶，需人工確認 ｜ 反鋸齒/漸層：3846 種像素顏色收斂成 11 條帶，3835 種中間色被眾數 + ΔE<12 併段吸收（自動修） ｜ 條碼 hash e98a6cf6065d4fa1 與 godie-o00l 相同 —— 圖示重複，強制人工
godie-o02v,DUPLICATE,godie-o02v.png,11,32,113.19,0.9856,1.0000,0,f7363bbc9c735f2b,godie-o01z,hair=#000001 hatBand=#ffffff hatBrim=#000060 face=#a0200a collar=#ffffff chestTrim=#000000 top=#ffffff waist=#000006 pants=#ffffff shin=#000000 shoe=#ffffff,sleeve 與 faceColors 無法從中軸條碼推得：草稿為 long + 最暗帶，需人工確認 ｜ 反鋸齒/漸層：3862 種像素顏色收斂成 11 條帶，3851 種中間色被眾數 + ΔE<12 併段吸收（自動修） ｜ 條碼 hash f7363bbc9c735f2b 與 godie-o01z 相同 —— 圖示重複，強制人工
godie-o02w,FAIL,godie-o02w.webp,0,0,0.00,0.0000,0.0000,0,,,,解碼失敗：不是 PNG（.webp）—— 目前只支援 PNG 參考圖
godie-obla,FAIL,godie-obla.webp,0,0,0.00,0.0000,0.0000,0,,,,解碼失敗：不是 PNG（.webp）—— 目前只支援 PNG 參考圖
godie-ofar,DUPLICATE,godie-ofar.png,11,31,123.39,0.9817,1.0000,0,696ab6c6c0302151,godie-o02l,hair=#2a2527 hatBand=#f8e528 hatBrim=#b0b7be face=#f5e73b collar=#760500 chestTrim=#f2f041 top=#ffffff waist=#f4d622 pants=#fbffff shin=#e8c50d shoe=#000000,sleeve 與 faceColors 無法從中軸條碼推得：草稿為 long + 最暗帶，需人工確認 ｜ 反鋸齒/漸層：3820 種像素顏色收斂成 11 條帶，3809 種中間色被眾數 + ΔE<12 併段吸收（自動修） ｜ 條碼 hash 696ab6c6c0302151 與 godie-o02l 相同 —— 圖示重複，強制人工
godie-ogld,FAIL,godie-ogld.webp,0,0,0.00,0.0000,0.0000,0,,,,解碼失敗：不是 PNG（.webp）—— 目前只支援 PNG 參考圖
godie-ogrh,DUPLICATE,godie-ogrh.png,11,26,105.36,0.9800,1.0000,0,336b03c491b92133,godie-o00x,hair=#30301a hatBand=#d5d6e3 hatBrim=#001c1e face=#ffffff collar=#584822 chestTrim=#ffffff top=#ff8028 waist=#f8ffae pants=#ff8332 shin=#ffffbe shoe=#202714,sleeve 與 faceColors 無法從中軸條碼推得：草稿為 long + 最暗帶，需人工確認 ｜ 反鋸齒/漸層：3047 種像素顏色收斂成 11 條帶，3036 種中間色被眾數 + ΔE<12 併段吸收（自動修） ｜ 條碼 hash 336b03c491b92133 與 godie-o00x 相同 —— 圖示重複，強制人工
godie-opgh,PASS,godie-opgh.png,11,17,94.05,0.9758,1.0000,0,14e7e2d020b6ec27,,hair=#28281d hatBand=#d9d4d6 hatBrim=#21211a face=#ffffff collar=#191810 chestTrim=#ffffff top=#201517 waist=#ffffff pants=#171213 shin=#ffffff shoe=#59585c,sleeve 與 faceColors 無法從中軸條碼推得：草稿為 long + 最暗帶，需人工確認 ｜ 反鋸齒/漸層：3080 種像素顏色收斂成 11 條帶，3069 種中間色被眾數 + ΔE<12 併段吸收（自動修）
godie-orkn,PASS,godie-orkn.png,11,32,85.91,0.9993,1.0000,0,52b35768a0d9340f,,hair=#212a2d hatBand=#d3d7dd hatBrim=#000017 face=#bdac7f collar=#242a3d chestTrim=#a38961 top=#233737 waist=#b0ab7a pants=#000200 shin=#c1b680 shoe=#000000,sleeve 與 faceColors 無法從中軸條碼推得：草稿為 long + 最暗帶，需人工確認 ｜ 反鋸齒/漸層：3799 種像素顏色收斂成 11 條帶，3788 種中間色被眾數 + ΔE<12 併段吸收（自動修）
godie-osam,PASS,godie-osam.png,11,25,94.00,0.9773,1.0000,0,92902392dfdf5fc5,,hair=#34241f hatBand=#d1dbdd hatBrim=#4e453e face=#ffffff collar=#66696c chestTrim=#c5d4fd top=#ffffff waist=#ffffff pants=#14171c shin=#606269 shoe=#001e00,sleeve 與 faceColors 無法從中軸條碼推得：草稿為 long + 最暗帶，需人工確認 ｜ 反鋸齒/漸層：3296 種像素顏色收斂成 11 條帶，3285 種中間色被眾數 + ΔE<12 併段吸收（自動修）
godie-oshd,PASS,godie-oshd.png,11,37,65.62,0.9744,1.0000,0,6e016496c6627e41,,hair=#35341b hatBand=#d9d0d3 hatBrim=#554737 face=#c9c7b9 collar=#453f35 chestTrim=#c6ccb7 top=#403237 waist=#b0ad8e pants=#53332c shin=#b4a087 shoe=#5d3a2c,sleeve 與 faceColors 無法從中軸條碼推得：草稿為 long + 最暗帶，需人工確認 ｜ 反鋸齒/漸層：3889 種像素顏色收斂成 11 條帶，3878 種中間色被眾數 + ΔE<12 併段吸收（自動修）
godie-othr,PASS,godie-othr.png,11,35,120.37,0.9451,1.0000,0,de075412d3877785,,hair=#1a151b hatBand=#e5dddd hatBrim=#000000 face=#c0a71b collar=#000000 chestTrim=#e8d90e top=#000000 waist=#000000 pants=#d2d3d9 shin=#000000 shoe=#c3cbc4,sleeve 與 faceColors 無法從中軸條碼推得：草稿為 long + 最暗帶，需人工確認 ｜ 反鋸齒/漸層：3630 種像素顏色收斂成 11 條帶，3619 種中間色被眾數 + ΔE<12 併段吸收（自動修）
godie-u00b,FAIL,godie-u00b.webp,0,0,0.00,0.0000,0.0000,0,,,,解碼失敗：不是 PNG（.webp）—— 目前只支援 PNG 參考圖
godie-u00h,PASS,godie-u00h.png,11,45,87.29,0.9756,1.0000,0,b57e68720d307ea5,,hair=#222219 hatBand=#d6d5de hatBrim=#424445 face=#ffffff collar=#3d3f3f chestTrim=#f9eab9 top=#f0e7e4 waist=#e4e0ed pants=#f1705b shin=#f2e2e7 shoe=#606564,sleeve 與 faceColors 無法從中軸條碼推得：草稿為 long + 最暗帶，需人工確認 ｜ 反鋸齒/漸層：3807 種像素顏色收斂成 11 條帶，3796 種中間色被眾數 + ΔE<12 併段吸收（自動修）
godie-u00j,PASS,godie-u00j.png,11,21,81.41,0.9766,1.0000,0,8f2d582d2777f6fa,,hair=#31261c hatBand=#d0d6d7 hatBrim=#141408 face=#b2aa8a collar=#504326 chestTrim=#c59d6c top=#695128 waist=#d29755 pants=#614923 shin=#666a6b shoe=#1c0b03,sleeve 與 faceColors 無法從中軸條碼推得：草稿為 long + 最暗帶，需人工確認 ｜ 反鋸齒/漸層：3604 種像素顏色收斂成 11 條帶，3593 種中間色被眾數 + ΔE<12 併段吸收（自動修）
godie-u00k,FAIL,godie-u00k.webp,0,0,0.00,0.0000,0.0000,0,,,,解碼失敗：不是 PNG（.webp）—— 目前只支援 PNG 參考圖
godie-u00l,PASS,godie-u00l.png,11,48,119.62,0.9983,1.0000,0,2e71e6e9dc6dca9e,,hair=#000000 hatBand=#f2aa00 hatBrim=#000000 face=#fad721 collar=#000400 chestTrim=#f8d72f top=#000000 waist=#ffe14d pants=#000000 shin=#f6bc15 shoe=#000000,sleeve 與 faceColors 無法從中軸條碼推得：草稿為 long + 最暗帶，需人工確認 ｜ 反鋸齒/漸層：3955 種像素顏色收斂成 11 條帶，3944 種中間色被眾數 + ΔE<12 併段吸收（自動修）
godie-u00n,PASS,godie-u00n.png,11,29,100.00,0.9783,1.0000,0,8f463744928b1a53,,hair=#21271a hatBand=#d0d4db hatBrim=#000000 face=#ffffff collar=#a87b4d chestTrim=#f7fff4 top=#f5c787 waist=#e8b887 pants=#91251a shin=#e0c975 shoe=#6d6b6a,sleeve 與 faceColors 無法從中軸條碼推得：草稿為 long + 最暗帶，需人工確認 ｜ 反鋸齒/漸層：3729 種像素顏色收斂成 11 條帶，3718 種中間色被眾數 + ΔE<12 併段吸收（自動修）
godie-u00o,DUPLICATE,godie-u00o.png,11,29,100.00,0.9783,1.0000,0,8f463744928b1a53,godie-u00n,hair=#21271a hatBand=#d0d4db hatBrim=#000000 face=#ffffff collar=#a87b4d chestTrim=#f7fff4 top=#f5c787 waist=#e8b887 pants=#91251a shin=#e0c975 shoe=#6d6b6a,sleeve 與 faceColors 無法從中軸條碼推得：草稿為 long + 最暗帶，需人工確認 ｜ 反鋸齒/漸層：3729 種像素顏色收斂成 11 條帶，3718 種中間色被眾數 + ΔE<12 併段吸收（自動修） ｜ 條碼 hash 8f463744928b1a53 與 godie-u00n 相同 —— 圖示重複，強制人工
godie-u00v,PASS,godie-u00v.png,11,25,96.85,0.9875,1.0000,0,75c914eb8ce0f1dc,,hair=#222917 hatBand=#d5cedc hatBrim=#424f40 face=#eeeeee collar=#e3aa91 chestTrim=#fefcf4 top=#e78f7b waist=#320b26 pants=#547563 shin=#684b67 shoe=#050902,sleeve 與 faceColors 無法從中軸條碼推得：草稿為 long + 最暗帶，需人工確認 ｜ 反鋸齒/漸層：3604 種像素顏色收斂成 11 條帶，3593 種中間色被眾數 + ΔE<12 併段吸收（自動修）
godie-u010,PASS,godie-u010.png,11,14,80.81,0.9758,1.0000,0,f207fce769ff2f60,,hair=#302020 hatBand=#d5d7e3 hatBrim=#4d5145 face=#1c1c26 collar=#466884 chestTrim=#a88e6e top=#c3b777 waist=#526699 pants=#2c2612 shin=#555264 shoe=#111707,sleeve 與 faceColors 無法從中軸條碼推得：草稿為 long + 最暗帶，需人工確認 ｜ 反鋸齒/漸層：3352 種像素顏色收斂成 11 條帶，3341 種中間色被眾數 + ΔE<12 併段吸收（自動修）
godie-u011,PASS,godie-u011.png,11,21,113.57,0.9785,1.0000,0,8ff9c07683a01ee1,,hair=#24291e hatBand=#d5dade hatBrim=#171714 face=#f40900 collar=#000305 chestTrim=#f10000 top=#000000 waist=#ffffff pants=#000000 shin=#ffffff shoe=#61676a,sleeve 與 faceColors 無法從中軸條碼推得：草稿為 long + 最暗帶，需人工確認 ｜ 反鋸齒/漸層：3758 種像素顏色收斂成 11 條帶，3747 種中間色被眾數 + ΔE<12 併段吸收（自動修）
godie-u012,DUPLICATE,godie-u012.png,11,21,113.57,0.9785,1.0000,0,8ff9c07683a01ee1,godie-u011,hair=#24291e hatBand=#d5dade hatBrim=#171714 face=#f40900 collar=#000305 chestTrim=#f10000 top=#000000 waist=#ffffff pants=#000000 shin=#ffffff shoe=#61676a,sleeve 與 faceColors 無法從中軸條碼推得：草稿為 long + 最暗帶，需人工確認 ｜ 反鋸齒/漸層：3758 種像素顏色收斂成 11 條帶，3747 種中間色被眾數 + ΔE<12 併段吸收（自動修） ｜ 條碼 hash 8ff9c07683a01ee1 與 godie-u011 相同 —— 圖示重複，強制人工
godie-u01f,FAIL,godie-u01f.webp,0,0,0.00,0.0000,0.0000,0,,,,解碼失敗：不是 PNG（.webp）—— 目前只支援 PNG 參考圖
godie-u01q,PASS,godie-u01q.png,11,22,96.65,0.9780,1.0000,0,3c165000fbf439b7,,hair=#302b26 hatBand=#cdcac8 hatBrim=#2e3928 face=#ffffff collar=#605a5a chestTrim=#ffffff top=#40302a waist=#ffd1a7 pants=#141314 shin=#546663 shoe=#001009,sleeve 與 faceColors 無法從中軸條碼推得：草稿為 long + 最暗帶，需人工確認 ｜ 反鋸齒/漸層：3563 種像素顏色收斂成 11 條帶，3552 種中間色被眾數 + ΔE<12 併段吸收（自動修）
godie-u01u,DUPLICATE,godie-u01u.png,11,22,96.65,0.9780,1.0000,0,3c165000fbf439b7,godie-u01q,hair=#302b26 hatBand=#cdcac8 hatBrim=#2e3928 face=#ffffff collar=#605a5a chestTrim=#ffffff top=#40302a waist=#ffd1a7 pants=#141314 shin=#546663 shoe=#001009,sleeve 與 faceColors 無法從中軸條碼推得：草稿為 long + 最暗帶，需人工確認 ｜ 反鋸齒/漸層：3563 種像素顏色收斂成 11 條帶，3552 種中間色被眾數 + ΔE<12 併段吸收（自動修） ｜ 條碼 hash 3c165000fbf439b7 與 godie-u01q 相同 —— 圖示重複，強制人工
godie-u034,PASS,godie-u034.png,9,9,100.00,0.9753,1.0000,0,91692b35d864dcc2,,hair=#2b2b20 hatBand=#d6d6d7 hatBrim=#34342f chestTrim=#000000 top=#ffffff waist=#1a1a15 pants=#656560 shin=#555060 shoe=#00031e,sleeve 與 faceColors 無法從中軸條碼推得：草稿為 long + 最暗帶，需人工確認 ｜ 反鋸齒/漸層：1046 種像素顏色收斂成 9 條帶，1037 種中間色被眾數 + ΔE<12 併段吸收（自動修）
godie-ubal,PASS,godie-ubal.png,11,15,91.59,0.9771,1.0000,0,94cbeb3e1f918ea9,,hair=#272716 hatBand=#d4d4d3 hatBrim=#7b7b79 face=#ffffff collar=#b5b5b5 chestTrim=#737373 top=#424143 waist=#989999 pants=#2c251c shin=#6e6e6e shoe=#171c08,sleeve 與 faceColors 無法從中軸條碼推得：草稿為 long + 最暗帶，需人工確認 ｜ 反鋸齒/漸層：1661 種像素顏色收斂成 11 條帶，1650 種中間色被眾數 + ΔE<12 併段吸收（自動修）
godie-ucrl,PASS,godie-ucrl.png,11,14,84.30,0.9973,1.0000,0,b03f60e264158255,,hair=#26261b hatBand=#cacac4 hatBrim=#03030d face=#aa6454 collar=#000011 chestTrim=#a36744 top=#356b14 waist=#b26749 pants=#000000 shin=#c0c493 shoe=#000000,sleeve 與 faceColors 無法從中軸條碼推得：草稿為 long + 最暗帶，需人工確認 ｜ 反鋸齒/漸層：3343 種像素顏色收斂成 11 條帶，3332 種中間色被眾數 + ΔE<12 併段吸收（自動修）
godie-udea,FAIL,godie-udea.webp,0,0,0.00,0.0000,0.0000,0,,,,解碼失敗：不是 PNG（.webp）—— 目前只支援 PNG 參考圖
godie-udre,DUPLICATE,godie-udre.png,11,22,96.65,0.9780,1.0000,0,3c165000fbf439b7,godie-u01q,hair=#302b26 hatBand=#cdcac8 hatBrim=#2e3928 face=#ffffff collar=#605a5a chestTrim=#ffffff top=#40302a waist=#ffd1a7 pants=#141314 shin=#546663 shoe=#001009,sleeve 與 faceColors 無法從中軸條碼推得：草稿為 long + 最暗帶，需人工確認 ｜ 反鋸齒/漸層：3563 種像素顏色收斂成 11 條帶，3552 種中間色被眾數 + ΔE<12 併段吸收（自動修） ｜ 條碼 hash 3c165000fbf439b7 與 godie-u01q 相同 —— 圖示重複，強制人工
godie-umal,DUPLICATE,godie-umal.png,11,48,119.62,0.9983,1.0000,0,2e71e6e9dc6dca9e,godie-u00l,hair=#000000 hatBand=#f2aa00 hatBrim=#000000 face=#fad721 collar=#000400 chestTrim=#f8d72f top=#000000 waist=#ffe14d pants=#000000 shin=#f6bc15 shoe=#000000,sleeve 與 faceColors 無法從中軸條碼推得：草稿為 long + 最暗帶，需人工確認 ｜ 反鋸齒/漸層：3955 種像素顏色收斂成 11 條帶，3944 種中間色被眾數 + ΔE<12 併段吸收（自動修） ｜ 條碼 hash 2e71e6e9dc6dca9e 與 godie-u00l 相同 —— 圖示重複，強制人工
godie-usyl,FAIL,godie-usyl.webp,0,0,0.00,0.0000,0.0000,0,,,,解碼失敗：不是 PNG（.webp）—— 目前只支援 PNG 參考圖
godie-uvng,DUPLICATE,godie-uvng.png,11,14,80.81,0.9758,1.0000,0,f207fce769ff2f60,godie-u010,hair=#302020 hatBand=#d5d7e3 hatBrim=#4d5145 face=#1c1c26 collar=#466884 chestTrim=#a88e6e top=#c3b777 waist=#526699 pants=#2c2612 shin=#555264 shoe=#111707,sleeve 與 faceColors 無法從中軸條碼推得：草稿為 long + 最暗帶，需人工確認 ｜ 反鋸齒/漸層：3352 種像素顏色收斂成 11 條帶，3341 種中間色被眾數 + ΔE<12 併段吸收（自動修） ｜ 條碼 hash f207fce769ff2f60 與 godie-u010 相同 —— 圖示重複，強制人工
godie-uwar,FAIL,godie-uwar.webp,0,0,0.00,0.0000,0.0000,0,,,,解碼失敗：不是 PNG（.webp）—— 目前只支援 PNG 參考圖
sela,FAIL,sela.webp,0,0,0.00,0.0000,0.0000,0,,,,解碼失敗：不是 PNG（.webp）—— 目前只支援 PNG 參考圖
thorne,FAIL,thorne.webp,0,0,0.00,0.0000,0.0000,0,,,,解碼失敗：不是 PNG（.webp）—— 目前只支援 PNG 參考圖
