編號,稱號,全名,職業,攻擊類型,名言,描述
godie-e001,蟬在叫人壞掉,龍宮禮奈,fighter,melee,嘘だ！（騙人的！）,"故事：
來自雛見澤的小女孩，喜歡把""好可愛""的東西帶回家。
(出自:寒蟬鳴泣之時)

推薦玩家 : 追擊殺人
上手度 : 中

角色成長：
力量 + 1.75
敏捷 + 2.80
智慧 + 1.65
基礎跑速 300

可學習的技能：
鬼隱之擊
、染血的柴刀、五吋釘、雛見澤症候群L5"
godie-e002,亞瑟王,Saber,fighter,melee,問おう、あなたが私のマスターか（我問你，你是我的Master嗎）,"故事：
在偶然的情況下與衛宮士郎定下契約的 、外觀嬌小的女性SERVANT，就是被認為能力最高的聖靈。
(出自:Fate/stay night)

推薦玩家 : 破塔PK
上手度 : 中

角色成長：
力量 + 2.70
敏捷 + 1.80
智慧 + 1.60
基礎跑速 300

可學習的技能：
風王結界、感知能力、約束與勝利之劍、Avalon-永恆的理想鄉"
godie-e007,龍之子,天地志狼,marksman,ranged,この乱世、俺が終わらせる！（這亂世，由我來終結！）,"故事：
本是平凡的國中二年級學生，因為母親項鍊的神奇力量來到三國時代，而被當做龍之子，跟仙人學習仙術及武術，以拯救龍之女為目標。
(出自:龍狼傳)

角色成長：
力量 + 1.80
敏捷 + 2.85
智慧 + 1.65
基礎跑速 300

可學習的技能：
柳術、鬥仙術、雲體風身之術、仙氣發勁"
godie-e008,火霧戰士,夏娜,fighter,melee,うるさいうるさいうるさい！（囉唆囉唆囉唆！）,"故事：
身分為火霧戰士，為了存在感稀薄的人而戰。
(出自:灼眼的夏娜)

推薦玩家 : 團戰殺人
上手度 : 難

角色成長：
力量 + 1.75
敏捷 + 2.90
智慧 + 1.55
基礎跑速 310

可學習的技能：
拔焰刀、火羽、赤焰爆發、討滅封絕"
godie-e00j,皇者,騜,fighter,melee,ひざまずけ、皇者（おうじゃ）の御成りだ！（跪下吧，皇者駕到！）,"故事：
出生於東方之珠的真龍天子，一出生就有龍氣附身，註定是強者中的強者。不過在初次與扁皇的對決中，騜被徹底打敗。後來騜得到十六天王的團結相助，終於擊敗了扁皇和其接班人謝常霆，登上尊位，成為真正的皇者。
(出自:馬皇降臨)

推薦玩家 : 牽制追擊
上手度 : 中

角色成長：
力量 + 2.40
敏捷 + 1.60
智慧 + 1.70
基礎跑速 310

可學習的技能：
謝謝指教、大和戰氣、皇者戰氣第五十重天、藍色戰氣一百重天"
godie-e00k,戰國刺客Azumi,安云,fighter,melee,私は、殺すために生きる（我為殺戮而生）,"故事：
少女殺手安云，是身手敏捷、拔刀神速，號稱百人斬的殺手刺客。在完成使命恢復自由之身後，決心投入愛與和平洗刷罪孽。
(出自:安云)

推薦玩家 : PK殺人
上手度 : 中

角色成長：
力量 + 1.65
敏捷 + 2.80
智慧 + 1.55
基礎跑速 310

可學習的技能：
斷末、迴切、瞬切百殺、幻影暗殺"
godie-e00l,亞瑟王,Saber,fighter,melee,問おう、あなたが私のマスターか（我問你，你是我的Master嗎）,
godie-e00n,蟬在叫人壞掉,龍宮禮奈,fighter,melee,嘘だ！（騙人的！）,
godie-e00q,英靈-亞瑟王,黑化Saber,fighter,melee,約束された勝利の剣（エクスカリバー・モルガン）！（誓約勝利之劍・魔劍摩根！（黑化聖劍的招牌寶具呼喊））,"故事：
被偽聖杯污染後的產物，她之所以會是最強，並不是因其作為劍士的能力，而是因為擁有龍之因子而得到的龐大魔力量。
(出自:Fate/hollow ataraxia)

推薦玩家 : 破塔PK
上手度 : 中

角色成長：
力量 + 2.20
敏捷 + 1.60
智慧 + 2.00
基礎跑速 270

可學習的技能：
力量強化、黑泥召喚、約束與勝利之劍、魔力增幅"
godie-e00r,最終泛用人型決戰兵器,初號機,fighter,melee,逃げちゃダメだ（不能逃避(EVA名句)）,"故事：
『汎用人型決戰兵器』EVANGELION初號機，採用半生物機械的製造，因此雖然能力強大,但是不好控制。作業系統為[J-Win95]，因此很容易發生""應用程式錯誤""而失控暴走 。

推薦玩家 : KUSO破塔
上手度 : 難

角色成長：
力量 + 1.75
敏捷 + 2.90
智慧 + 1.55
基礎跑速 300

可學習的技能：
吞噬、高震動周波短刀、AT力場、野戰型陽電子砲"
godie-e00s,白木老樹精,白木卡迪那,marksman,ranged,森（もり）の古木（こぼく）、その根で縛（しば）り上（あ）げてやろう。（森林古木，且以吾根縛盡爾等。（老樹精纏縛法術））,"故事：
白木家族是捍衛世界樹種族之一，與黃金龍族不同的是，通常處於被動守護狀態而不像黃金龍族常巡邏出擊，白木家族擅長控制自然元素牽制敵人。卡迪那本來是一顆瀕臨枯死的老樹精，受到飛鼠先生的祝福之後重生也得到了異常的魔法能量。
(出自:去死團逆襲原創)

推薦玩家 : 團戰殺人
上手度 : 易

角色成長：
力量 + 1.85
敏捷 + 1.10
智慧 + 2.80
基礎跑速 250

可學習的技能：
伸卡球、大怒石、木束縛之術、千年練成"
godie-e00t,七夜怪談,貞子,marksman,ranged,みんなを殺（ころ）してあげる。（我會把大家都殺掉喔。（《七夜怪談》貞子井底怨念的著名台詞））,"故事：
傳說中帶有恐怖怨念的超能力者，擅長爬出電視機嚇人，惹火她的人將會死無葬身之地。
(出自:七夜怪談)

推薦玩家 : 牽制殺人
上手度 : 難

角色成長：
力量 + 1.60
敏捷 + 2.00
智慧 + 2.20
基礎跑速 295

可學習的技能：
靈體化、驚駭、七夜怪談、靈壓震撼"
godie-e00u,完全而瀟灑的女僕,十六夜Sakuya,marksman,ranged,咲夜（さくや）の世界（ザ・ワールド）！（咲夜的世界！（十六夜咲夜停止時間的招牌符卡））,"故事：
(出自:東方Project)

推薦玩家 : --
上手度 : --

角色成長：
力量 + 1.40
敏捷 + 2.80
智慧 + 1.70
基礎跑速 300

可學習的技能：
離間之劍、千刃‧聚華、血染的銀匕首、夜霧的殺人鬼"
godie-e00v,百畝森林的霸主,維尼,fighter,melee,はちみつのためなら、何（なん）だってやるさ。（只要是為了蜂蜜，我什麼都幹得出來。（百畝森林霸主惡搞））,"故事：
小熊維尼是百畝森林裡最受歡迎的動物，約有22吋高，純真可愛，雖然有點笨拙，但心地善良。最愛吃蜂蜜，有很多好朋友。
(出自:小熊維尼)

推薦玩家 : 輔助牽制
上手度 : 中

角色成長：
力量 + 3.00
敏捷 + 1.60
智慧 + 1.40
基礎跑速 300

可學習的技能：
冷笑話、百畝森林保齡球、太太~妳的蜂蜜流出來摟、給我蜂蜜"
godie-e00w,神鳴流劍士,櫻綻剎那,fighter,melee,お嬢様は、私が守る（大小姐由我來守護）,"故事：
武道四天王之一，是在京都流傳已久的神鳴流劍術高手，也是個精通陰陽道的劍士。烏鴉族混血兒，由於擁有白色翅膀被族人逐出村莊，遂為木乃香的父親收養。
(出自:魔法老師)

推薦玩家 : 追擊殺手
上手度 : 難

角色成長：
力量 + 1.80
敏捷 + 2.85
智慧 + 1.65
基礎跑速 300

可學習的技能：
百烈櫻華斬、雷鳴劍、GLADIARIA ALAT、真-雷光劍"
godie-e00x,神鳴流劍士,櫻綻剎那,fighter,melee,お嬢様は、私が守る（大小姐由我來守護）,"故事：
武道四天王之一，是在京都流傳已久的神鳴流劍術高手，也是個精通陰陽道的劍士。烏鴉族混血兒，由於擁有白色翅膀被族人逐出村莊，遂為木乃香的父親收養。
(出自:魔法老師)

角色成長：
力量 + 1.80
敏捷 + 2.85
智慧 + 1.65
基礎跑速 300

可學習的技能：
斬魔劍、百烈櫻華斬、GLADIARIA ALAT、真雷光劍"
godie-e00z,戰國刺客Azumi,安云,fighter,melee,私は、殺すために生きる（我為殺戮而生）,
godie-e012,殺人劍客,佐佐木小次郎,fighter,melee,秘剣（ひけん）――燕返（つばめがえ）し！（秘劍・燕返！（佐佐木小次郎的傳說劍技））,"故事：
。
(出自:)

推薦玩家 : 連技殺手
上手度 : 難

角色成長：
力量 + 1.90
敏捷 + 2.60
智慧 + 1.70
基礎跑速 300

可學習的技能：
秘劍‧燕、秘劍‧返、七聲響-地之拔刀、隱秘劍‧地燕斬"
godie-e015,夜市人生,金居福,fighter,melee,夜市（よいち）の運命（さだめ）、なめんじゃねえ！（別小看夜市人生的命運！（台味惡搞））,"故事：
方恰恰的老公，他是在元配過世之後，才娶了方恰恰的。從事營造業，個性喜好吹噓，但其實很小氣，作風和方恰恰完全相反，很疼養兒子金大風。
(出自:夜市人生)

推薦玩家 : 團戰牽制
上手度 : 中

角色成長：
力量 + 2.30
敏捷 + 1.90
智慧 + 1.50
基礎跑速 305

可學習的技能：
北斗爆橘拳、橘山斬空破、珍奶顏射、賣扣~~"
godie-ecen,姜窩肯,約翰走路,marksman,ranged,歩（ある）き続（つづ）けろ――止（と）まったら、そこで終（お）わりだ。（繼續走下去——一旦停下，就到此為止。（約翰走路「Keep Walking」惡搞））,"故事：
酒不醉人人自醉，當初發跡是由一家小雜貨店開始。當時年紀才十五歲的約翰華克（John Walker）由於父親去世必須承擔家計，因此買下一間雜貨店，並開始販賣調和威士忌，但是他發現每次口味都不一樣，讓人失望，會調茶的他於是開始依樣畫葫蘆調和起威士忌，沒想到所調出的威士忌風味佳、品質穩定，不少有錢人漸漸成了老主顧；結果約翰華克調製的獨一無二威士忌，很快紅遍了蘇格蘭西部。
(出自:約翰走路)

角色成長：
力量 + 1.85
敏捷 + 1.65
智慧 + 2.80
基礎跑速 295

可學習的技能：
威士忌攻擊、酒釀精華、AT工廠機器人、魔幻浮水印"
godie-edem,寫輪眼復仇者,宇智波佐助,fighter,melee,お前を、殺す（我要殺了你）,"故事：
在忍者學校以第一名的成績畢業，是有名的""宇智波一族""的後代。復仇信念堅定，一心想殺了哥哥宇智波鼬。在與大蛇丸戰鬥時被施以咒印，有時會難以控制自我心性與力量。
(出自:火影忍者)

推薦玩家 : 連技殺人
上手度 : 難

角色成長：
力量 + 1.40
敏捷 + 2.50
智慧 + 2.00
基礎跑速 305

可學習的技能：
火遁-豪火龍之術、千鳥流、雷切、哥哥"
godie-efur,揍敵客大家長,揍敵客桀諾,marksman,ranged,もし殺（ころ）したい奴（やつ）がいたら連絡（れんらく）くれ。3割引（さんわりび）きで請（う）け負（お）うぞ？（要是有想殺的人就聯絡我，算你七折接單喔？（傑諾·揍敵客名言））,"故事：
來自殺手世家揍敵客家族，其才能在揍敵客家族歷史也是非常優秀。擁有超強的念能力，可以任意操縱敵人的生死。暗殺家族揍敵客家的家長。奇犽的祖父。 穿著「一日一殺」和「生涯現役」等刺繡的衣服。
(出自:偽獵人X獵人)

推薦玩家 : 追擊殺手
上手度 : 難

角色成長：
力量 + 1.50
敏捷 + 2.20
智慧 + 2.30
基礎跑速 315

可學習的技能：
老樹盤根、變化念力、快步、暗殺奧義"
godie-ekee,會叫的野獸,傳說中的大刀,marksman,ranged,斬（き）られてから吠（ほ）えても、もう遅（おそ）いぞ！（被砍了才嚎叫，可就太遲啦！（會叫的野獸・傳說大刀））,"故事：
出現於世界各地，汲汲營營、毀人不倦，通常手下都有大量的菸酒生可供使喚，特技是壓榨學生&奪取實驗成果，偶爾會參與政治鬥爭。
(出自:學期末校園大刀傳說(誤))

推薦玩家 : 怨念極大
上手度 : 難

角色成長：
力量 + 1.50
敏捷 + 2.90
智慧 + 1.80
基礎跑速 315

可學習的技能：
期末報告、抽點名、這次考試很簡單、you cannot pass!"
godie-emfr,魔法老師,涅吉。史普林。菲爾德,marksman,ranged,ラス・テル・マ・スキル・マギステル！（咒文起動！）,"故事：
英國某間魔法學校修行的首席畢業生涅吉，目前還只是個10歲的少年。他的目標是成為「出色的魔法使」。
(出自:魔法老師)

推薦玩家 : 團戰牽制
上手度 : 難

角色成長：
力量 + 1.60
敏捷 + 1.40
智慧 + 3.00
基礎跑速 290

可學習的技能：
風精召喚、沉睡之霧、雷電風暴、千之雷"
godie-emns,奇樂,夜神月,marksman,ranged,計画通り（一切都在計畫之中）,"故事：
英俊瀟灑，謹慎且機智，雖然極有女人緣但對異性不感興趣。高中三年級時在學校撿到了死神路克遺留人間界的死亡筆記""DEATH NOTE""，從而擁有了操縱生死的能力，並以""新世界的神""的名義君臨天下。
(出自:死亡筆記本)

推薦玩家 : 心機暗殺
上手度 : 難

角色成長：
力量 + 1.75
敏捷 + 1.50
智慧 + 2.70
基礎跑速 300

可學習的技能：
死神的規則、機警、火車輾過、心臟麻痺"
godie-etyr,治癒系公主,木乃香,marksman,ranged,うちが、みんな元気にしたげる♪（讓大家都恢復精神♪）,"故事：
父母家在京都的關西咒術協會，父親近衛詠春是關西咒術協會會長，祖父是關東魔法協會會長與麻帆良學園的校長，自身擁有驚世駭俗的魔法力量，有可能能成為世界頂級的治癒術師，在關東魔法協會一戰中被天崎千草借其魔力召喚出過百惡魔。
(2007部族盃比賽獎品 出自:魔法老師)

推薦玩家 : 輔助團戰
上手度 : 中

角色成長：
力量 + 1.60
敏捷 + 1.20
智慧 + 3.20
基礎跑速 295

可學習的技能：
東風繪扇、南風末廣、式神炸裂、魔力應援、聖夜降臨"
godie-ewar,龍之子,天地志狼,fighter,melee,この乱世、俺が終わらせる！（這亂世，由我來終結！）,"故事：
本是平凡的國中二年級學生，因為母親項鍊的神奇力量來到三國時代，而被當做龍之子，跟仙人學習仙術及武術，以拯救龍之女為目標。
(出自:龍狼傳)

推薦玩家 : 團戰狙擊
上手度 : 中

角色成長：
力量 + 1.80
敏捷 + 2.85
智慧 + 1.65
基礎跑速 300

可學習的技能：
鬥仙術、仙氣．採藥、破凰之心．徒手空破山、龍氣爆發"
godie-ewrd,天上天下,棗 真夜,fighter,melee,名（な）もなき戦士（せんし）、いざ参（まい）る！（無名戰士，這就上場！（輸入資料缺失，暫擬佔位台詞，待補全稱號後重查））,"故事：
立誓要以""武術""征服全校， 身為統道學園劍道部社長棗真夜，有必要以廣告招收新社員，於是參加了這場聖戰。
(出自:天上天下)

推薦玩家 : 團戰殺手
上手度 : 中

角色成長：
力量 + 1.95
敏捷 + 2.65
智慧 + 1.60
基礎跑速 310

可學習的技能：
殺無真空斬、鬼 - 真夜、空破圓斬、狂龍斬"
godie-h001,地獄來襲者,斑剎,fighter,melee,地獄の底から這い上がった…お前らも道連れだ！（從地獄深處爬上來的…把你們一起拖下去陪葬！）,"故事：
來自天堂的召喚師，擁有召喚強力怪獸的能力，同樣是充滿怨念的角色。
(出自:天堂)

推薦玩家 : 招喚破塔
上手度 : 難

角色成長：
力量 + 1.95
敏捷 + 1.55
智慧 + 2.80
基礎跑速 290

可學習的技能：
吸血鬼之吻、地裂術、召喚術、流星雨"
godie-h00l,時空勇者,林克,fighter,melee,ハイヤッ！（揮劍吶喊(角色近乎沉默)）,"故事：原本在森林中被當成『永遠不會長大的科奇利族人』般的生活著，直到某天因葛諾多夫的陰謀而知道自己真正的身世，為了對抗葛諾多夫，林克成為時空勇者 。
(出自:薩爾達傳說)

推薦玩家 : 肉盾牽制
上手度 : 易

角色成長：
力量 + 2.80
敏捷 + 2.00
智慧 + 1.20
基礎跑速 295

可學習的技能：
科奇利族迴旋鏢、鎖鏈槍、海拉爾之盾的庇護、迴旋斬"
godie-h01n,開外掛的死神,黑崎一護,fighter,melee,月牙天衝！（月牙天衝！）,"故事：黑崎一護除了能夠看見靈之外，是個很普通的高中生，但是有一天，出現了一個叫做〔虛〕的惡靈找上了他，此時！他遇見了死神朽木露琪亞，為了拯救家人，踏上代理死神這條路 。
(出自:死神BLEACH)

推薦玩家 : 輸出殺人
上手度 : 易

角色成長：
力量 + 2.75
敏捷 + 1.45
智慧 + 1.6
基礎跑速 295

可學習的技能：
瞬步、斬擊、月牙天衝、卍解"
godie-h01o,外掛開很大的死神,黑崎一護,fighter,melee,月牙天衝！（月牙天衝！）,
godie-h01u,亂世癿王者,呂布奉先,fighter,melee,我が名は呂布、天下無双！（吾乃呂布，天下無雙！）,"故事：呂布（公元151年—公元198年），字奉先，五原（今內蒙古包頭市）人。三國時代的著名武將。呂布因其驍勇善戰，但又勢利多變。在民間對他評價為「人中呂布，馬中赤兔」。
(出自:東漢世紀末傳說)

推薦玩家 : PK破塔
上手度 : 易

角色成長：
力量 + 2.80
敏捷 + 1.40
智慧 + 1.70
基礎跑速 305

可學習的技能：
天下無雙、弒鬼神、鬼神烈戟、赤兔咆哮"
godie-h020,黑魔導士,莉娜因巴斯,marksman,ranged,ドラグ・スレイブ！（龍破斬！）,"故事：
自稱天才美少女魔導士的莉娜，加入愛與和平純粹只是為了可以獲得賞金，正如同她的綽號""盜賊殺手""一樣，惡徒是沒有人權的。
(出自:秀逗魔導士)

推薦玩家 : 團戰殺手
上手度 : 難

角色成長：
力量 + 1.60
敏捷 + 1.70
智慧 + 3.00
基礎跑速 290

可學習的技能：
火球術、炸彈陣、龍破斬、神滅斬、重破斬(需要惡夢魔王碎片)"
godie-h021,破銅爛鐵,阿強一號,marksman,ranged,アーチャン一号、起動！ポンコツって言うな！（阿強一號，啟動！別叫我破銅爛鐵啦！）,"故事：
。
(出自:)

推薦玩家 :  團戰殺人
上手度 : 中

角色成長：
力量 + 2.40
敏捷 + 1.40
智慧 + 2.30
基礎跑速 305

可學習的技能：
薩喀爾、薩喀爾嘎、及喀爾度、巴歐薩喀爾嘎"
godie-h022,白色之翼,涅吉。史普林。菲爾德,fighter,melee,ラス・テル・マ・スキル・マギステル！（咒文起動！）,"故事：
在魔法世界裡經父親以前的夥伴拉坎的協助，學會了依文潔琳百年前用的禁忌之術──「黑暗魔法」，戰鬥方式也隨之改變。
(出自:魔法老師)

推薦玩家 : 游擊牽制
上手度 : 難

角色成長：
力量 + 1.90
敏捷 + 1.90
智慧 + 2.00
基礎跑速 310

可學習的技能：
雷之斧、虛空瞬動、雷之投擲、闇之魔法"
godie-h02k,國寶級的畜生,熊貓,fighter,melee,笹をよこせ…でなきゃ、噛むぞ（把竹子交出來…不然咬你）,"故事：
來自四川的熊貓，經歷過四川的地震以後，流落到馬戲團賣藝，雖然自稱賣藝不賣身，但是為了生活還是常常到228公園去，而支持他苟延殘喘活下來的動力，就是希望在有生之年能拍一張彩色的照片。
(出自:去死團原創)

推薦玩家 : 人品爆發
上手度 : 殘

角色成長：
力量 + 1~4
敏捷 + 1~2
智慧 + 0~1
基礎跑速 305

可學習的技能：
憤怒的門牙、憤怒的菊花、憤怒的胸毛、憤怒的簡諧運動"
godie-h02n,腦包英雄,打我阿笨蛋,fighter,melee,さあ殴れ！痛くも痒くもないぜ、バカめ！（來打我啊！一點也不痛不癢，笨蛋！）,
godie-h02r,種子神奇寶貝,妙蛙花,fighter,melee,フシギバナ！（妙蛙花！叫聲(非說話生物)）,
godie-h02s,,死亡騎士,fighter,melee,死は終わりにあらず…我が始まりなり。（死亡並非終結…而是我的開始。）,"故事：
詳情請參考巫妖電視王-30秒說完巫妖王歷史。
(出自:WarCraft)

推薦玩家 : 逼戰殺人
上手度 : 中

角色成長：
力量 + 2.70
敏捷 + 1.50
智慧 + 1.80
基礎跑速 315

可學習的技能：
死亡之握、疫病、碎心打擊、血魄暴噬"
godie-h02u,看似憂鬱的神獸,草泥馬,fighter,melee,この草原は、俺のものだ…メェッ！（這片草原是我的…咩！）,"故事：
草泥馬是中國網民惡搞的十大神獸之一，被《紐約時報》等媒體認為是中國網民對於中國大陸網路審查制度的調侃。但具體的起源尚不明確。包括草泥馬在內的十大神獸最初發佈於百度百科，之後迅速躥紅，在聊天室、論壇中廣為流傳。關於「草泥馬」的視頻、卡通和商品也成為世界範圍關注的對象。
(出自:中國大陸)

角色成長：
力量 + 1.50
敏捷 + 2.50
智慧 + 2.00
基礎跑速 320

技能：
憂鬱的眼神、臥槽泥馬、狂槽泥馬、消化液、固有結界-馬勒戈壁"
godie-h02v,看似憂鬱的神獸,草泥馬,fighter,melee,この草原は、俺のものだ…メェッ！（這片草原是我的…咩！）,"故事：
草泥馬是中國網民惡搞的十大神獸之一，被《紐約時報》等媒體認為是中國網民對於中國大陸網路審查制度的調侃。但具體的起源尚不明確。包括草泥馬在內的十大神獸最初發佈於百度百科，之後迅速躥紅，在聊天室、論壇中廣為流傳。關於「草泥馬」的視頻、卡通和商品也成為世界範圍關注的對象。
(出自:中國大陸)

角色成長：
力量 + 1.50
敏捷 + 2.50
智慧 + 2.00
基礎跑速 320

技能：
臥槽泥馬、狂槽泥馬、消化液、固有結界-馬勒戈壁"
godie-h02y,幕末復仇狂者,志志雄真實,fighter,melee,所詮、この世は弱肉強食。強ければ生き、弱ければ死ぬ。（說到底，這世上就是弱肉強食。強者生，弱者死。）,"故事：
「強者生存，弱者滅亡」為其信念，認為去死團在對岸列強環伺下需要強權領導，現任作者太軟弱了，應該由他取而代之，帶領死團成為KUSO界的霸主。
(出自:神劍闖江湖)

推薦玩家 : 逼戰
上手度 : 易

角色成長：
力量 + 2.50
敏捷 + 1.70
智慧 + 1.80
基礎跑速 305

可學習的技能：
壹之秘劍-焰靈、貳之秘劍-紅蓮腕、弱肉強食、終極秘劍-火產靈神"
godie-h02z,,不良少年,fighter,melee,あぁ？ガンつけてんじゃねえぞ、コラ！（啊？瞪三小啦你，喂！）,"故事：
詳情請參考巫妖電視王-30秒說完巫妖王歷史。
(出自:WarCraft)

推薦玩家 : 逼戰殺人
上手度 : 中

角色成長：
力量 + 2.70
敏捷 + 1.50
智慧 + 1.80
基礎跑速 315

可學習的技能：
死亡之握、疫病、碎心打擊、血魄暴噬"
godie-hapm,海克力斯,Berserker,fighter,melee,グオオオオッ！（咆哮！(狂化不能言語)）,"故事：
Berserker是希臘神話中著名的英雄海格力斯(Hercules) ，血統為半神半人，力大無窮，曾在聖杯戰爭中被召喚為SENVENT與嬌小的Master依利亞並肩作戰。
(第一屆去死團大賽獎勵角色 出自:Fate/stay night)

推薦玩家 : 衝鋒殺人
上手度 : 中

角色成長：
力量 + 2.80
敏捷 + 1.40
智慧 + 1.70
基礎跑速 300

可學習的技能：
狂戰士之怒、蹂躪編年史、無銘斧劍、巨神一擊"
godie-harf,豪洨天王,鄭先生,fighter,melee,全部本当だぜ？信じないお前が悪いんだよ！（全都是真的啦？不相信是你的錯耶！）,"故事：
PTT傳說中的愛洨會最高層幹部之一，喜愛吞噬某樣液體成名。之所以會加入去死團，據說是愛洨會高層討論的命令。
(出自:台大PTT)

推薦玩家 : PK坦克
上手度 : 中

角色成長：
力量 + 2.75
敏捷 + 1.55
智慧 + 1.80
基礎跑速 305

可學習的技能：
腳底按摩、亂入、熱血、洨者聖臨"
godie-hart,最終幻想,克勞德,fighter,melee,興味ないね（沒興趣）,"故事：
Cloud的名字暗示著他神祕，不清楚的過去以及他那不可預知的將來，為了過去奮戰們的朋友，使得他不得不重新提起沉重的大刀迎敵。
(出自:太空戰士7)

推薦玩家 : 追擊殺手
上手度 : 中

角色成長：
力量 + 2.50
敏捷 + 1.80
智慧 + 1.90
基礎跑速 310

可學習的技能：
凶斬、隕石擊、畫龍點睛、超究武神霸斬"
godie-hblm,慈悲的王者,賈修貝爾,marksman,ranged,ザケル！オレは優しい王様になるんだ！（撒克魯！我要成為溫柔慈悲的王！）,"故事：
與手持魔法紅書唸出咒語的清人並肩作戰，和同樣被送到人間，競爭角逐魔界之王的寶座，為了得到保護心愛的朋友們加入了愛與和平。
(出自:魔法少年賈修)

推薦玩家 :  團戰殺人
上手度 : 中

角色成長：
力量 + 2.40
敏捷 + 1.40
智慧 + 2.30
基礎跑速 305

可學習的技能：
薩喀爾、薩喀爾嘎、及喀爾度、巴歐薩喀爾嘎"
godie-hgam,種子神奇寶貝,妙蛙種子,fighter,melee,フシギダネ！（妙蛙種子！（寶可夢只會喊自己的名字））,"故事：
一出生背上就負著不可思議的種子。背上的種子裡面，擁有大量的營養 ，種子會跟著身體一起長大。
(出自:神奇寶貝)

推薦玩家 : 牽制會戰
上手度 : 中

角色成長：
力量 + 1.50
敏捷 + 2.00
智慧 + 2.30
基礎跑速 300

可學習的技能：
飛葉快刀、麻痺粉、藤鞭、陽光烈焰"
godie-hjai,黑魔導士,莉娜因巴斯,marksman,ranged,ドラグ・スレイブ！（龍破斬！）,"故事：
自稱天才美少女魔導士的莉娜，加入愛與和平純粹只是為了可以獲得賞金，正如同她的綽號""盜賊殺手""一樣，惡徒是沒有人權的。
(出自:秀逗魔導士)

推薦玩家 : 團戰殺手
上手度 : 難

角色成長：
力量 + 1.60
敏捷 + 1.70
智慧 + 3.00
基礎跑速 290

可學習的技能：
火球術、炸彈陣、龍破斬、神滅斬、重破斬"
godie-hlgr,鋼彈,煌,fighter,melee,撃たせない！（我不會讓你開火（傷害任何人）！）,"故事：
煌 大和是操縱鋼彈的駕駛員，為了執行宇宙和平的使命，於是開著拼裝的工程用鋼彈加入愛與和平。
(出自:鋼彈Seed)

推薦玩家 : 攻城巨砲
上手度 : 易

角色成長：
力量 + 2.70
敏捷 + 1.50
智慧 + 1.90
基礎跑速 300

可學習的技能：
詭雷、磁軌砲、鯨式電漿光束炮、全彈發射"
godie-hpal,不死之身-無,藤井八雲,fighter,melee,俺は…死なない（我不會死(不死之身)）,"故事：
身為三隻眼的僕人，擁有不死之身的藤井八雲，雖然可以招喚威力強大的魔獸，卻要付出自身血肉作為代價。
(出自:三隻眼)

推薦玩家 : 破塔殺人
上手度 : 易

角色成長：
力量 + 2.50
敏捷 + 1.80
智慧 + 1.80
基礎跑速 305

可學習的技能：
土爪、石絲、鏡蠱、光牙"
godie-hpb1,獸矛傳承使,蒼月潮,fighter,melee,とらァッ！（虎！呼喚搭檔）,"故事：
無意間破除光霸明宗所設的密室結界， 並意外成為獸矛這一世的傳承者。充滿熱血正義感的蒼月潮為了阻止去死團的破壞拿起獸矛奮戰了。
(出自:魔力小馬、潮與虎)

推薦玩家 : 追擊殺手
上手度 : 中

角色成長：
力量 + 2.10
敏捷 + 2.00
智慧 + 1.70
基礎跑速 310

可學習的技能：
臨兵鬥、者皆陣、列在前、神聖結界"
godie-huth,超級普烏,魔人普烏,fighter,melee,お菓子にしてやる！（把你變成糖果！）,"故事：
看似貪玩可愛，骨子裡卻充滿邪惡的魔人普烏。擁有強大的分身再生能力，摧毀敵人也只不過是他的娛樂。
(出自:七龍珠)

推薦玩家 : 破塔堵人
上手度 : 易

角色成長：
力量 + 2.50
敏捷 + 1.85
智慧 + 1.75
基礎跑速 300

可學習的技能：
吃掉你、把你變成餅乾、分身、破滅能量彈"
godie-hvsh,梅杜莎,Rider,fighter,melee,騎英の手綱（ベルレフォーン）！（騎英之手綱！）,"故事：
高爾根為蛇髮女怪，她們是海神Phorcys和ceto所生的三女妖：大姐司提娜(Stheno)是代表力量，二姐尤里艾蕾(Euryale)是代表自由(飛翔)，三妹梅杜莎(Medusa)是代表悲哀(女王)。她們三姊妹當中只有梅杜沙是人類的身軀。
(出自:Fate/stay night)

推薦玩家 : 團戰牽制
上手度 : 中

角色成長：
力量 + 1.70
敏捷 + 2.75
智慧 + 1.75
基礎跑速 300

可學習的技能：
魔法鎖鍊、心眼、鮮血神殿、騎英之韁繩"
godie-hvwd,除魔巫女,桔梗,marksman,ranged,一緒に地獄へ、犬夜叉（一起下地獄吧，犬夜叉）,"故事：
原本是四魂之玉的守護巫女，為了守護世界的和平，只好再度轉生修練來對抗去死團的怨念。
(出自:犬夜叉)

推薦玩家 : 牽制輔助
上手度 : 易

角色成長：
力量 + 1.80
敏捷 + 2.40
智慧 + 1.80
基礎跑速 295

可學習的技能：
破魔之箭、明鏡止水、魂飛魄散、百鬼夜行"
godie-n003,黑暗福音,依文潔琳,marksman,ranged,凍てつけ！（凍結吧！）,"故事：
吸血鬼的真祖〔以怪物來說是最強的等級而且是吸血鬼中屬於最高階的人物﹞，在15年以前是被稱為『闇之福音』、『不死的魔法使』。
(出自:魔法老師)

推薦玩家 : 團戰殺手
上手度 : 難

角色成長：
力量 + 1.20
敏捷 + 1.50
智慧 + 2.60
基礎跑速 295
*只有在夜晚才會自動回覆生命值

可學習的技能：
凍結的大地、吸血祭品、暗夜吹雪、世界終結"
godie-n00b,小叮噹,哆拉A夢,fighter,melee,タケコプター！（竹蜻蜓！招牌道具）,"故事：
從21世紀來的機械貓，因為感受到體內KUSO魂呼喚，所以決定在去死團大闖天下。
(出自:小叮噹)

推薦玩家 : 團戰輔助
上手度 : 中

角色成長：
力量 + 2.00
敏捷 + 1.85
智慧 + 2.45
基礎跑速 305

可學習的技能：
空氣砲、任意門、複製鏡、竹蜻蜓"
godie-n00p,妖狐藏馬,南野秀一,marksman,ranged,薔薇棘鞭殺（ローズウィップ）！（薔薇鞭！招牌武器）,"故事：
魔界高級妖魔轉生寄宿為人類，為控制魔界植物的支配者。
(出自:幽遊白書)

角色成長：
力量 + 1.85
敏捷 + 1.80
智慧 + 2.65
基礎跑速 300

可學習的技能：
寄生種子、風華圓舞陣、妖狐變化、魔界樹海"
godie-n01c,傳說的龍騎士,勇者小呆,fighter,melee,アバンストラッシュ！（阿邦流斬擊！）,"故事：
傳說中打敗魔王的勇者，為神魔人混血創造的龍騎士，為了維護世界和平，再度使用高超的阿邦快速劍斬殺敵人。
(出自:神龍之謎)

推薦玩家 : 團戰破塔
上手度 : 中

角色成長：
力量 + 1.70
敏捷 + 2.70
智慧 + 1.80
基礎跑速 305

可學習的技能：
雙龍紋、萊丁快速劍、龍鬥氣砲咒文、阿邦快速劍X"
godie-n01g,黑暗福音,依文潔琳,marksman,ranged,凍てつけ！（凍結吧！）,"故事：
吸血鬼的真祖〔以怪物來說是最強的等級而且是吸血鬼中屬於最高階的人物﹞，在15年以前是被稱為『闇之福音』、『不死的魔法使』。
(出自:魔法老師)

推薦玩家 : 團戰殺手
上手度 : 難

角色成長：
力量 + 1.40
敏捷 + 1.50
智慧 + 2.60
基礎跑速 295
*只有在夜晚才會自動回覆生命值

可學習的技能：
凍結的大地、吸血祭品、暗夜吹雪、世界終結"
godie-n01l,學姊,小派,fighter,melee,後輩くん、私のこと…気になっちゃってるでしょ？（學弟～你其實…很在意學姊我對吧？）,"故事：

(出自:現實的人生)

角色成長：
力量 + 1.40
敏捷 + 2.30
智慧 + 2.30
基礎跑速 320

可學習的技能：
理財的習慣、平易近人的笑容、從過去中學習、自在飛翔"
godie-naka,猿飛佐助,風魔小次郎,fighter,melee,風魔の小次郎、推参！（風魔的小次郎，登場！）,"故事：
神秘的忍者，藏在敵人的影子之中難以發現，暗殺的達人，不攻擊的時候甚至可以永久隱形。
(出自:忍者傳說)

推薦玩家 : 暗殺鬼隱
上手度 : 難

角色成長：
力量 + 1.65
敏捷 + 2.00
智慧 + 2.65
基礎跑速 310

可學習的技能：
忍法風魔手裡劍、忍法鬼穿刺、忍法千變萬化之刀、忍法暗殺奧義-飛燕閃"
godie-nbbc,傳說的龍騎士,勇者小呆,fighter,melee,アバンストラッシュ！（阿邦流斬擊！）,"故事：
傳說中打敗魔王的勇者，為神魔人混血創造的龍騎士，為了維護世界和平，再度使用高超的阿邦快速劍斬殺敵人。
(出自:神龍之謎)

推薦玩家 : 團戰破塔
上手度 : 中

角色成長：
力量 + 1.70
敏捷 + 2.70
智慧 + 1.80
基礎跑速 305

可學習的技能：
雙龍紋、萊丁快速劍、龍鬥氣砲咒文、阿邦快速劍X"
godie-nbst,變態正義,瘋狂假面,fighter,melee,私はただの変態じゃない、正義の変態だ！（我可不是普通的變態，是正義的變態！）,"故事：
傳說瘋狂假面是一個實行變態正義的人，一旦套上小褲褲就會變成正義超人，擁有制裁罪惡的超能力。
(出自:瘋狂假面)

推薦玩家 : 破塔殺人
上手度 : 中

角色成長：
力量 + 2.10
敏捷 + 1.60
智慧 + 1.70
基礎跑速 310

可學習的技能：
這是我的豆皮壽司、變態根性、變態絕技悶絕地獄車、內褲變身"
godie-nman,地獄歌神,憤怒的胖虎,fighter,melee,お前のものは俺のもの、俺のものも俺のもの。（你的東西是我的，我的東西也是我的。）,"故事：
身為孩子王的胖虎卻找不到女伴，如此大的怨念讓胖虎憤怒的成為去死團的戰士。
(出自:小叮噹)

推薦玩家 : 團戰破塔
上手度 : 中

角色成長：
力量 + 2.50
敏捷 + 1.45
智慧 + 1.75
基礎跑速 310

可學習的技能：
威脅之拳、爆熱神音、痛哭流涕麥克風、地獄搖滾"
godie-nplh,通靈人,麻倉葉,fighter,melee,なんとかなる（船到橋頭自然直）,"故事：
為了修練來到愛與和平，擁有安娜授予《超．占事略決》，得到了新的超越靈魂──阿隬陀丸in春雨in御神體之劍。
(出自:通靈童子)

推薦玩家 : 連技殺人
上手度 : 難

角色成長：
力量 + 2.35
敏捷 + 1.75
智慧 + 2.00
基礎跑速 315

可學習的技能：
超 - 占事略決、阿彌陀流真空佛陀斬、無無明亦無、劍之精靈"
godie-nsjs,妖狐藏馬,南野秀一,marksman,ranged,薔薇棘鞭殺（ローズウィップ）！（薔薇鞭！招牌武器）,"故事：
魔界高級妖魔轉生寄宿為人類，為控制魔界植物的支配者。
(出自:幽遊白書)

推薦玩家 : 追擊破塔
上手度 : 難

角色成長：
力量 + 1.85
敏捷 + 1.80
智慧 + 2.65
基礎跑速 300

可學習的技能：
風華圓舞陣、寄生種子、妖狐變化、億年樹"
godie-ntin,時空管理局執務官,菲特·泰斯塔羅沙,fighter,melee,バルディッシュ、ザンバーフォーム！（巴爾迪修，斬滅型態！（時空管理局執務官的招牌變形指令））,"故事：
任職於時空管理局，擔任的職位是執務官。階級相當於一等尉。 轉任至機動六課後擔任的職位為搜查指揮，兼任雷光「Lightning」分隊的隊長。 利用工作，她保護了與她一樣際遇的小孩子，並適時的給了他們一份溫暖。
(出自:魔法少女奈葉)

推薦玩家 : 團戰輔助
上手度 : 中

角色成長：
力量 + 2.00
敏捷 + 2.20
智慧 + 1.80
基礎跑速 325

可學習的技能：
電離光槍 - 繁星飛躍、超音型態、雷牙一閃 - 雷牙裂霸、雷焰聖劍"
godie-o00k,傲嬌電氣老鼠,皮卡娘,marksman,ranged,ピカ…ピカチュウ♡（皮卡…皮卡丘♡）,"故事：
相當傲嬌的皮卡丘，從小就展現出超出一般水準的戰鬥能力，是個斗S，喜歡身為M的主人小智，。
(出自:SATO X PICA)

推薦玩家 : 游擊殺手
上手度 : 中

角色成長：
力量 + 1.60
敏捷 + 2.60
智慧 + 1.80
基礎跑速 320

可學習的技能：
十萬伏特、電光一閃、神鳴、打雷絕招"
godie-o00l,獸神官,傑洛士,marksman,ranged,それは秘密です♪（那是祕密喔♪）,"故事：
隸屬於獸王底下的神官，是非常高等的魔族，擁有強大的魔法破壞力，不過通常隱身在幕後扮演調查和輔助的角色。
(出自:秀逗魔導士)

推薦玩家 : 團戰暗殺
上手度 : 難

角色成長：
力量 + 1.75
敏捷 + 1.40
智慧 + 3.10
基礎跑速 295

可學習的技能：
強化炸彈陣、獸王牙操彈、破法對咒、暴爆咒"
godie-o00x,超級賽亞人,悟空,fighter,melee,オッス！オラ悟空！（嘿！俺是悟空！）,"故事：
七龍珠中不死的傳奇英雄，每當世界有難的時候總會亂入(!?)。
(出自:七龍珠)

角色成長：
力量 + 2.60
敏捷 + 2.30
智慧 + 1.50
基礎跑速 310

可學習的技能：
界王拳、瞬間移動、龜派氣功、元氣玉"
godie-o01z,魔砲少女,高町奈葉,marksman,ranged,スターライトブレイカー！（星光爆裂！（魔砲少女的招牌大魔砲））,"故事：
傳說中的「白色惡魔」，在每一次的任務中，她總是能以「以砲交友」的方法把敵人降服成為碰友。其傳說不斷的進化，到最近竟然還有她是冥王轉世的說法出現。
(出自:魔砲少女奈葉)

推薦玩家 : 團戰砲台
上手度 : 中

角色成長：
力量 + 1.70
敏捷 + 1.45
智慧 + 2.85
基礎跑速 295

可學習：
Barrel、Acxel Shooter、Divine Buster Extention、Starlight Breaker Plus"
godie-o02l,神騎寶貝,皮卡丘,fighter,melee,ピカチュウ！（招牌叫聲，非說話生物）,
godie-o02o,曹操孟德,阿瞞大人,fighter,melee,寧教我負天下人，休教天下人負我。（寧可我負天下人，不教天下人負我。）,"故事：
。
(出自:)

推薦玩家 : 連技殺手
上手度 : 難

角色成長：
力量 + 1.70
敏捷 + 2.60
智慧 + 1.70
基礎跑速 320

可學習的技能：
電光一閃、十萬伏特、就決定是你了!小智、打雷絕招"
godie-o02p,夢幻之星,初音,fighter,melee,みくみくにしてあげる♪（讓你滿腦子都是初音~）,"故事：
人類史上第一個紅遍全球的虛擬歌姬，儘管到了今日仍在發光發熱，甚至有專屬初音的感謝祭演場會。
(出自:HATSUNE MIKU)

推薦玩家 : 輔助戰鬥
上手度 : 易

角色成長：
力量 + 2.00
敏捷 + 2.30
智慧 + 1.70
基礎跑速 315

可學習的技能：
甩蔥歌、最初的聲音、初音未來的消失、世界第一的公主殿下"
godie-o02s,憂鬱少女,涼宮八ㄦ匕,marksman,ranged,ただの人間には興味ありません！この中に宇宙人、未来人、異世界人、超能力者がいたら、あたしのところに来なさい。以上！（我對普通人類沒興趣！在座若有外星人、未來人、異世界人、超能力者，就來找我。以上！）,"故事：
隸屬於獸王底下的神官，是非常高等的魔族，擁有強大的魔法破壞力，不過通常隱身在幕後扮演調查和輔助的角色。
(出自:秀逗魔導士)

推薦玩家 : 團戰暗殺
上手度 : 難

角色成長：
力量 + 1.75
敏捷 + 1.40
智慧 + 3.10
基礎跑速 295

可學習的技能：
強化炸彈陣、獸王牙操彈、破法對咒、暴爆咒"
godie-o02v,白色惡魔,高町奈葉,marksman,ranged,大丈夫だよ、当たっても死んだりしないから。（別擔心，就算打中了也不會死的啦～（白色惡魔式的恐怖溫柔））,"故事：
傳說中的「白色惡魔」，在每一次的任務中，她總是能以「以砲交友」的方法把敵人降服成為碰友。其傳說不斷的進化，到最近竟然還有她是冥王轉世的說法出現。
(出自:魔砲少女奈葉)

推薦玩家 : 團戰砲台
上手度 : 中

角色成長：
力量 + 1.80
敏捷 + 1.50
智慧 + 2.70
基礎跑速 285

可學習：
Barrel、Acxel Shooter、Divine Buster Extention、Starlight Breaker Plus"
godie-o02w,笑傲江湖,令狐沖,fighter,melee,無招勝有招。（以無招勝有招（獨孤九劍之精髓）。）,"故事：
華山劍派之首席大弟子，為人大而化之不拘小節，且不喜世俗教條之束縛，因緣際會之下習得了武林奇功「獨孤九劍」，因為心愛的小師妹跟小白臉跑了，傷心之餘加入了去死團。
(出自:笑傲江湖)

推薦玩家 : 快速單挑
上手度 : 中易

角色成長：
力量 + 1.85
敏捷 + 2.80
智慧 + 1.55
基礎跑速 305

可學習的技能：
華山劍法、混元掌、吸星大法、獨孤九劍"
godie-obla,被剝削的勞工階級,牧太郎,fighter,melee,残業、残業、また残業…俺の人生、返してくれ！（加班、加班、又是加班…把我的人生還給我！）,"故事：
在牧場打工，領著低薪的低賤勞工，原名已經不詳，只知道大家叫他牧太郎。擅長砍樹﹑養雞﹑照顧動物，偶爾還會吐吐口香糖。據說是為了打零工才加入去死團。
(出自:牧場物語)

推薦玩家 : 追擊殺人
上手度 : 難

角色成長：
力量 + 2.55
敏捷 + 2.00
智慧 + 1.55
基礎跑速 310

可學習的技能：
放山雞、吃完的口香糖、地道突襲、動物拳法"
godie-ofar,神奇寶貝兒,皮卡丘,marksman,ranged,ピカチュウ！（招牌叫聲，非說話生物）,"故事：
自從皮卡丘成為國際巨星後，開始也擺起架勢把小智當傭人使喚，直到有一天在森林裡吃蘋果的時候，發現已經身在這場戰鬥中。
(出自:神奇寶貝)

推薦玩家 : 游擊殺手
上手度 : 中

角色成長：
力量 + 1.50
敏捷 + 2.90
智慧 + 1.60
基礎跑速 320

可學習的技能：
十萬伏特、鋼鐵尾巴、就決定是你了!小智、瘋狂皮卡丘"
godie-ogld,美白大法師,黑人牙膏,marksman,ranged,その歯、真っ白にしてやろう！（把你的牙齒美白吧！）,"故事：
曾是魔法界首屈一指美白專家，個性善良；但在一次魔法決鬥中敗給飛鼠先生。自認為輸給飛鼠是因為智慧不夠，所以希望在有生之年收個聰明的徒弟一雪前恥。
(出自:去死去死團的逆襲原創)

角色成長：
力量 + 1
敏捷 + 1.50
智慧 + 1.50
基礎跑速 250

可學習的技能：
洗刷刷、黑人牙菌斑、超亮白牙膏、黑化"
godie-ogrh,賽亞人,悟空,fighter,melee,オッス！オラ悟空！（嘿！俺是悟空！）,"故事：
七龍珠中不死的傳奇英雄，每當世界有難的時候總會亂入(!?)。
(出自:七龍珠)

推薦玩家 : 追擊破塔
上手度 : 易

角色成長：
力量 + 2.60
敏捷 + 2.30
智慧 + 1.50
基礎跑速 310

可學習的技能：
界王拳、瞬間移動、超級賽亞人、龜派氣功"
godie-opgh,常勝將軍,趙子龍,fighter,melee,吾は常山の趙子龍なり！（吾乃常山趙子龍是也！）,"故事：
傳說中七進七出救大嫂，被劉備發現後怒摔阿斗。據漢水，縱橫於千軍萬馬之中，視數十萬大軍如草芥，單人單騎，橫槍立於營外，豪氣干雲，敵人膽喪。
(出自:三國無雙)

推薦玩家 : 追擊擾亂
上手度 : 易

角色成長：
力量 + 2.00
敏捷 + 2.50
智慧 + 1.50
基礎跑速 315

可學習的技能：
一騎槍閃、橫掃千軍、閃光龍牙、狂龍霸體"
godie-orkn,電車癡漢,臭作,marksman,ranged,むっふっふ…いいお嬢さんだ（嘿嘿嘿…真是好姑娘）,"故事：
傳說中的變態色魔老頭，身懷眾多變態絕技，是去死團裡強大的怨念支柱，興趣是偷窺以及(嗶.............成人向)。
(出自:臭作)

推薦玩家 : 牽制殺人
上手度 : 中

角色成長：
力量 + 1.90
敏捷 + 2.75
智慧 + 1.75
基礎跑速 295

可學習的技能：
綁架、酒精灌腸、癡漢火焰、電車之狼衝擊"
godie-osam,犬妖,殺生丸,fighter,melee,邪魔だ（別擋路）,"故事：
犬夜叉同父異母的哥哥。他是完全的妖怪，能力要強得多，性格非常冷酷殘忍，對付自己的弟弟也是手下毫不留情。為了獲得更強大的力量加入去死團。
(出自:犬夜叉)

推薦玩家 : 龜裝PK
上手度 : 易

角色成長：
力量 + 1.85
敏捷 + 2.80
智慧 + 1.55
基礎跑速 305

可學習的技能：
合氣斬、風華之爪、爆碎丸、奧義蒼龍破"
godie-oshd,魔鬼筋肉人,鬼王達,marksman,ranged,無敵風火輪、喰らえっ！（吃我這招無敵風火輪！（《破壞之王》魔鬼筋肉人））,"故事：
雜貨店的老闆，也是傳說中的懦夫救星、中國古拳法的掌門人-綽號魔鬼筋肉人。選擇加入去死團展現他出色(!?)的武力。
(出自:破壞之王)

推薦玩家 : 輔助牽制
上手度 : 中

角色成長：
力量 + 1.75
敏捷 + 1.85
智慧 + 2.70
基礎跑速 295

可學習的技能：
鐵砂掌、鬼王流星雨、有功夫無懦夫、電光毒龍鑽"
godie-othr,X戰警,金鋼狼,fighter,melee,俺のやることは上品じゃないが、その道じゃ最高さ。行くぜ、Bub。（老子幹的活兒不怎麼上道，但這一行我最強。上吧，小子。）,"故事：
名為金鋼狼，是因為全身硬梆梆像金鋼一樣。身材雖然臃腫，速度和力量卻不輸其他人，但是長相不如人常被發好人卡，只有小豬能安慰(!?)他的寂寞。
(出自:偽特異功能組)

推薦玩家 : 追擊殺人
上手度 : 中

角色成長：
力量 + 1.50
敏捷 + 2.30
智慧 + 1.80
基礎跑速 300

可學習的技能：
迴旋爪擊、重爪擊、野性的呼喚、不要踢我蛋蛋"
godie-u00b,最M的魔法Jizz,清蒸 飛鼠先生,fighter,melee,もっと罵ってくれ…そうすれば俺の魔法は滑空して冴えわたる！（再多罵我幾句嘛…這樣我的魔法才能滑翔得又準又爽！）,
godie-u00h,鬼畜紅王,鬼畜狂刀KYO,fighter,melee,俺の名は、鬼眼の狂（我名為鬼眼之狂）,"故事：
關原之戰後四年千人斬傳說復活！
手拿五尺大刀，背上有太極圖徽紋
臉上有如鬼般的深紅雙眼！
懸賞一百萬兩的通緝犯
江湖上稱他為鬼畜狂刀。
(出自:鬼眼狂刀KYO)

推薦玩家 : 團戰殺手
上手度 : 中

角色成長：
力量 + 1.70
敏捷 + 2.40
智慧 + 1.65
基礎跑速 310

可學習的技能：
無名神風流-白虎 、無名神風流-朱雀、無明神風流-蛟龍、四神召喚 金色神風"
godie-u00j,神性的流失,賽菲洛斯,fighter,melee,僕はまた思い出になんかならない（我不會再化作回憶）,"故事：
賽菲洛斯是路克麗西亞和寶條博士的兒子。在胎兒時期被親生父親植入傑諾娃細胞，造成年輕的他成了神羅最強的精英戰士，與扎克斯和克勞德到了尼布爾罕做觀察，在那裡的神羅建築地下室發現自己真正的身世，毀了尼布爾罕之後，開始向全世界「復仇」，尋找「約束之地」。
(出自:最終幻想7)

推薦玩家 : 團戰破塔
上手度 : 中

角色成長：
力量 + 1.80
敏捷 + 2.10
智慧 + 1.90
基礎跑速 295

可學習的技能：
獄門、八刀一閃、闇之天使、最終殞落星"
godie-u00k,邪惡意念集合體,死之王,marksman,ranged,死こそが、救いだ…（唯有死亡才是救贖…）,"故事：
所有邪惡的聚合體，從上古時代就誕生的惡魔，與飛鼠先生一戰後魂飛魄散，在此次戰役中被召喚回來。
(出自:去死去死團的逆襲原創)

角色成長：
力量 + 1.00
敏捷 + 2.00
智慧 + 3.00
基礎跑速 275

可學習的技能：
死亡隕落、靈魂吸取、厄夜靈魂、萬惡歸宗"
godie-u00l,北斗之鼠,拳四郎,fighter,melee,お前はもう死んでいる（你已經死了）,"故事：
北斗神拳的唯一傳人，使用難以置信的秘穴(!?)拳法致敵人於死地。由於北斗星是不祥之星，與拳四郎相愛的女人皆會遭受不幸，使得充滿怨念的拳四郎終於爆發了。
(出自:北斗神拳)

角色成長：
力量 + 1.95
敏捷 + 2.80
智慧 + 1.45
基礎跑速 305

可學習的技能：
北斗懺悔拳、北斗神拳秘訣轉龍呼吸法、北斗百裂拳、ChangeDNA"
godie-u00n,草帽小子,蒙其.D.魯夫,fighter,melee,海賊王に、俺はなる！（我要成為海賊王！）,"故事：
魯夫小時候崇拜海賊「紅髮傑克」而夢想將來做個海賊，某一天，魯夫因為誤食惡魔果實成了橡膠人，卻也因此一輩子成為不能落水的旱鴨子！另魯夫崇拜的海賊傑克曾經為了拯救落海的魯夫免於海怪的襲擊，替魯夫擋下一次危難，卻也因此遭海怪咬斷了左手臂，而後，在紅髮傑克即將離開村莊之際，將自己的象徵物「草帽」寄給了魯夫，從此開啟了一位小男孩的海賊冒險之旅...
(出自:航海王)

推薦玩家 : 牽制殺人
上手度 : 易

角色成長：
力量 + 2.95
敏捷 + 1.60
智慧 + 1.50
基礎跑速 315

可學習的技能：
伸縮自如的橡膠戰斧、伸縮自如的橡膠火箭炮、伸縮自如的槍亂打、三檔 - 巨人迴旋彈"
godie-u00o,草帽小子,蒙其.D.魯夫,fighter,melee,海賊王に、俺はなる！（我要成為海賊王！）,"故事：
魯夫小時候崇拜海賊「紅髮傑克」而夢想將來做個海賊，某一天，魯夫因為誤食惡魔果實成了橡膠人，卻也因此一輩子成為不能落水的旱鴨子！另魯夫崇拜的海賊傑克曾經為了拯救落海的魯夫免於海怪的襲擊，替魯夫擋下一次危難，卻也因此遭海怪咬斷了左手臂，而後，在紅髮傑克即將離開村莊之際，將自己的象徵物「草帽」寄給了魯夫，從此開啟了一位小男孩的海賊冒險之旅...
(出自:航海王)

角色成長：
力量 + 2.95
敏捷 + 1.60
智慧 + 1.50
基礎跑速 315

可學習的技能：
伸縮自如的橡膠戰斧、伸縮自如的橡膠火箭炮、伸縮自如的槍亂打、三檔"
godie-u00v,黑手黨老大,基廉列克,fighter,melee,逆らう奴は、ぶっ潰す（敢反抗就碾碎你）,"故事：
前黑手黨老大，被手下背叛炸爛後接合回去所以身上有須多接痕及顏色，平常安靜，必要時非常的暴躁，武功高強，刀槍不入，有潔癖，愛帆布鞋成痴。
(出自:監獄兔)

推薦玩家 : 連技戰士
上手度 : 難

角色成長：
力量 + 2.60
敏捷 + 1.60
智慧 + 1.60
基礎跑速 300

可學習的技能：
斬鐵拳、地走龍牙破、廬山昇龍破、死亡噴射肘擊"
godie-u010,邪眼師,飛影,fighter,melee,邪王炎殺黒龍波！（邪王炎殺黑龍波！）,"故事：
在魔界中有名的盜賊妖怪，除了是一位邪王炎殺拳的高手之外，也是一位用劍的高手。為了尋找妹妹雪菜，而流浪於人間界與魔界。
(出自:幽遊白書)

推薦玩家 : PK殺手
上手度 : 難

角色成長：
力量 + 1.95
敏捷 + 2.65
智慧 + 1.65
基礎跑速 310

可學習的技能：
邪王炎殺劍、邪王炎殺煉獄焦、邪王炎殺黑龍波、黑龍波吸收"
godie-u011,死亡老二,克勞薩先生,fighter,melee,殺害（サツガイ）！！レイプ！レイプ！（殺害！！強暴！強暴！（克勞薩招牌怒吼））,
godie-u012,重金屬樂團的怪物,克勞薩II世,fighter,melee,メタルは文化だ！！（金屬就是文化！！）,"故事：
在一次""新人音樂家招募""活動中,意外加入了惡魔系重金屬樂隊""Detroit Metal City""(簡稱DMC)。將臉塗白、帶著金色假髮的根岸，化名成為樂隊的吉他手兼主唱""約翰-克勞薩II世""，以勁爆、狂野的演唱方式，立刻贏得了大量重金搖滾迷的追捧。
(出自:搖滾重金屬雙面人)

推薦玩家 : 追殺肉盾
上手度 : 易

角色成長：
力量 + 2.80
敏捷 + 1.50
智慧 + 1.80
基礎跑速 300

可學習的技能：
惡魔球、霸獸盔甲、打屁股風林火豬、瘋狂怪物"
godie-u01f,萬夫莫敵,黑化張飛,marksman,ranged,おうおう！燕人張飛様のお出ましだぜ！かかってきな！（喔喔！燕人張飛大爺登場啦！放馬過來！）,
godie-u01q,測試英雄,索隆,fighter,melee,背中の傷は、剣士の恥だ（背上的傷是劍士的恥辱）,
godie-u01u,三刀流劍士,索隆,fighter,melee,背中の傷は、剣士の恥だ（背上的傷是劍士的恥辱）,"故事：
夢想成為世界第一的大劍客，使用自創的三刀流劍術擊遍天下劍客。為了在戰鬥中追尋武藝的卓越加入了愛與和平奮戰。
(出自:航海王)

推薦玩家 : 連技戰士
上手度 : 難

角色成長：
力量 + 2.80
敏捷 + 1.65
智慧 + 1.65
基礎跑速 315

可學習的技能：
燒鬼斬、虎狩獵、鬼氣九刀流、三千世界"
godie-u034,職業獵人,傑 富力士,fighter,melee,友達になるのにだって資格なんていらない！！（想當朋友，根本不需要什麼資格！！）,"故事：
出身於鯨魚島，從小就在大自然中成長，鍛鍊出他一身恐怖的能力。在尋找父親的旅程中，莫名其妙捲入愛與怨念的戰場。
(出自:獵人X獵人)

推薦玩家 : 血牛巨砲
上手度 : 易

角色成長：
力量 + 2.45
敏捷 + 1.80
智慧 + 1.75
基礎跑速 300

可學習的技能：
流流舞、猜猜拳-剪刀、猜猜拳-拳頭、猜猜拳-布"
godie-ubal,魔界霸主,巴恩大魔王,fighter,melee,今のはメラゾーマではない…メラだ（剛才那不是美拉佐瑪…是美拉）,"故事：
巴恩為了永恆年輕的肉體，將自己精神轉移到老頭子身上，並將年輕肉體封印起來，只在重要戰役才有機會再使用，但是老邁身軀仍然擁有深不可測的智慧和魔力...。
(出自:神龍之謎)

推薦玩家 : 破塔殺人
上手度 : 難

角色成長：
力量 + 1.80
敏捷 + 1.95
智慧 + 2.55
基礎跑速 295

可學習的技能：
凱薩之鷹、黑核晶、災難之牆、魔界之王"
godie-ucrl,職業獵人,傑 富力士,fighter,melee,キルアじゃなきゃダメなんだ！（非奇犽不可！（只有奇犽才行！））,"故事：
出身於鯨魚島，從小就在大自然中成長，鍛鍊出他一身恐怖的能力。在尋找父親的旅程中，莫名其妙捲入愛與怨念的戰場。
(出自:獵人X獵人)

推薦玩家 : 血牛巨砲
上手度 : 易

角色成長：
力量 + 2.45
敏捷 + 1.80
智慧 + 1.75
基礎跑速 300

可學習的技能：
山形修煉-放出系、山形修煉-變化系、山形修煉-強化系、傑桑"
godie-udea,至尊學長,飛鼠先生,fighter,melee,えっ、ちょっと待って、チートのテストコードってどれだっけ？（耶，等一下作弊測試碼是哪個阿？）,"故事：
神秘的英雄，擅長以各種KUSO手法襲擊對手並加以推倒。
(出自:去死去死團的逆襲原創)

角色成長：
力量 + 1.00
敏捷 + 1.00
智慧 + 4.00
基礎跑速 320

可學習的技能：
神出鬼沒、寒冰破碎、魔法膨脹、天譴、永恆的愚蠢鄉"
godie-udre,三刀流劍士,索隆,fighter,melee,背中の傷は、剣士の恥だ（背上的傷是劍士的恥辱）,"故事：
夢想成為世界第一的大劍客，使用自創的三刀流劍術擊遍天下劍客。為了在戰鬥中追尋武藝的卓越加入了愛與和平奮戰。
(出自:航海王)

推薦玩家 : 連技戰士
上手度 : 難

角色成長：
力量 + 2.80
敏捷 + 1.65
智慧 + 1.65
基礎跑速 315

可學習的技能：
燒鬼斬、虎狩獵、鬼氣九刀流、三千世界"
godie-umal,北斗神拳掌門人,拳四郎,fighter,melee,お前はもう死んでいる（你已經死了）,"故事：
北斗神拳的唯一傳人，使用難以置信的秘穴(!?)拳法致敵人於死地。由於北斗星是不祥之星，與拳四郎相愛的女人皆會遭受不幸，使得充滿怨念的拳四郎終於爆發了。
(出自:北斗神拳)

推薦玩家 : KUSO殺人
上手度 : 難

角色成長：
力量 + 1.95
敏捷 + 2.80
智慧 + 1.45
基礎跑速 305

可學習的技能：
北斗懺悔權、北斗神拳秘訣轉龍呼吸法、北斗百烈拳、ChangeDNA"
godie-usyl,殺戮之牙,異形,marksman,ranged,宇宙では、あなたの悲鳴は誰にも聞こえない。（在宇宙中，沒有人聽得見你的尖叫。）,"故事：
傳說中外太空的邪惡生物，殺戮是他們的天性，難以對付的敵人。
(出自:異形)

推薦玩家 : 追擊暗殺
上手度 : 難

角色成長：
力量 + 1.80
敏捷 + 2.25
智慧 + 1.40
基礎跑速 320

可學習的技能：
遮斷獵殺、腐蝕毒液、蛻變、母體"
godie-uvng,邪眼師,飛影,fighter,melee,邪王炎殺黒龍波！（邪王炎殺黑龍波！）,"故事：
在魔界中有名的盜賊妖怪，除了是一位邪王炎殺拳的高手之外，也是一位用劍的高手。為了尋找妹妹雪菜，而流浪於人間界與魔界。
(出自:幽遊白書)

推薦玩家 : PK殺手
上手度 : 難

角色成長：
力量 + 1.95
敏捷 + 2.65
智慧 + 1.65
基礎跑速 310

可學習的技能：
邪王炎殺劍、邪王炎殺煉獄焦、邪王炎殺黑龍波、黑龍波吸收"
godie-uwar,食神,撒尿牛丸,marksman,ranged,心さえあれば、誰だって食神になれるんだ！（只要有心，人人都可以是食神！）,"故事：
神秘的戰士，據說是被混在一起才變成撒尿牛丸的。
(出自:食神)

推薦玩家 : 破塔殺人
上手度 : 中

角色成長：
力量 + 1.85
敏捷 + 2.00
智慧 + 2.45
基礎跑速 305

可學習的技能：
得罪了方丈還想走、打狗鏟、爆烈海景佛跳牆、火雲掌"
sela,,"Sela, the Ember Sage",mage,ranged,灰は終わりじゃない…そこから、わたしは燃え上がる。（灰燼並非終點…我將自此熊熊燃起。）,
thorne,,"Thorne, the Bramble Knight",bruiser,melee,我が茨よ、絡みつけ。お前に逃げ場などない。（我的荊棘啊，纏上去吧。你已無處可逃。）,
