rank,id,character,english_name,origin,review_status,issues,reason,priority,source_page,asset_label,selection_status
1,godie-e001,龍宮禮奈,Rena Ryugu,寒蟬鳴泣之時,preserve_normal,正常沒問題,,暫時略過,,,preserve_existing
2,godie-e002,Saber,Saber | Artoria Pendragon,Fate/stay night,replace,完全不是該角色,,必須重新抓取,https://sounds.spriters-resource.com/playstation_2/fateunlimitedcodes/asset/442784/,Artoria Pendragon - Saber,selected_exact_character
3,godie-e007,天地志狼,Shiro Amachi,龍狼傳,replace,完全不是該角色,,必須重新抓取,,,source_needed
4,godie-e008,夏娜,Shana,灼眼的夏娜,replace,完全不是該角色,,必須重新抓取,https://sounds.spriters-resource.com/playstation_3/dengekibunkofightingclimaxignition/asset/404901/,Shana's Voice,selected_exact_character
5,godie-e00k,安云,Azumi,あずみ,replace,完全不是該角色,,必須重新抓取,,,source_needed
6,godie-e00r,初號機,Evangelion Unit-01,新世紀福音戰士,replace,完全不是該角色,,必須重新抓取,,,source_needed
7,godie-e00w,櫻綻剎那,Setsuna Sakurazaki,魔法老師,replace,完全不是該角色,,必須重新抓取,,,source_needed
8,godie-edem,宇智波佐助,Sasuke Uchiha,火影忍者,replace,完全不是該角色,,必須重新抓取,https://sounds.spriters-resource.com/pc_computer/jumpforce/asset/444569/,Sasuke Uchiha,selected_exact_character
9,godie-emfr,涅吉,Negi Springfield,魔法老師,replace,完全不是該角色,,必須重新抓取,,,source_needed
10,godie-emns,夜神月,Light Yagami,死亡筆記本,replace,完全不是該角色,,必須重新抓取,,,source_needed
11,godie-etyr,木乃香,Konoka Konoe,魔法老師,replace,完全不是該角色,,必須重新抓取,,,source_needed
12,godie-h00l,林克,Link,薩爾達傳說,replace,完全不是該角色,,必須重新抓取,https://sounds.spriters-resource.com/nintendo_switch/supersmashbrosultimate/asset/409647/,Link,selected_exact_character
13,godie-h01n,黑崎一護,Ichigo Kurosaki,BLEACH,replace,完全不是該角色,,必須重新抓取,https://sounds.spriters-resource.com/pc_computer/jumpforce/asset/444543/,Ichigo Kurosaki,selected_exact_character
14,godie-h01u,呂布奉先,Lu Bu,真三國無雙,replace,完全不是該角色,,必須重新抓取,https://sounds.spriters-resource.com/playstation_2/dynastywarriors5/asset/396366/,Lu Bu,selected_exact_character
15,godie-h020,莉娜因巴斯,Lina Inverse,秀逗魔導士,replace,完全不是該角色,,必須重新抓取,https://sounds.spriters-resource.com/mobile/talesoftherays/asset/443255/,Lina,selected_exact_character
16,godie-h02k,熊貓,Panda,GGD原創,replace,沒有可播放音檔,,必須重新抓取,,,source_needed
17,godie-h02r,妙蛙花,Venusaur,寶可夢,replace,完全不是該角色,,必須重新抓取,https://sounds.spriters-resource.com/nintendo_64/heyyoupikachu/asset/418599/,Bulbasaur & Venusaur,selected_needs_file_filter
18,godie-h02u,草泥馬,Grass Mud Horse | Caonima,中國網路迷因,replace,沒有可播放音檔,,必須重新抓取,,,source_needed
19,godie-hapm,Berserker,Berserker | Heracles,Fate/stay night,replace,完全不是該角色,,必須重新抓取,https://sounds.spriters-resource.com/playstation_2/fateunlimitedcodes/asset/442791/,Heracles - Berserker,selected_exact_character
20,godie-hart,克勞德,Cloud Strife,Final Fantasy VII,replace,完全不是該角色,,必須重新抓取,https://sounds.spriters-resource.com/playstation_2/kh2/asset/411653/,Cloud Battle Voice (JP),selected_exact_character
21,godie-hpal,藤井八雲,Yakumo Fujii,三隻眼,replace,沒有可播放音檔,,必須重新抓取,,,source_needed
22,godie-hpb1,蒼月潮,Ushio Aotsuki,潮與虎,replace,完全不是該角色,,必須重新抓取,,,source_needed
23,godie-huth,魔人普烏,Majin Buu,七龍珠,replace,完全不是該角色,,必須重新抓取,https://sounds.spriters-resource.com/pc_computer/dragonballfighterz/asset/411952/,Majin Buu (Japanese),selected_exact_character
24,godie-hvsh,Rider,Rider | Medusa,Fate/stay night,replace,混到其他角色,,必須重新抓取,https://sounds.spriters-resource.com/playstation_2/fateunlimitedcodes/asset/442797/,Medusa - Rider,selected_exact_character
25,godie-hvwd,桔梗,Kikyo,犬夜叉,replace,沒有可播放音檔,,必須重新抓取,,,source_needed
26,godie-n003,依文潔琳,Evangeline A.K. McDowell,魔法老師,replace,完全不是該角色,,必須重新抓取,,,source_needed
27,godie-n00b,哆拉A夢,Doraemon,哆啦A夢,replace,沒有可播放音檔,,必須重新抓取,https://sounds.spriters-resource.com/wii/doraemonwiihimitsudouguouketteisen/asset/418027/,Doraemon,selected_exact_character
28,godie-n00p,南野秀一,Kurama | Shuichi Minamino,幽遊白書,replace,背景音樂太重,,必須重新抓取,,,source_needed
29,godie-n01c,勇者小呆,Dai,達伊大冒險,replace,完全不是該角色,,必須重新抓取,,,source_needed
30,godie-nplh,麻倉葉,Yoh Asakura,通靈童子,preserve_normal,正常沒問題,,暫時略過,,,preserve_existing
31,godie-o00k,皮卡娘,Pika Girl,SATO×PICA同人,replace,沒有可播放音檔,,必須重新抓取,,,source_needed
32,godie-o00l,傑洛士,Xellos,秀逗魔導士,replace,主要是其他角色,,必須重新抓取,https://sounds.spriters-resource.com/mobile/talesoftherays/asset/443257/,Xellos,selected_exact_character
33,godie-o00x,悟空,Son Goku,七龍珠,replace,背景音樂太重,,必須重新抓取,https://sounds.spriters-resource.com/pc_computer/dragonballfighterz/asset/411947/,Goku (Japanese),selected_exact_character
34,godie-o02p,初音,Hatsune Miku,Vocaloid,replace,沒有可播放音檔,,必須重新抓取,https://sounds.spriters-resource.com/playstation_vita/hatsunemikuprojectdivax/asset/421242/,Hatsune Miku,selected_exact_character
35,godie-ofar,皮卡丘,Pikachu,寶可夢,replace,完全不是該角色|背景音樂太重,,必須重新抓取,https://sounds.spriters-resource.com/nintendo_switch/supersmashbrosultimate/asset/409668/,Pikachu,selected_exact_character
36,godie-ogld,黑人牙膏,Black Toothpaste,GGD原創,replace,沒有可播放音檔,,必須重新抓取,,,source_needed
37,godie-orkn,臭作,Shusaku,臭作,replace,沒有可播放音檔,,必須重新抓取,,,source_needed
38,godie-osam,殺生丸,Sesshomaru,犬夜叉,preserve_normal,正常沒問題,,暫時略過,,,preserve_existing
39,godie-u00h,鬼畜狂刀KYO,Demon Eyes Kyo,SAMURAI DEEPER KYO,replace,沒有可播放音檔,,必須重新抓取,,,source_needed
40,godie-u00j,賽菲洛斯,Sephiroth,Final Fantasy VII,preserve_normal,正常沒問題,,暫時略過,,,preserve_existing
41,godie-u00k,死之王,King of Death,GGD原創,replace,沒有可播放音檔,,必須重新抓取,,,source_needed
42,godie-u00l,拳四郎,Kenshiro,北斗神拳,replace,背景音樂太重,,必須重新抓取,https://sounds.spriters-resource.com/playstation_2/hokutonoken/asset/449380/,Kenshiro,selected_exact_character
43,godie-u00n,蒙其.D.魯夫,Monkey D. Luffy,航海王,replace,完全不是該角色,,必須重新抓取,https://sounds.spriters-resource.com/pc_computer/onepiecepiratewarriors3/asset/401914/,Luffy (Japanese),selected_exact_character
44,godie-u00v,基廉列克,Kirenenko,監獄兔,preserve_normal,正常沒問題,,暫時略過,,,preserve_existing
45,godie-u010,飛影,Hiei,幽遊白書,replace,背景音樂太重,,必須重新抓取,https://sounds.spriters-resource.com/pc_computer/jumpforce/asset/444540/,Hiei,selected_exact_character
46,godie-u01u,索隆,Roronoa Zoro,航海王,replace,完全不是該角色,,必須重新抓取,https://sounds.spriters-resource.com/pc_computer/onepiecepiratewarriors3/asset/401917/,Zoro (Japanese),selected_exact_character
47,godie-ubal,巴恩大魔王,Vearn,達伊大冒險,replace,完全不是該角色,,必須重新抓取,,,source_needed
48,godie-udea,飛鼠先生,Mr. Flying Squirrel,GGD原創,replace,沒有可播放音檔,,必須重新抓取,,,source_needed
