id,character,query,result_rank,video_id,title,channel,duration,url
godie-e00k,安云,Azumi Azumi Japanese voice lines game,1,ZTbLX7BTrv4,Quotes: Hagumu Azumi,Magia Union Translations,595,https://www.youtube.com/watch?v=ZTbLX7BTrv4
godie-e00k,安云,Azumi Azumi Japanese voice lines game,2,yYkUsgPsecc,Anime voice actor Akari Kito,Aniboy 2.0,116,https://www.youtube.com/watch?v=yYkUsgPsecc
godie-e00k,安云,Azumi Azumi Japanese voice lines game,3,-ppxNNnwZ7c,[Eng Subs] Uma Gaming Boomerang Fu | Part 1,moe tabibito,919,https://www.youtube.com/watch?v=-ppxNNnwZ7c
godie-e00k,安云,Azumi Azumi Japanese voice lines game,4,bG1RbsMgl2E,[Eng sub] Tokyo Revengers Radio: Waki Azumi (Hina's VA)'s favourite character and jealous Draken,hoshi S,183,https://www.youtube.com/watch?v=bG1RbsMgl2E
godie-e00k,安云,Azumi Azumi Japanese voice lines game,5,M4hIjQqlse8,Kizuna A.I. swearing,Jonathan,60,https://www.youtube.com/watch?v=M4hIjQqlse8
godie-e00r,初號機,Evangelion Unit-01 Neon Genesis Evangelion Japanese voice lines game,1,VVtx3xE8uGQ,The Many Roars of Evangelion Unit 01,still_guns,77,https://www.youtube.com/watch?v=VVtx3xE8uGQ
godie-e00r,初號機,Evangelion Unit-01 Neon Genesis Evangelion Japanese voice lines game,2,KdmmYRPz1i0,Yui takes control of Eva unit 01 and begins devouring Zeruel [SUB ESP],mechazany,155,https://www.youtube.com/watch?v=KdmmYRPz1i0
godie-e00r,初號機,Evangelion Unit-01 Neon Genesis Evangelion Japanese voice lines game,3,Doh2LzWkxFU,Alex Jones unintentionally explains the plot of Neon Genesis Evangelion,sal,41,https://www.youtube.com/watch?v=Doh2LzWkxFU
godie-e00r,初號機,Evangelion Unit-01 Neon Genesis Evangelion Japanese voice lines game,4,U5tqnCPmSZ4,Evangelion - Eva 01 vs. Leliel,Eva 01,113,https://www.youtube.com/watch?v=U5tqnCPmSZ4
godie-e00r,初號機,Evangelion Unit-01 Neon Genesis Evangelion Japanese voice lines game,5,Qluqxizl6U0,THE MOST GLORIOUS SOUND IN THE GODDAMN UNIVERSE,Austin Anderson,11,https://www.youtube.com/watch?v=Qluqxizl6U0
godie-emns,夜神月,Light Yagami Death Note Japanese voice lines game,1,kAHNiJ9T2-M,Yagami Light | Death Note Writing Scene,Anime Fan Clips,40,https://www.youtube.com/watch?v=kAHNiJ9T2-M
godie-emns,夜神月,Light Yagami Death Note Japanese voice lines game,2,9hEHOaZYEeE,Death Note but you can't hear the internal monologues.,BluebsTopCat,178,https://www.youtube.com/watch?v=9hEHOaZYEeE
godie-emns,夜神月,Light Yagami Death Note Japanese voice lines game,3,C65oaIHsdYM,Death Note - Kira's Laugh (Original),GamingG,37,https://www.youtube.com/watch?v=C65oaIHsdYM
godie-emns,夜神月,Light Yagami Death Note Japanese voice lines game,4,cS9beE1e4QI,Light uses the death note for the greater good (Sound warning),Spine_apples,10,https://www.youtube.com/watch?v=cS9beE1e4QI
godie-emns,夜神月,Light Yagami Death Note Japanese voice lines game,5,b3Op_B5aqyA,Light gets shot: Original vs. Relight,Wildpawz,170,https://www.youtube.com/watch?v=b3Op_B5aqyA
godie-etyr,木乃香,Konoka Konoe Negima! Magister Negi Magi Japanese voice lines game,1,c3iWNrvUb30,Anime Voice Comparison-Negi Springfield (Mahou Sensei Negima!),God Rakan,156,https://www.youtube.com/watch?v=c3iWNrvUb30
godie-h02k,熊貓,Panda GGD Original Japanese voice lines game,1,nOJd3xoKMyI,The Weirdest Japanese Commercial (Yes Milk),Benson,37,https://www.youtube.com/watch?v=nOJd3xoKMyI
godie-h02k,熊貓,Panda GGD Original Japanese voice lines game,2,oTjFbKJYkkw,Family Guy   Chinese among Japanese,Sergios88,18,https://www.youtube.com/watch?v=oTjFbKJYkkw
godie-h02k,熊貓,Panda GGD Original Japanese voice lines game,3,t3rKrTehORY,Day in the Life of a Japanese Manga Creator,Paolo fromTOKYO,909,https://www.youtube.com/watch?v=t3rKrTehORY
godie-h02k,熊貓,Panda GGD Original Japanese voice lines game,4,SAfGX6OfRm8,TOP 100 Most Streamed JAPANESE SONGS (JPOP) of all time,RiNNE,804,https://www.youtube.com/watch?v=SAfGX6OfRm8
godie-h02k,熊貓,Panda GGD Original Japanese voice lines game,5,P_1yJRt6dQ4,Japanese Listening Practice With A Story #5 | Conveyor Belt Sushi [Beginner Level 1],Japarrot!- Let's Learn Japanese,418,https://www.youtube.com/watch?v=P_1yJRt6dQ4
godie-h02u,草泥馬,Grass Mud Horse Chinese Internet Meme Japanese voice lines game,1,gW2LtX1217s,Creed Temps As Regional Manager - The Office,The Office,190,https://www.youtube.com/watch?v=gW2LtX1217s
godie-h02u,草泥馬,Grass Mud Horse Chinese Internet Meme Japanese voice lines game,2,iRM4IVakW2w,"War of Ten Thousand Races: All His Card Heroes Are SSSS Gods and Demons, Sweeping Through Everything",Panda Fantasy Chronicles,101863,https://www.youtube.com/watch?v=iRM4IVakW2w
godie-h02u,草泥馬,Grass Mud Horse Chinese Internet Meme Japanese voice lines game,3,i-CLV1aHLdE,Marble Run Islands,5MadMovieMakers,97,https://www.youtube.com/watch?v=i-CLV1aHLdE
godie-h02u,草泥馬,Grass Mud Horse Chinese Internet Meme Japanese voice lines game,4,yIR3NU3P_bU,Car with giant bull as passenger pulled over by Nebraska police,NBC News,83,https://www.youtube.com/watch?v=yIR3NU3P_bU
godie-h02u,草泥馬,Grass Mud Horse Chinese Internet Meme Japanese voice lines game,5,uxPdPpi5W4o,"Why Are 96,000,000 Black Balls on This Reservoir?",Veritasium,727,https://www.youtube.com/watch?v=uxPdPpi5W4o
godie-hpb1,蒼月潮,Ushio Aotsuki Ushio and Tora Japanese voice lines game,1,yrX8Gj8paDg,Ushio to Tora AMV - Heroes Tonight,Shooter AMV,214,https://www.youtube.com/watch?v=yrX8Gj8paDg
godie-hvwd,桔梗,Kikyo Inuyasha Japanese voice lines game,1,EkWe71hmfeU,"Let's Play: InuYasha: SotCM - Part 01 ""You're Lame...""",WinslettXVI,1297,https://www.youtube.com/watch?v=EkWe71hmfeU
godie-hvwd,桔梗,Kikyo Inuyasha Japanese voice lines game,2,V1vPmlwlVc8,Naraku is such an sadistic guy,Zamasu,91,https://www.youtube.com/watch?v=V1vPmlwlVc8
godie-hvwd,桔梗,Kikyo Inuyasha Japanese voice lines game,3,cerhE7mbYsc,"Kaede say ""Kikyo its you*",kikyoou,17,https://www.youtube.com/watch?v=cerhE7mbYsc
godie-hvwd,桔梗,Kikyo Inuyasha Japanese voice lines game,4,ALKl8356grs,Yashahime:Princess Half-Demon Moroha VO,Ash_VO,55,https://www.youtube.com/watch?v=ALKl8356grs
godie-hvwd,桔梗,Kikyo Inuyasha Japanese voice lines game,5,VMhDAuMoRkA,Inuyasha : A Feudal Fairy Tale Isekai (2026) | Live Action Movie | Teaser Trailer,Beryl Studio,102,https://www.youtube.com/watch?v=VMhDAuMoRkA
godie-n00p,南野秀一,Kurama Yu Yu Hakusho Japanese voice lines game,1,gDHPcrC6nX4,POWERFUL DEMON FOX APPEAR !! [ Yokai Kurama in Dark Torunament - Yu Yu Hakusho ],Syafiq Mahayudin,2104,https://www.youtube.com/watch?v=gDHPcrC6nX4
godie-n00p,南野秀一,Kurama Yu Yu Hakusho Japanese voice lines game,2,LA4qy9WDYc4,Kurama...bleats (like a lamb) [Yu Yu Hakusho],Alex Nunez,231,https://www.youtube.com/watch?v=LA4qy9WDYc4
godie-n00p,南野秀一,Kurama Yu Yu Hakusho Japanese voice lines game,3,F8FJ1ZPv-TY,"Yoko Kurama ""Bang"" - Yu Yu Hakusho",Shadow Acer,5,https://www.youtube.com/watch?v=F8FJ1ZPv-TY
godie-n00p,南野秀一,Kurama Yu Yu Hakusho Japanese voice lines game,4,-OuCP8OLaPE,Yu Yu Hakusho Forever (PS2) Kurama voice files,Kat Quartz,956,https://www.youtube.com/watch?v=-OuCP8OLaPE
godie-n00p,南野秀一,Kurama Yu Yu Hakusho Japanese voice lines game,5,BkeNsMZ-cFg,"Yu Yu Hakusho, Best Hiei Quote",THE ANIME VOID ,37,https://www.youtube.com/watch?v=BkeNsMZ-cFg
godie-n01c,勇者小呆,Dai Dragon Quest: The Adventure of Dai Japanese voice lines game,1,k4Zu2LqArqI,Jump Force - Dai Voice (Japanese),ResourceMuseum,410,https://www.youtube.com/watch?v=k4Zu2LqArqI
godie-n01c,勇者小呆,Dai Dragon Quest: The Adventure of Dai Japanese voice lines game,2,SeLxYj47Zok,[Dragon Quest Dai: A Hero's Bonds] Event Quest #10: The Knight & The Hero Ep 1 to 8,Jin Yuan,1072,https://www.youtube.com/watch?v=SeLxYj47Zok
godie-n01c,勇者小呆,Dai Dragon Quest: The Adventure of Dai Japanese voice lines game,3,NV5HFBxcjQk,[Walkthrough Part 3] Infinity Strash: DRAGON QUEST The Adventure of Dai (Japanese Voice) 4K UHD XSX,Owl-Quest,3272,https://www.youtube.com/watch?v=NV5HFBxcjQk
godie-n01c,勇者小呆,Dai Dragon Quest: The Adventure of Dai Japanese voice lines game,4,tFuR8G5G-qo,The ULTIMATE DRAGON QUEST VILLAIN Skill?,Leo Djax,162,https://www.youtube.com/watch?v=tFuR8G5G-qo
godie-n01c,勇者小呆,Dai Dragon Quest: The Adventure of Dai Japanese voice lines game,5,fIgY58ZYNdw,Dragon Quest: Dai no Daibouken (2020) - Ryuumajin Dai overpowers Vearn!,Daimadoushi Popp,143,https://www.youtube.com/watch?v=fIgY58ZYNdw
godie-o00k,皮卡娘,Pika Girl SATO x PICA Fan Work Japanese voice lines game,1,RIo34DjYEB4,𝗔𝗜 𝗦𝗲 𝗔𝗻𝗶𝗺𝗲 𝗦𝘁𝗼𝗿𝘆 𝗩𝗶𝗱𝗲𝗼 𝗞𝗮𝗶𝘀𝗲 𝗕𝗮𝗻𝗮𝘆𝗲 | 𝟭𝟬𝟬% 𝗙𝗿𝗲𝗲 𝗜𝗺𝗮𝗴𝗲 𝘁𝗼 𝗩𝗶𝗱𝗲𝗼 | 𝗔𝗹𝘁𝗮𝗳 𝗜𝗻𝘀𝗽𝗶𝗿𝗲,ALTAF INSPIRE,359,https://www.youtube.com/watch?v=RIo34DjYEB4
godie-o00k,皮卡娘,Pika Girl SATO x PICA Fan Work Japanese voice lines game,2,zNd69kz6qtc,The Confession 🔍📖  by Mary Roberts Rinehart,Storytime Haven,9957,https://www.youtube.com/watch?v=zNd69kz6qtc
godie-orkn,臭作,Shusaku Shusaku Japanese voice lines game,1,h-4JEO4k-s8,Samurai Shodown (2019)'s Character Voice Clips! - Shirou Tokisada Amakusa (Shusaku Shirakawa),Axel Hunter,186,https://www.youtube.com/watch?v=h-4JEO4k-s8
godie-orkn,臭作,Shusaku Shusaku Japanese voice lines game,2,emSasbIExnw,Pro Review - Honinbo Shusaku vs Ota Yuzo,Shawn Ray,2317,https://www.youtube.com/watch?v=emSasbIExnw
godie-orkn,臭作,Shusaku Shusaku Japanese voice lines game,3,GmrQd3cW6Xs,Characters and Voice Actors - Bloodstained: Ritual of the Night (English & Japanese),TeddyKGaming,289,https://www.youtube.com/watch?v=GmrQd3cW6Xs
godie-orkn,臭作,Shusaku Shusaku Japanese voice lines game,4,GZUN89RaP60,Devil May Cry 3 - Devils Never Cry - With Lyrics!!,M3T30R0,321,https://www.youtube.com/watch?v=GZUN89RaP60
godie-orkn,臭作,Shusaku Shusaku Japanese voice lines game,5,A3KVYGyEjqs,Resident evil code veronica X ost state of emergency + alarm + voice,Mr Alex,113,https://www.youtube.com/watch?v=A3KVYGyEjqs
godie-u00h,鬼畜狂刀KYO,Demon Eyes Kyo Samurai Deeper Kyo Japanese voice lines game,1,-9kcvUL2Qlk,SDK Oni Kyo Final Attack.mp4,Krausar Malik,128,https://www.youtube.com/watch?v=-9kcvUL2Qlk
godie-u00h,鬼畜狂刀KYO,Demon Eyes Kyo Samurai Deeper Kyo Japanese voice lines game,2,u9k7un1dr8w,Yami Secret Intention Revealed!,TheHopeofThree,13,https://www.youtube.com/watch?v=u9k7un1dr8w
godie-u00h,鬼畜狂刀KYO,Demon Eyes Kyo Samurai Deeper Kyo Japanese voice lines game,3,H7B-9gA9awY,Possibly the worst dub voice ever in anything in existance.,Pozo,34,https://www.youtube.com/watch?v=H7B-9gA9awY
godie-u00h,鬼畜狂刀KYO,Demon Eyes Kyo Samurai Deeper Kyo Japanese voice lines game,4,YvvlGma6COM,Rurouni Kenshin - Opening 1 | 4K 60FPS Creditless,Lavil,94,https://www.youtube.com/watch?v=YvvlGma6COM
godie-u00h,鬼畜狂刀KYO,Demon Eyes Kyo Samurai Deeper Kyo Japanese voice lines game,5,ObyI8zLS8Ow,This Anime Created a Murderer in Japan,akidearest,953,https://www.youtube.com/watch?v=ObyI8zLS8Ow
godie-u00k,死之王,King of Death GGD Original Japanese voice lines game,1,IMeWHcnYgkk,[Update] ''Duelo Maestro'' 100% (Demon) by Nacho21 | Geometry Dash,Nexus [GD],241,https://www.youtube.com/watch?v=IMeWHcnYgkk
godie-u00k,死之王,King of Death GGD Original Japanese voice lines game,2,qrmK0k0PN4c,I WANT SUMO | Viral Commercial | Matter Collective,Matter Collective,30,https://www.youtube.com/watch?v=qrmK0k0PN4c
godie-u00k,死之王,King of Death GGD Original Japanese voice lines game,3,1THUYnq15XE,naruto anime design,น¢hihค,16,https://www.youtube.com/watch?v=1THUYnq15XE
godie-u00k,死之王,King of Death GGD Original Japanese voice lines game,4,MxGBF7Qn7SQ,"GEOMETRY DASH GANGSTER RAP (Official Music Video) [feat. EVW, KingSammelot, Colon]",Boom Kitty,184,https://www.youtube.com/watch?v=MxGBF7Qn7SQ
godie-u00k,死之王,King of Death GGD Original Japanese voice lines game,5,8z4c-F9eMDU,Paramore-Decode  - Cover -Remastered Version- Twilight OST |Gigi De Lana • Jon • Jake • Romeo-Oyus,Gigi de Lana Covers,258,https://www.youtube.com/watch?v=8z4c-F9eMDU
godie-ubal,巴恩大魔王,Vearn Dragon Quest: The Adventure of Dai Japanese voice lines game,1,fIgY58ZYNdw,Dragon Quest: Dai no Daibouken (2020) - Ryuumajin Dai overpowers Vearn!,Daimadoushi Popp,143,https://www.youtube.com/watch?v=fIgY58ZYNdw
godie-ubal,巴恩大魔王,Vearn Dragon Quest: The Adventure of Dai Japanese voice lines game,2,8sDTSMsPH8Y,An Actual Dragon Tries to Burn Down My Building (Doragon Kuesuto - Part 3 feat. CC),Pluvius Lilon Ch. (P-Storm),3542,https://www.youtube.com/watch?v=8sDTSMsPH8Y
godie-ubal,巴恩大魔王,Vearn Dragon Quest: The Adventure of Dai Japanese voice lines game,3,tFuR8G5G-qo,The ULTIMATE DRAGON QUEST VILLAIN Skill?,Leo Djax,162,https://www.youtube.com/watch?v=tFuR8G5G-qo
godie-ubal,巴恩大魔王,Vearn Dragon Quest: The Adventure of Dai Japanese voice lines game,4,k4Zu2LqArqI,Jump Force - Dai Voice (Japanese),ResourceMuseum,410,https://www.youtube.com/watch?v=k4Zu2LqArqI
godie-ubal,巴恩大魔王,Vearn Dragon Quest: The Adventure of Dai Japanese voice lines game,5,wPVgwjHnXA8,All Coup de Grâce (Ultimate Attacks) & Costumes | Infinity Strash: DRAGON QUEST The Adventure of Dai,Vishkujo,805,https://www.youtube.com/watch?v=wPVgwjHnXA8
godie-udea,飛鼠先生,Mr. Flying Squirrel GGD Original Japanese voice lines game,1,orrNDG10V1s,Peppa Pig English Episodes | Fun Play with Peppa and Doh-doh | Play-Doh Show Stop Motion @Play-Doh,George Pig - Official Channel,3585,https://www.youtube.com/watch?v=orrNDG10V1s
godie-e002,Saber,Saber Fate/stay night Japanese voice lines game,1,b_xuQUQvqO4,Saber Japanese Battle Voice Lines,Zenki Ch.,76,https://www.youtube.com/watch?v=b_xuQUQvqO4
godie-e002,Saber,Saber Fate/stay night Japanese voice lines game,2,URHpKGlxh94,SABER ALL VOICE LINES (JAPANESE),THUNDER,573,https://www.youtube.com/watch?v=URHpKGlxh94
godie-e002,Saber,Saber Fate/stay night Japanese voice lines game,3,iJl3M6w-qm4,Saber Alter Excalibur,rettobun,40,https://www.youtube.com/watch?v=iJl3M6w-qm4
godie-e002,Saber,Saber Fate/stay night Japanese voice lines game,4,p5qR4ZF47dY,[FGO NA] Ryougi Shiki (Saber) VA. Maaya Sakamoto Voiced Lines Valentine 2021 Get Chocolate,Dreamfiendx,237,https://www.youtube.com/watch?v=p5qR4ZF47dY
godie-e002,Saber,Saber Fate/stay night Japanese voice lines game,5,KrdBApWwGK8,fate/stay night; gilgamesh's laugh,elisha,10,https://www.youtube.com/watch?v=KrdBApWwGK8
godie-e008,夏娜,Shana Shakugan no Shana Japanese voice lines game,1,DhjCze9zOOo,The Void Voice - SHANA,Crossing Void Global Central,24,https://www.youtube.com/watch?v=DhjCze9zOOo
godie-e008,夏娜,Shana Shakugan no Shana Japanese voice lines game,2,ksg5nHYkqHA,"Shakugan no Shana - ""Being"" (Opening) | ENGLISH ver | AmaLee",LeeandLie (AmaLee),94,https://www.youtube.com/watch?v=ksg5nHYkqHA
godie-e008,夏娜,Shana Shakugan no Shana Japanese voice lines game,3,edqTsioSAq4,Ani-Time Ep 1005,AnimaxAsia,120,https://www.youtube.com/watch?v=edqTsioSAq4
godie-e008,夏娜,Shana Shakugan no Shana Japanese voice lines game,4,RnACKdyYLQA,Random plays of Thresh ~ Joint Nightcore,Jordi Os,222,https://www.youtube.com/watch?v=RnACKdyYLQA
godie-e008,夏娜,Shana Shakugan no Shana Japanese voice lines game,5,kQD1vIB5uLI,Mami Kawada - Joint on Ocarina ( Shakugan no Shana ),HoDKenji,252,https://www.youtube.com/watch?v=kQD1vIB5uLI
godie-edem,宇智波佐助,Sasuke Uchiha Naruto Japanese voice lines game,1,4TxA8lE3ooc,Sasuke & Naruto JP Voice Actor for Kinich & Ajaw (Genshin Impact),Nakura (ナクラ),52,https://www.youtube.com/watch?v=4TxA8lE3ooc
godie-edem,宇智波佐助,Sasuke Uchiha Naruto Japanese voice lines game,2,_Kxw0LZC_f4,Naruto x Boruto Ultimate Ninja Storm Connections - Sasuke Uchiha Voice (Japanese),ResourceMuseum,2573,https://www.youtube.com/watch?v=_Kxw0LZC_f4
godie-edem,宇智波佐助,Sasuke Uchiha Naruto Japanese voice lines game,3,rzxbercicQE,Sasuke have the most baddass movements in Ultimate Ninja 5,Koshinya コシニャ,71,https://www.youtube.com/watch?v=rzxbercicQE
godie-edem,宇智波佐助,Sasuke Uchiha Naruto Japanese voice lines game,4,dZ4rMpw5fAg,Sasuke Voice pack🗡️🗿 | Free to use | Naruto,YUKI 由紀,35,https://www.youtube.com/watch?v=dZ4rMpw5fAg
godie-edem,宇智波佐助,Sasuke Uchiha Naruto Japanese voice lines game,5,1o--LCsrpqw,Jump Force - Sasuke Uchiha Voice (Japanese),ResourceMuseum,349,https://www.youtube.com/watch?v=1o--LCsrpqw
godie-h00l,林克,Link The Legend of Zelda Japanese voice lines game,1,Y6eIKTneJhI,SSB Ultimate: World of Light - Zelda Voice Line (English & Japanese Comparison),Blip Clips,6,https://www.youtube.com/watch?v=Y6eIKTneJhI
godie-h00l,林克,Link The Legend of Zelda Japanese voice lines game,2,Bz_3WHxwFNs,Zelda: Breath of The Wild - English vs Japanese (Voice Acting Comparison),Ataque Crítico,125,https://www.youtube.com/watch?v=Bz_3WHxwFNs
godie-h00l,林克,Link The Legend of Zelda Japanese voice lines game,3,S44_imrGgWc,Rauru Introduction - The Legend of Zelda Tears of the Kingdom (Japanese Dub/English Sub),SONIKAO,105,https://www.youtube.com/watch?v=S44_imrGgWc
godie-h00l,林克,Link The Legend of Zelda Japanese voice lines game,4,cjpHzLYHkwA,Legend of Zelda A Link to the Past SNES Japanese Commercial #1,Zelda Dungeon,72,https://www.youtube.com/watch?v=cjpHzLYHkwA
godie-h00l,林克,Link The Legend of Zelda Japanese voice lines game,5,Gtaa7iFpbPI,"Breath of the Wild - All Memories Cutscenes (Japanese Dub, English Sub)",FateAwaits,1898,https://www.youtube.com/watch?v=Gtaa7iFpbPI
godie-h01n,黑崎一護,Ichigo Kurosaki Bleach Japanese voice lines game,1,7PmfBW1wMY8,Bleach Rebirth of Souls - Ichigo Kurosaki Voice (Japanese),ResourceMuseum,513,https://www.youtube.com/watch?v=7PmfBW1wMY8
godie-h01n,黑崎一護,Ichigo Kurosaki Bleach Japanese voice lines game,2,DQtWkOSRl2g,Bleach Rebirth of Souls - Ichigo Kurosaki (Bankai) Voice (Japanese),ResourceMuseum,306,https://www.youtube.com/watch?v=DQtWkOSRl2g
godie-h01n,黑崎一護,Ichigo Kurosaki Bleach Japanese voice lines game,3,Bc7bSYQbMsA,BBS Ichigo (TYBW Bankai) - Quotes,TheWingedBear,43,https://www.youtube.com/watch?v=Bc7bSYQbMsA
godie-h01n,黑崎一護,Ichigo Kurosaki Bleach Japanese voice lines game,4,oq0RO-cuzt4,Jump Force - Ichigo Kurosaki Voice (Japanese),ResourceMuseum,402,https://www.youtube.com/watch?v=oq0RO-cuzt4
godie-h01n,黑崎一護,Ichigo Kurosaki Bleach Japanese voice lines game,5,PB4vJsF-K60,Onmyoji Arena x BLEACH | Ichigo and Rukia's interactive voice lines,YumpY,76,https://www.youtube.com/watch?v=PB4vJsF-K60
godie-h01u,呂布奉先,Lu Bu Dynasty Warriors Japanese voice lines game,1,jbylAOdVNec,Lu Bu Scenes 4K | Dynasty Warriors Origins (Japanese Voices/English Subtitles),CGTio,444,https://www.youtube.com/watch?v=jbylAOdVNec
godie-h01u,呂布奉先,Lu Bu Dynasty Warriors Japanese voice lines game,2,9fWpGYMgrfI,"Warriors Orochi 3 (PS3) Lu Bu's Quotes Enemy Officer Defeated and 1,000 K.O.",Phongsutorn Aksarachaipruk,19,https://www.youtube.com/watch?v=9fWpGYMgrfI
godie-h01u,呂布奉先,Lu Bu Dynasty Warriors Japanese voice lines game,3,l6kJVBdWeZg,Lu Bu Daughter - Lu Lingqi vs Dong Bai,Lendy Vi,131,https://www.youtube.com/watch?v=l6kJVBdWeZg
godie-h01u,呂布奉先,Lu Bu Dynasty Warriors Japanese voice lines game,4,L9IPYeI8GX0,"Wo Long: Fallen Dynasty - Hu Lao Gate, Dong Zhuo & Lu Bu [English, Japanese, Chinese]",Flortan,450,https://www.youtube.com/watch?v=L9IPYeI8GX0
godie-h01u,呂布奉先,Lu Bu Dynasty Warriors Japanese voice lines game,5,67WvIHH_CSE,DW7 Conquest Voice Clips: Lu Bu,RecRoulette,259,https://www.youtube.com/watch?v=67WvIHH_CSE
godie-h020,莉娜因巴斯,Lina Inverse Slayers Japanese voice lines game,1,p4U9vzVnUxs,HERO: LINA (Voicelines) | #GuardianTales,Elsie Chan,253,https://www.youtube.com/watch?v=p4U9vzVnUxs
godie-h020,莉娜因巴斯,Lina Inverse Slayers Japanese voice lines game,2,y8eHm_5Rf0g,Slayers Try Clip - Lina gets a letter from Luna (English Dub),Wimplo86,78,https://www.youtube.com/watch?v=y8eHm_5Rf0g
godie-h020,莉娜因巴斯,Lina Inverse Slayers Japanese voice lines game,3,C9oo-ZPB5oI,Slayers Opening 1995 HD 1080 (AI Upscale),imangos,98,https://www.youtube.com/watch?v=C9oo-ZPB5oI
godie-h020,莉娜因巴斯,Lina Inverse Slayers Japanese voice lines game,4,-Vw94-CPWyM,Megumi Hayashibara voices Galaxia and Lina Inverse,Codename Sailor Earth,15,https://www.youtube.com/watch?v=-Vw94-CPWyM
godie-h020,莉娜因巴斯,Lina Inverse Slayers Japanese voice lines game,5,TLhp9JiJY7E,"Same Seiyuu: Megumi Hayashibara (voice of Sage in ""Sonic Racing: CrossWorlds""; Japanese dub)",Shinigami_Striker,29,https://www.youtube.com/watch?v=TLhp9JiJY7E
godie-h02r,妙蛙花,Venusaur Pokemon Japanese voice lines game,1,O-AeIXn6spw,The Venusaur Episode,Reference Getter [The Sequel],1869,https://www.youtube.com/watch?v=O-AeIXn6spw
godie-h02r,妙蛙花,Venusaur Pokemon Japanese voice lines game,2,ryYSiH1BnAk,Ivysaur,Pikachu Masterzz,32,https://www.youtube.com/watch?v=ryYSiH1BnAk
godie-h02r,妙蛙花,Venusaur Pokemon Japanese voice lines game,3,52D_JtMy-J8,Venusaur VS Blastoise | Pokemon the Movie I Choose You 2017,Pokemon Movies,30,https://www.youtube.com/watch?v=52D_JtMy-J8
godie-h02r,妙蛙花,Venusaur Pokemon Japanese voice lines game,4,siCJ2SxjyT4,PokeInfo Episode 2: Ivysaur,PokeInfo1000,90,https://www.youtube.com/watch?v=siCJ2SxjyT4
godie-h02r,妙蛙花,Venusaur Pokemon Japanese voice lines game,5,cz_1wD5NfaU,Venusaur V/S Gengar Sludge Bomb 😈,EaglePlays,66,https://www.youtube.com/watch?v=cz_1wD5NfaU
godie-hapm,Berserker,Berserker Fate/stay night Japanese voice lines game,1,0ZhFtyLTnsg,FGO SSR Berserker Cú Chulainn Alter Noble Phantasm Animation Stage 2nd Second Ascension NP Showcase,odds18,20,https://www.youtube.com/watch?v=0ZhFtyLTnsg
godie-hapm,Berserker,Berserker Fate/stay night Japanese voice lines game,2,HcliZFk4LYk,Fate/Extra Saber vs Berserker Week 4 rani route,Ten,827,https://www.youtube.com/watch?v=HcliZFk4LYk
godie-hapm,Berserker,Berserker Fate/stay night Japanese voice lines game,3,yZNro90ywv4,FGO NA - Kiyohime (Berserker)'s Valentine's Scene || Voiced,JasonDoesWhatever,47,https://www.youtube.com/watch?v=yZNro90ywv4
godie-hapm,Berserker,Berserker Fate/stay night Japanese voice lines game,4,PwVs9ErHd0c,FGO SR Berserker - Kriemhild- Noble Phantasm NP Animation,odds18,20,https://www.youtube.com/watch?v=PwVs9ErHd0c
godie-hapm,Berserker,Berserker Fate/stay night Japanese voice lines game,5,-hIEMOGO3Go,I AM THE BONE OF MY SWORD - ARCHER,Anime Music,59,https://www.youtube.com/watch?v=-hIEMOGO3Go
godie-hart,克勞德,Cloud Strife Final Fantasy VII Japanese voice lines game,1,q-IJjky9zH0,CLOUD YOU ASSHOLE Scene (Japanese Voice English Subs) FINAL FANTASY 7 REBIRTH,SubaTUBE,32,https://www.youtube.com/watch?v=q-IJjky9zH0
godie-hart,克勞德,Cloud Strife Final Fantasy VII Japanese voice lines game,2,8GGuOFZm-ns,All Cloud Strife Voice Clips • Dissidia Final Fantasy NT • VII Lines (Takahiro Sakurai) - JAPPANESE,SoundMeFreely,447,https://www.youtube.com/watch?v=8GGuOFZm-ns
godie-hart,克勞德,Cloud Strife Final Fantasy VII Japanese voice lines game,3,iQvGwmTkEG0,Cloud Is Socially Awkward [Japanese Dub],Pumple Pee,23,https://www.youtube.com/watch?v=iQvGwmTkEG0
godie-hart,克勞德,Cloud Strife Final Fantasy VII Japanese voice lines game,4,xietxaIxY4o,Cloud's First Appearance in Crisis Core: Final Fantasy VII - Reunion (Japanese Voice) 4K UHD,Owl-Quest,70,https://www.youtube.com/watch?v=xietxaIxY4o
godie-hart,克勞德,Cloud Strife Final Fantasy VII Japanese voice lines game,5,_GNYHqbhAZY,Voice Comparison - Final Fantasy VII Remake | ファイナルファンタジーVII リメイク | Japanese & English Dub,SelectStartTV,67,https://www.youtube.com/watch?v=_GNYHqbhAZY
godie-huth,魔人普烏,Majin Buu Dragon Ball Japanese voice lines game,1,EwAbrUt1D1w,Dragon Ball Legends - Super Buu (Ultimate Gohan Absorbed) (DBL91-03U) Voice (Japanese),ResourceMuseum,197,https://www.youtube.com/watch?v=EwAbrUt1D1w
godie-huth,魔人普烏,Majin Buu Dragon Ball Japanese voice lines game,2,wtnenXEmUTY,Dragon Ball Xenoverse 2 ~ Majin Buu Quotes in Training Mode (English and Japanese Audio),Beta Brawler,118,https://www.youtube.com/watch?v=wtnenXEmUTY
godie-huth,魔人普烏,Majin Buu Dragon Ball Japanese voice lines game,3,_2dpI87dXXU,Dragon Ball FighterZ #17 - ARC 1 - Majin Buu hates Kid Buu (Japanese Audio/no commentary),TrophyEaster,149,https://www.youtube.com/watch?v=_2dpI87dXXU
godie-huth,魔人普烏,Majin Buu Dragon Ball Japanese voice lines game,4,mtblv05vrEs,DBZ UB22 Voice Clips - Majin Buu,Dee15gon,105,https://www.youtube.com/watch?v=mtblv05vrEs
godie-huth,魔人普烏,Majin Buu Dragon Ball Japanese voice lines game,5,I62ax7V7FkY,Dragon Ball : Sparking! Zero - Super Buu (Ultimate Gohan Absorbed) Voice (Japanese),ResourceMuseum,462,https://www.youtube.com/watch?v=I62ax7V7FkY
godie-hvsh,Rider,Rider Fate/stay night Japanese voice lines game,1,ROkpLKiz_oI,Rider is TALL,SpiralWind,22,https://www.youtube.com/watch?v=ROkpLKiz_oI
godie-hvsh,Rider,Rider Fate/stay night Japanese voice lines game,2,gqAryXNmvoo,Rider Medusa vs. Shirou - Fate/Stay Night: Unlimited Blade Works Ufotable version (English Dub),Abandoned Fragment of Hope,138,https://www.youtube.com/watch?v=gqAryXNmvoo
godie-hvsh,Rider,Rider Fate/stay night Japanese voice lines game,3,qhXqvS7iZio,Fate/Grand Order - Astolfo (Rider) My Room Conversation,Jig Gutierrez,21,https://www.youtube.com/watch?v=qhXqvS7iZio
godie-hvsh,Rider,Rider Fate/stay night Japanese voice lines game,4,vUqzHyadZAA,Fate/stay night: Heaven's Feel II - Rider's Mystic Eyes of Petrification『4K』,Renyuscent,42,https://www.youtube.com/watch?v=vUqzHyadZAA
godie-hvsh,Rider,Rider Fate/stay night Japanese voice lines game,5,hyPw60xozl8,FGO JP - Gudaguda 7 - More Animations and Voice lines from Mr. Blaidd Wolf,Barney Purple,342,https://www.youtube.com/watch?v=hyPw60xozl8
godie-n00b,哆拉A夢,Doraemon Doraemon Japanese voice lines game,1,36U6Q3cP_lU,Doraemon in Japanese with English subtitles | House-Robot gadget! •,Dora-Disub ,308,https://www.youtube.com/watch?v=36U6Q3cP_lU
godie-n00b,哆拉A夢,Doraemon Doraemon Japanese voice lines game,2,nrYa_43Ql6U,Doraemon all characters in real life. #cartoon #doraemon #viralvideo #trending,FactByNafees,87,https://www.youtube.com/watch?v=nrYa_43Ql6U
godie-n00b,哆拉A夢,Doraemon Doraemon Japanese voice lines game,3,R3AWQ_ITprk,FT.  Doraemon - GIGA CHAD EDIT ☠️,GAMING WITH NOBITA,33,https://www.youtube.com/watch?v=R3AWQ_ITprk
godie-n00b,哆拉A夢,Doraemon Doraemon Japanese voice lines game,4,LJxq9WvtT0A,Doraemon Cartoon Flipbook #27 | Nobita Throws Shizuka Flip Book | Flip Book Artist 2022,Flip Book Artist,39,https://www.youtube.com/watch?v=LJxq9WvtT0A
godie-n00b,哆拉A夢,Doraemon Doraemon Japanese voice lines game,5,x-gJI8acWjk,DORAEMON VOICES | First Time EVER | OG Team,The Motor Mouth,3953,https://www.youtube.com/watch?v=x-gJI8acWjk
godie-o00l,傑洛士,Xellos Slayers Japanese voice lines game,1,IAywdBRSs0g,Xellos Voicelines (JP),Elsie Chan,238,https://www.youtube.com/watch?v=IAywdBRSs0g
godie-o00l,傑洛士,Xellos Slayers Japanese voice lines game,2,AB7CU3cwaeY,HERO: XELLOS voicelines | #GuardianTales,Elsie Chan,219,https://www.youtube.com/watch?v=AB7CU3cwaeY
godie-o00l,傑洛士,Xellos Slayers Japanese voice lines game,3,iLf2f0I1dTQ,Tales of the Rays X Slayers Shop Naga (Kawamura Maria) Xellos (Ishida Akira),Alex Risi Chan Gamer,31,https://www.youtube.com/watch?v=iLf2f0I1dTQ
godie-o00l,傑洛士,Xellos Slayers Japanese voice lines game,4,eQ1inuR2oHo,[Slayers SNES] The Death of Xellos (4K version),sunnywithrain,175,https://www.youtube.com/watch?v=eQ1inuR2oHo
godie-o00l,傑洛士,Xellos Slayers Japanese voice lines game,5,TPtqF8-zfDM,Priest Xellos - Story and Skills gameplay | Guardian Tales,Mighty Android world,165,https://www.youtube.com/watch?v=TPtqF8-zfDM
godie-o00x,悟空,Son Goku Dragon Ball Japanese voice lines game,1,rE5QOM4tslM,DRAGON BALL GT FINAL BOUT - Screen Select japanese voices all characters,CYBER-GAMEZ,249,https://www.youtube.com/watch?v=rE5QOM4tslM
godie-o00x,悟空,Son Goku Dragon Ball Japanese voice lines game,2,GRvdTw9GXd8,Dragon Ball Legends - Goku Black (DBL-EVT-70S) Voice (Japanese),ResourceMuseum,5,https://www.youtube.com/watch?v=GRvdTw9GXd8
godie-o00x,悟空,Son Goku Dragon Ball Japanese voice lines game,3,trWbT5axm5U,DBFZ - Base Goku Super Spirit Bomb Voicelines (Japanese),Jet Set Jiro,17,https://www.youtube.com/watch?v=trWbT5axm5U
godie-o00x,悟空,Son Goku Dragon Ball Japanese voice lines game,4,m1g2aFOPPjc,Dragon Ball FighterZ - Goku Voice (Japanese),ResourceMuseum,561,https://www.youtube.com/watch?v=m1g2aFOPPjc
godie-o00x,悟空,Son Goku Dragon Ball Japanese voice lines game,5,KVI5Pdzs7RE,"DBFZ - Goku Black ""The Work of a God"" Level 3 Voicelines (Japanese)",Jet Set Jiro,14,https://www.youtube.com/watch?v=KVI5Pdzs7RE
godie-o02p,初音,Hatsune Miku Vocaloid Japanese voice lines game,1,IUx2eKdEhAo,Project Sekai |「The Intense Voice of Hatsune Miku」[EXPERT] ALL PERFECT!,Sapphirazurite,192,https://www.youtube.com/watch?v=IUx2eKdEhAo
godie-o02p,初音,Hatsune Miku Vocaloid Japanese voice lines game,2,A7KbelltKEM,HoYoHoYoにしてあげる♪ / 初音ミク×銀狼LV.999【崩壊：スターレイル】,Hatsune Miku,114,https://www.youtube.com/watch?v=A7KbelltKEM
godie-o02p,初音,Hatsune Miku Vocaloid Japanese voice lines game,3,WyBI7fJg4ms,[SFM] Hatsune Miku Loves Shopping! (So does V1),Mirabeau Studios,26,https://www.youtube.com/watch?v=WyBI7fJg4ms
godie-o02p,初音,Hatsune Miku Vocaloid Japanese voice lines game,4,vSnKX7kAgIc,[60fps Full風] Magnet マグネット-Hatsune Miku Megurine Luka 初音ミク 巡音ルカ DIVA English lyrics romaji subtitles,googoo888,242,https://www.youtube.com/watch?v=vSnKX7kAgIc
godie-o02p,初音,Hatsune Miku Vocaloid Japanese voice lines game,5,ns7jeST41SM,[60fps Full風] サンドリヨン Cendrillon - Hatsune Miku KAITO 初音ミク カイト Project DIVA English lyrics Romaji PDA,googoo888,279,https://www.youtube.com/watch?v=ns7jeST41SM
godie-ofar,皮卡丘,Pikachu Pokemon Japanese voice lines game,1,mzCpCuBLuX8,Pikachu's Lively Voiced Stickers | Line Sticker Showcase,Nintendo Wire,92,https://www.youtube.com/watch?v=mzCpCuBLuX8
godie-ofar,皮卡丘,Pikachu Pokemon Japanese voice lines game,2,vidMsubS3DE,Pikachus voice actor (english subtitles),soccerking4life,35,https://www.youtube.com/watch?v=vidMsubS3DE
godie-ofar,皮卡丘,Pikachu Pokemon Japanese voice lines game,3,c2HnCM8a0ls,"Detective Pikachu Japanese Dub ""Singing Scene""",Mean Kitty,21,https://www.youtube.com/watch?v=c2HnCM8a0ls
godie-ofar,皮卡丘,Pikachu Pokemon Japanese voice lines game,4,Zx2CBt72Ji8,Pikachu can mimic any Pokemon in existence!,Pokémon Clips,126,https://www.youtube.com/watch?v=Zx2CBt72Ji8
godie-ofar,皮卡丘,Pikachu Pokemon Japanese voice lines game,5,SS5U5I_OquE,Why doesn't Pikachu's voice sound like it used to?,Thomas Game Docs,843,https://www.youtube.com/watch?v=SS5U5I_OquE
godie-u00l,拳四郎,Kenshiro Fist of the North Star Japanese voice lines game,1,PL54fx1JNO8,J-Stars Victory Vs+ - Kenshiro Voice (Japanese),ResourceMuseum,422,https://www.youtube.com/watch?v=PL54fx1JNO8
godie-u00l,拳四郎,Kenshiro Fist of the North Star Japanese voice lines game,2,Mlcoru-WS08,Fist of the North Star LEGENDS ReVIVE - Divine Grace Kenshiro Kasumi Voice (Japanese),ResourceMuseum,43,https://www.youtube.com/watch?v=Mlcoru-WS08
godie-u00l,拳四郎,Kenshiro Fist of the North Star Japanese voice lines game,3,ieCjGI9GjY8,Fist of the North Star LEGENDS ReVIVE - Heart Voice (Japanese),ResourceMuseum,74,https://www.youtube.com/watch?v=ieCjGI9GjY8
godie-u00l,拳四郎,Kenshiro Fist of the North Star Japanese voice lines game,4,S1FqpmodBjo,Fist of the North Star LEGENDS ReVIVE - Lost Paradise Kenshiro Voice (Japanese),ResourceMuseum,46,https://www.youtube.com/watch?v=S1FqpmodBjo
godie-u00l,拳四郎,Kenshiro Fist of the North Star Japanese voice lines game,5,hscrew-1qbU,Fist of the North Star LEGENDS ReVIVE - Yasaka Voice (Japanese),ResourceMuseum,210,https://www.youtube.com/watch?v=hscrew-1qbU
godie-u00n,蒙其.D.魯夫,Monkey D. Luffy One Piece Japanese voice lines game,1,dtXT8Dd-jz8,One Piece Bounty Rush - 2 Years Later Captain Monkey D. Luffy Voice (Japanese),ResourceMuseum,40,https://www.youtube.com/watch?v=dtXT8Dd-jz8
godie-u00n,蒙其.D.魯夫,Monkey D. Luffy One Piece Japanese voice lines game,2,qketp3TRAfo,One Piece Bounty Rush - FILM RED Monkey D. Luffy Voice (Japanese),ResourceMuseum,26,https://www.youtube.com/watch?v=qketp3TRAfo
godie-u00n,蒙其.D.魯夫,Monkey D. Luffy One Piece Japanese voice lines game,3,LeH0-52mYhw,One Piece Bounty Rush - The Four Emperors Monkey D. Luffy Voice (Japanese),ResourceMuseum,53,https://www.youtube.com/watch?v=LeH0-52mYhw
godie-u00n,蒙其.D.魯夫,Monkey D. Luffy One Piece Japanese voice lines game,4,ouxb7q8FBl4,One Piece Bounty Rush - 30 Million Berry Bounty Monkey D. Luffy Voice (Japanese),ResourceMuseum,29,https://www.youtube.com/watch?v=ouxb7q8FBl4
godie-u00n,蒙其.D.魯夫,Monkey D. Luffy One Piece Japanese voice lines game,5,lBXQmpVsaW8,Jump Force - Monkey D. Luffy Voice (Japanese),ResourceMuseum,640,https://www.youtube.com/watch?v=lBXQmpVsaW8
godie-u010,飛影,Hiei Yu Yu Hakusho Japanese voice lines game,1,WtNutT3yGe0,Jump Force - Hiei Voice (Japanese),ResourceMuseum,353,https://www.youtube.com/watch?v=WtNutT3yGe0
godie-u010,飛影,Hiei Yu Yu Hakusho Japanese voice lines game,2,lqLSwIloT8c,J-Stars Victory Vs+ - Hiei Voice (Japanese),ResourceMuseum,498,https://www.youtube.com/watch?v=lqLSwIloT8c
godie-u010,飛影,Hiei Yu Yu Hakusho Japanese voice lines game,3,BkeNsMZ-cFg,"Yu Yu Hakusho, Best Hiei Quote",THE ANIME VOID ,37,https://www.youtube.com/watch?v=BkeNsMZ-cFg
godie-u010,飛影,Hiei Yu Yu Hakusho Japanese voice lines game,4,6jPEGSXCcw0,Hiei’s Dragon of the Darkness Flame 2018 OVA,Macy,15,https://www.youtube.com/watch?v=6jPEGSXCcw0
godie-u010,飛影,Hiei Yu Yu Hakusho Japanese voice lines game,5,xKMiI2UgPpA,Hiei Acting Completely Out of Character (Yuyu Hakusho),Suhalla,55,https://www.youtube.com/watch?v=xKMiI2UgPpA
godie-u01u,索隆,Roronoa Zoro One Piece Japanese voice lines game,1,i5W0B0d5fe0,One Piece Bounty Rush - 2 Years Later Combatant Roronoa Zoro Voice (Japanese),ResourceMuseum,32,https://www.youtube.com/watch?v=i5W0B0d5fe0
godie-u01u,索隆,Roronoa Zoro One Piece Japanese voice lines game,2,bEiiFBzHjds,Jump Force - Roronoa Zoro Voice (Japanese),ResourceMuseum,365,https://www.youtube.com/watch?v=bEiiFBzHjds
godie-u01u,索隆,Roronoa Zoro One Piece Japanese voice lines game,3,T9EGKw8qemk,One Piece Bounty Rush - The Billion-Fold World Trichiliocosm Roronoa Zoro Voice (Japanese),ResourceMuseum,29,https://www.youtube.com/watch?v=T9EGKw8qemk
godie-u01u,索隆,Roronoa Zoro One Piece Japanese voice lines game,4,-R1RjQ-eJqc,One Piece Bounty Rush - Egghead Roronoa Zoro Voice (Japanese),ResourceMuseum,31,https://www.youtube.com/watch?v=-R1RjQ-eJqc
godie-u01u,索隆,Roronoa Zoro One Piece Japanese voice lines game,5,JEQRW1pZ9t0,One Piece Bounty Rush - Raid on Onigashima Roronoa Zoro Voice (Japanese),ResourceMuseum,40,https://www.youtube.com/watch?v=JEQRW1pZ9t0
